,player_id,datetime,minutes,predmin
0,252,2024-09-21,0,0
1,252,2024-09-28,0,0
2,252,2024-10-06,0,0
3,252,2024-10-20,0,0
4,252,2024-10-27,0,0
5,252,2024-11-03,0,0
6,252,2024-11-10,0,0
7,252,2024-11-23,0,0
8,252,2024-12-01,0,0
9,252,2024-12-04,90,0
10,252,2024-12-08,0,60
11,252,2024-12-15,0,34
12,252,2024-12-22,0,29
13,252,2024-12-26,0,26
14,252,2024-12-30,90,0
15,252,2025-01-04,0,59
16,252,2025-01-14,0,34
17,252,2025-01-20,0,29
18,252,2025-01-25,0,27
19,252,2025-02-03,90,0
20,252,2025-02-14,90,60
21,252,2025-02-22,90,81
22,252,2025-02-25,90,90
23,252,2025-03-09,0,90
24,252,2025-03-16,0,42
25,252,2025-04-03,0,28
26,252,2025-04-06,0,25
27,252,2025-04-13,0,0
28,252,2025-04-20,0,0
29,252,2025-04-26,0,0
30,252,2025-05-04,0,0
31,252,2025-05-11,0,0
32,252,2025-05-16,0,0
33,107,2024-09-21,90,34
34,107,2024-09-30,90,85
35,107,2024-10-05,90,90
36,107,2024-10-19,90,90
37,107,2024-10-26,0,90
38,107,2024-11-02,0,41
39,107,2024-11-09,90,28
40,107,2024-11-23,90,79
41,107,2024-11-30,90,79
42,107,2024-12-05,90,90
43,107,2024-12-08,90,90
44,107,2024-12-16,90,90
45,107,2024-12-22,90,90
46,107,2024-12-26,90,90
47,107,2024-12-29,90,90
48,107,2025-01-04,0,90
49,107,2025-01-14,0,40
50,107,2025-01-18,90,28
51,107,2025-01-25,90,81
52,107,2025-02-01,90,85
53,107,2025-02-15,90,90
54,107,2025-02-22,90,90
55,107,2025-02-25,90,90
56,107,2025-03-09,90,90
57,107,2025-03-15,90,90
58,107,2025-04-02,90,90
59,107,2025-04-05,90,90
60,107,2025-04-14,90,90
61,107,2025-04-19,90,90
62,107,2025-04-27,90,90
63,107,2025-05-03,90,90
64,107,2025-05-10,90,90
65,107,2025-05-20,90,90
66,107,2023-08-13,0,90
67,107,2023-09-17,0,0
68,107,2023-09-24,0,0
69,107,2023-10-02,0,0
70,107,2023-10-07,0,0
71,107,2023-10-21,0,0
72,107,2023-10-28,0,0
73,107,2023-11-06,0,0
74,107,2023-11-12,0,0
75,107,2023-11-25,0,0
76,107,2023-12-03,0,0
77,107,2023-12-06,0,0
78,107,2023-12-10,0,0
79,107,2023-12-16,0,0
80,107,2023-12-24,0,0
81,107,2023-12-27,0,0
82,107,2023-12-30,0,0
83,107,2024-01-13,0,0
84,107,2024-01-31,0,0
85,107,2024-02-04,0,0
86,107,2024-02-12,0,0
87,107,2024-02-17,0,0
88,107,2024-03-02,0,0
89,107,2024-03-11,0,0
90,107,2024-03-30,0,0
91,107,2024-04-04,0,0
92,107,2024-04-07,0,0
93,107,2024-04-15,0,0
94,107,2024-04-23,0,0
95,107,2024-04-27,0,0
96,107,2024-05-02,0,0
97,107,2024-05-05,0,0
98,107,2024-05-11,0,0
99,107,2024-05-15,0,0
100,107,2024-05-19,0,0
101,107,2022-08-06,0,0
102,107,2022-08-30,0,0
103,107,2022-09-03,0,0
104,107,2022-10-01,90,0
105,107,2022-10-08,90,59
106,107,2022-10-16,90,85
107,107,2022-10-19,90,90
108,107,2022-10-22,90,90
109,107,2022-10-29,45,90
110,107,2022-11-06,0,64
111,107,2022-11-12,0,35
112,107,2022-12-27,90,29
113,107,2023-01-01,90,86
114,107,2023-01-05,90,89
115,107,2023-01-12,90,90
116,107,2023-01-15,90,90
117,107,2023-01-21,90,90
118,107,2023-02-03,90,90
119,107,2023-02-11,90,90
120,107,2023-02-18,90,90
121,107,2023-02-26,90,90
122,107,2023-03-04,90,90
123,107,2023-03-11,90,90
124,107,2023-03-18,90,90
125,107,2023-04-01,90,90
126,107,2023-04-04,90,90
127,107,2023-04-08,90,90
128,107,2023-04-15,90,90
129,107,2023-04-26,90,90
130,107,2023-05-02,90,90
131,107,2023-05-06,90,90
132,107,2023-05-13,0,90
133,107,2023-05-21,90,42
134,107,2023-05-25,90,84
135,107,2023-05-28,90,90
136,419,2024-09-21,0,0
137,419,2024-09-28,0,0
138,419,2024-10-05,0,0
139,419,2024-10-19,0,0
140,419,2024-10-25,0,0
141,419,2024-11-02,0,0
142,419,2024-11-10,0,0
143,419,2024-11-23,0,0
144,419,2024-11-30,0,0
145,419,2024-12-03,0,0
146,419,2024-12-08,0,0
147,419,2024-12-14,0,0
148,419,2024-12-22,0,0
149,419,2024-12-26,0,0
150,419,2024-12-29,0,0
151,419,2025-01-04,0,0
152,419,2025-01-15,0,0
153,419,2025-01-18,0,0
154,419,2025-01-26,0,0
155,419,2025-02-01,0,0
156,419,2025-02-15,0,0
157,419,2025-02-21,0,0
158,419,2025-02-27,0,0
159,419,2025-03-09,0,0
160,419,2025-03-16,0,0
161,419,2025-04-02,0,0
162,419,2025-04-07,0,0
163,419,2025-04-12,0,0
164,419,2025-04-20,0,0
165,419,2025-04-26,0,0
166,419,2025-05-03,0,0
167,419,2025-05-11,0,0
168,419,2025-05-18,0,0
169,419,2022-08-07,0,0
170,419,2022-09-01,0,0
171,419,2022-09-04,0,0
172,419,2022-09-17,0,0
173,419,2022-10-03,0,0
174,419,2022-10-08,0,0
175,419,2022-10-15,0,0
176,419,2022-10-20,0,0
177,419,2022-10-23,0,0
178,419,2022-10-29,0,0
179,419,2022-11-05,0,0
180,419,2022-11-12,0,0
181,419,2022-12-26,0,0
182,419,2022-12-30,0,0
183,419,2023-01-03,0,0
184,419,2023-01-14,0,0
185,419,2023-01-21,0,0
186,419,2023-02-04,0,0
187,419,2023-02-11,0,0
188,419,2023-02-19,0,0
189,419,2023-02-25,0,0
190,419,2023-03-04,0,0
191,419,2023-03-11,0,0
192,419,2023-03-18,90,0
193,419,2023-04-01,90,57
194,419,2023-04-04,90,83
195,419,2023-04-08,90,90
196,419,2023-04-15,90,90
197,419,2023-04-22,90,90
198,419,2023-04-25,90,90
199,419,2023-05-01,90,90
200,419,2023-05-08,90,90
201,419,2023-05-15,90,90
202,419,2023-05-22,90,90
203,419,2023-05-28,90,90
204,65,2024-09-21,0,0
205,65,2024-09-29,0,0
206,65,2024-10-06,0,0
207,65,2024-10-19,0,0
208,65,2024-10-26,0,0
209,65,2024-11-03,0,0
210,65,2024-11-09,0,0
211,65,2024-11-23,0,0
212,65,2024-12-01,0,0
213,65,2024-12-04,0,0
214,65,2024-12-07,0,0
215,65,2024-12-14,0,0
216,65,2024-12-21,0,0
217,65,2024-12-26,0,0
218,65,2024-12-30,0,0
219,65,2025-01-04,0,0
220,65,2025-01-15,0,0
221,65,2025-01-18,0,0
222,65,2025-01-26,0,0
223,65,2025-02-01,0,0
224,65,2025-02-15,0,0
225,65,2025-02-19,0,0
226,65,2025-02-22,0,0
227,65,2025-02-25,0,0
228,65,2025-03-08,0,0
229,65,2025-04-02,0,0
230,65,2025-04-05,0,0
231,65,2025-04-12,0,0
232,65,2025-04-19,0,0
233,65,2025-04-22,0,0
234,65,2025-05-03,0,0
235,65,2025-05-10,0,0
236,65,2025-05-16,0,0
237,65,2023-08-12,0,0
238,65,2023-09-16,0,0
239,65,2023-09-24,0,0
240,65,2023-09-30,0,0
241,65,2023-10-08,0,0
242,65,2023-10-22,0,0
243,65,2023-10-29,0,0
244,65,2023-11-05,0,0
245,65,2023-11-12,0,0
246,65,2023-11-26,0,0
247,65,2023-12-03,0,0
248,65,2023-12-06,0,0
249,65,2023-12-09,0,0
250,65,2023-12-17,0,0
251,65,2023-12-22,0,0
252,65,2023-12-26,0,0
253,65,2023-12-30,0,0
254,65,2024-01-14,0,0
255,65,2024-01-30,0,0
256,65,2024-02-03,0,0
257,65,2024-02-11,0,0
258,65,2024-02-17,0,0
259,65,2024-02-24,0,0
260,65,2024-03-02,0,0
261,65,2024-03-10,0,0
262,65,2024-03-17,0,0
263,65,2024-03-30,0,0
264,65,2024-04-03,0,0
265,65,2024-04-06,0,0
266,65,2024-04-14,0,0
267,65,2024-04-21,0,0
268,65,2024-04-27,0,0
269,65,2024-05-05,0,0
270,65,2024-05-13,0,0
271,65,2024-05-19,0,0
272,65,2023-01-21,0,0
273,65,2023-02-25,0,0
274,65,2023-03-04,0,0
275,65,2023-03-12,0,0
276,65,2023-03-18,0,0
277,65,2023-04-01,0,0
278,65,2023-04-04,0,0
279,65,2023-04-08,0,0
280,65,2023-04-15,0,0
281,65,2023-04-22,0,0
282,65,2023-04-25,0,0
283,65,2023-04-30,0,0
284,65,2023-05-06,0,0
285,65,2023-05-13,0,0
286,65,2023-05-20,0,0
287,65,2023-05-28,0,0
288,128,2024-09-21,90,90
289,128,2024-09-28,90,90
290,128,2024-10-05,90,90
291,128,2024-10-19,90,90
292,128,2024-10-26,90,90
293,128,2024-11-04,90,90
294,128,2024-11-09,90,90
295,128,2024-11-23,90,90
296,128,2024-11-30,90,90
297,128,2024-12-04,90,90
298,128,2024-12-07,90,90
299,128,2024-12-15,90,90
300,128,2024-12-21,90,90
301,128,2024-12-27,35,90
302,128,2025-01-01,90,60
303,128,2025-01-04,90,90
304,128,2025-01-14,90,90
305,128,2025-01-18,90,90
306,128,2025-01-26,90,90
307,128,2025-02-02,0,90
308,128,2025-02-15,90,40
309,128,2025-02-21,90,86
310,128,2025-02-26,90,90
311,128,2025-03-08,90,90
312,128,2025-03-15,90,90
313,128,2025-04-02,90,90
314,128,2025-04-06,90,90
315,128,2025-04-12,90,90
316,128,2025-04-19,90,90
317,128,2025-05-01,90,90
318,128,2025-05-04,90,90
319,128,2025-05-10,90,90
320,128,2025-05-18,90,90
321,128,2023-08-13,90,90
322,128,2023-09-16,90,90
323,128,2023-09-23,90,90
324,128,2023-10-01,90,90
325,128,2023-10-21,90,90
326,128,2023-10-28,90,90
327,128,2023-11-04,45,90
328,128,2023-11-12,90,62
329,128,2023-11-25,90,90
330,128,2023-12-02,90,90
331,128,2023-12-06,90,90
332,128,2023-12-09,90,90
333,128,2023-12-17,90,90
334,128,2023-12-27,90,90
335,128,2023-12-30,90,90
336,128,2024-01-20,90,90
337,128,2024-01-31,90,90
338,128,2024-02-05,90,90
339,128,2024-02-10,90,90
340,128,2024-02-17,90,90
341,128,2024-02-20,90,90
342,128,2024-02-26,90,90
343,128,2024-03-02,90,90
344,128,2024-03-09,90,90
345,128,2024-03-16,90,90
346,128,2024-03-30,90,90
347,128,2024-04-03,90,90
348,128,2024-04-06,90,90
349,128,2024-04-13,90,90
350,128,2024-04-20,90,90
351,128,2024-04-27,90,90
352,128,2024-05-04,90,90
353,128,2024-05-11,90,90
354,128,2024-05-19,90,90
355,288,2024-09-21,0,0
356,288,2024-09-28,0,0
357,288,2024-10-05,0,0
358,288,2024-10-21,0,0
359,288,2024-10-27,0,0
360,288,2024-11-02,0,0
361,288,2024-11-09,0,0
362,288,2024-11-23,0,0
363,288,2024-11-30,0,0
364,288,2024-12-03,0,0
365,288,2024-12-07,0,0
366,288,2024-12-15,0,0
367,288,2024-12-21,0,0
368,288,2024-12-26,0,0
369,288,2024-12-29,0,0
370,288,2025-01-04,0,0
371,288,2025-01-15,0,0
372,288,2025-01-18,0,0
373,288,2025-01-26,0,0
374,288,2025-02-02,0,0
375,288,2025-02-15,0,0
376,288,2025-02-22,0,0
377,288,2025-02-25,0,0
378,288,2025-03-08,0,0
379,288,2025-04-02,0,0
380,288,2025-04-05,0,0
381,288,2025-04-16,0,0
382,288,2025-04-19,0,0
383,288,2025-04-23,0,0
384,288,2025-05-05,0,0
385,288,2025-05-11,0,0
386,288,2025-05-20,0,0
387,288,2023-08-12,90,0
388,288,2023-09-18,90,90
389,288,2023-09-23,90,90
390,288,2023-10-01,90,90
391,288,2023-10-07,90,90
392,288,2023-10-21,90,90
393,288,2023-10-29,90,90
394,288,2023-11-05,0,90
395,288,2023-11-12,0,41
396,288,2023-11-25,0,29
397,288,2023-12-02,0,25
398,288,2023-12-06,0,0
399,288,2023-12-09,90,0
400,288,2023-12-15,90,59
401,288,2023-12-23,90,83
402,288,2023-12-26,90,90
403,288,2023-12-30,90,90
404,288,2024-01-20,90,90
405,288,2024-01-30,90,90
406,288,2024-02-04,0,90
407,288,2024-02-10,0,40
408,288,2024-02-17,0,29
409,288,2024-02-24,0,25
410,288,2024-03-02,0,0
411,288,2024-03-10,0,0
412,288,2024-03-16,0,0
413,288,2024-03-30,0,0
414,288,2024-04-02,0,0
415,288,2024-04-07,0,0
416,288,2024-04-13,0,0
417,288,2024-04-21,0,0
418,288,2024-04-28,0,0
419,288,2024-05-04,0,0
420,288,2024-05-11,0,0
421,288,2024-05-19,0,0
422,288,2022-08-05,0,0
423,288,2022-08-31,0,0
424,288,2022-09-04,0,0
425,288,2022-09-18,0,0
426,288,2022-10-01,0,0
427,288,2022-10-09,0,0
428,288,2022-10-16,0,0
429,288,2022-10-23,0,0
430,288,2022-10-30,0,0
431,288,2022-11-06,0,0
432,288,2022-11-12,0,0
433,288,2022-12-26,0,0
434,288,2022-12-31,0,0
435,288,2023-01-03,0,0
436,288,2023-01-15,0,0
437,288,2023-01-22,0,0
438,288,2023-02-04,0,0
439,288,2023-02-11,0,0
440,288,2023-02-15,0,0
441,288,2023-02-18,0,0
442,288,2023-02-25,0,0
443,288,2023-03-01,0,0
444,288,2023-03-04,0,0
445,288,2023-03-12,0,0
446,288,2023-03-19,0,0
447,288,2023-04-01,0,0
448,288,2023-04-09,0,0
449,288,2023-04-16,0,0
450,288,2023-04-21,0,0
451,288,2023-04-26,0,0
452,288,2023-05-02,0,0
453,288,2023-05-07,0,0
454,288,2023-05-14,0,0
455,288,2023-05-20,0,0
456,288,2023-05-28,0,0
457,781,2024-09-21,0,28
458,781,2024-09-28,0,25
459,781,2024-10-05,0,0
460,781,2024-10-20,90,0
461,781,2024-10-26,90,60
462,781,2024-11-02,90,82
463,781,2024-11-09,90,90
464,781,2024-11-23,90,90
465,781,2024-11-30,90,90
466,781,2024-12-04,90,90
467,781,2024-12-09,0,90
468,781,2024-12-14,0,40
469,781,2024-12-22,90,30
470,781,2024-12-26,90,84
471,781,2024-12-29,90,90
472,781,2025-01-06,90,90
473,781,2025-01-15,90,90
474,781,2025-01-20,90,90
475,781,2025-01-25,90,90
476,781,2025-02-01,90,90
477,781,2025-02-16,90,90
478,781,2025-02-22,90,90
479,781,2025-02-25,90,90
480,781,2025-03-08,90,90
481,781,2025-03-15,90,90
482,781,2025-04-01,90,90
483,781,2025-04-05,90,90
484,781,2025-04-13,90,90
485,781,2025-04-20,0,90
486,781,2025-04-26,90,39
487,781,2025-05-02,90,88
488,781,2025-05-10,90,90
489,781,2025-05-20,0,90
490,781,2023-08-14,90,41
491,781,2023-09-16,90,90
492,781,2023-09-23,90,90
493,781,2023-09-30,90,90
494,781,2023-10-08,90,90
495,781,2023-10-21,90,90
496,781,2023-10-28,90,90
497,781,2023-11-04,90,90
498,781,2023-11-11,90,90
499,781,2023-11-27,90,90
500,781,2023-12-02,22,90
501,781,2023-12-05,0,47
502,781,2023-12-09,90,31
503,781,2023-12-17,0,81
504,781,2023-12-24,90,36
505,781,2023-12-27,90,85
506,781,2023-12-30,90,90
507,781,2024-01-22,90,90
508,781,2024-02-01,90,90
509,781,2024-02-04,90,90
510,781,2024-02-10,90,90
511,781,2024-02-17,90,90
512,781,2024-02-25,90,90
513,781,2024-03-02,45,90
514,781,2024-03-09,90,62
515,781,2024-03-30,90,90
516,781,2024-04-02,90,90
517,781,2024-04-06,90,90
518,781,2024-04-13,90,90
519,781,2024-04-20,90,90
520,781,2024-04-24,90,90
521,781,2024-04-27,90,90
522,781,2024-05-04,90,90
523,781,2024-05-11,0,90
524,781,2024-05-19,90,41
525,781,2022-08-06,90,90
526,781,2022-08-31,90,90
527,781,2022-09-03,90,90
528,781,2022-09-17,90,90
529,781,2022-10-01,90,90
530,781,2022-10-08,90,90
531,781,2022-10-15,90,90
532,781,2022-10-18,90,90
533,781,2022-10-23,90,90
534,781,2022-10-29,90,90
535,781,2022-11-05,90,90
536,781,2022-11-12,90,90
537,781,2022-12-26,90,90
538,781,2022-12-31,90,90
539,781,2023-01-04,90,90
540,781,2023-01-14,90,90
541,781,2023-01-22,90,90
542,781,2023-02-04,90,90
543,781,2023-02-11,90,90
544,781,2023-02-18,90,90
545,781,2023-02-24,90,90
546,781,2023-03-01,90,90
547,781,2023-03-04,90,90
548,781,2023-03-12,90,90
549,781,2023-03-18,90,90
550,781,2023-04-01,90,90
551,781,2023-04-08,90,90
552,781,2023-04-15,90,90
553,781,2023-04-22,90,90
554,781,2023-04-25,90,90
555,781,2023-04-29,90,90
556,781,2023-05-06,90,90
557,781,2023-05-13,0,90
558,781,2023-05-20,0,41
559,781,2023-05-28,90,29
560,763,2024-09-21,0,0
561,763,2024-09-28,0,0
562,763,2024-10-05,0,0
563,763,2024-10-20,0,0
564,763,2024-10-26,0,0
565,763,2024-11-02,0,0
566,763,2024-11-09,0,0
567,763,2024-11-23,0,0
568,763,2024-11-30,0,0
569,763,2024-12-04,0,0
570,763,2024-12-09,0,0
571,763,2024-12-14,0,0
572,763,2024-12-22,0,0
573,763,2024-12-26,0,0
574,763,2024-12-29,0,0
575,763,2025-01-06,0,0
576,763,2025-01-15,0,0
577,763,2025-01-20,0,0
578,763,2025-01-25,0,0
579,763,2025-02-01,0,0
580,763,2025-02-16,0,0
581,763,2025-02-22,0,0
582,763,2025-02-25,0,0
583,763,2025-03-08,0,0
584,763,2025-03-15,0,0
585,763,2025-04-01,0,0
586,763,2025-04-05,0,0
587,763,2025-04-13,0,0
588,763,2025-04-20,90,0
589,763,2025-04-26,0,61
590,763,2025-05-02,0,35
591,763,2025-05-10,0,28
592,763,2025-05-20,90,24
593,763,2023-08-14,0,61
594,763,2023-09-16,0,0
595,763,2023-09-23,0,0
596,763,2023-09-30,0,0
597,763,2023-10-08,0,0
598,763,2023-10-21,0,0
599,763,2023-10-28,0,0
600,763,2023-11-04,0,0
601,763,2023-11-11,0,0
602,763,2023-11-27,0,0
603,763,2023-12-02,67,0
604,763,2023-12-05,90,60
605,763,2023-12-09,0,88
606,763,2023-12-17,90,43
607,763,2023-12-24,0,82
608,763,2023-12-27,0,41
609,763,2023-12-30,0,30
610,763,2024-01-22,0,27
611,763,2024-02-01,0,0
612,763,2024-02-04,0,0
613,763,2024-02-10,0,0
614,763,2024-02-17,0,0
615,763,2024-02-25,0,0
616,763,2024-03-02,45,0
617,763,2024-03-09,0,48
618,763,2024-03-30,0,27
619,763,2024-04-02,0,5
620,763,2024-04-06,0,26
621,763,2024-04-13,0,0
622,763,2024-04-20,0,0
623,763,2024-04-24,0,0
624,763,2024-04-27,0,0
625,763,2024-05-04,0,0
626,763,2024-05-11,90,0
627,763,2024-05-19,0,56
628,763,2023-02-04,0,33
629,763,2023-03-01,0,0
630,763,2023-03-04,0,0
631,763,2023-03-12,0,0
632,763,2023-03-18,0,0
633,763,2023-04-01,0,0
634,763,2023-04-08,0,0
635,763,2023-04-15,0,0
636,763,2023-04-22,0,0
637,763,2023-04-25,0,0
638,763,2023-04-29,0,0
639,763,2023-05-06,0,0
640,763,2023-05-13,90,0
641,763,2023-05-20,90,66
642,763,2023-05-28,0,87
643,22,2024-09-22,0,29
644,22,2024-09-28,0,25
645,22,2024-10-05,0,0
646,22,2024-10-19,0,0
647,22,2024-10-27,0,0
648,22,2024-11-02,0,0
649,22,2024-11-10,0,0
650,22,2024-11-23,0,0
651,22,2024-11-30,0,0
652,22,2024-12-04,0,0
653,22,2024-12-08,0,0
654,22,2024-12-14,0,0
655,22,2024-12-21,0,0
656,22,2024-12-27,0,0
657,22,2025-01-01,0,0
658,22,2025-01-04,0,0
659,22,2025-01-15,0,0
660,22,2025-01-18,0,0
661,22,2025-01-25,0,0
662,22,2025-02-02,0,0
663,22,2025-02-15,0,0
664,22,2025-02-22,0,0
665,22,2025-02-26,0,0
666,22,2025-03-09,0,0
667,22,2025-03-16,0,0
668,22,2025-04-01,0,0
669,22,2025-04-05,0,0
670,22,2025-04-12,0,0
671,22,2025-04-20,0,0
672,22,2025-04-23,0,0
673,22,2025-05-03,0,0
674,22,2025-05-11,0,0
675,22,2025-05-18,0,0
676,22,2023-08-12,90,0
677,22,2023-09-17,90,90
678,22,2023-09-24,90,90
679,22,2023-09-30,90,90
680,22,2023-10-07,90,90
681,22,2023-10-21,90,90
682,22,2023-10-28,0,90
683,22,2023-11-04,0,41
684,22,2023-11-11,90,28
685,22,2023-11-25,90,84
686,22,2023-12-03,90,84
687,22,2023-12-06,90,90
688,22,2023-12-09,90,90
689,22,2023-12-23,90,90
690,22,2023-12-26,90,90
691,22,2023-12-31,90,90
692,22,2024-01-21,90,90
693,22,2024-02-01,90,90
694,22,2024-02-04,90,90
695,22,2024-02-10,90,90
696,22,2024-02-17,90,90
697,22,2024-02-24,90,90
698,22,2024-03-03,90,90
699,22,2024-03-09,90,90
700,22,2024-03-13,90,90
701,22,2024-03-30,90,90
702,22,2024-04-02,90,90
703,22,2024-04-06,90,90
704,22,2024-04-13,90,90
705,22,2024-04-21,90,90
706,22,2024-04-24,0,90
707,22,2024-04-28,0,41
708,22,2024-05-04,0,28
709,22,2024-05-11,0,24
710,22,2024-05-19,90,0
711,22,2022-08-13,0,61
712,22,2022-09-03,90,62
713,22,2022-09-17,90,82
714,22,2022-10-01,90,90
715,22,2022-10-08,90,90
716,22,2022-10-15,90,90
717,22,2022-10-19,90,90
718,22,2022-10-24,45,90
719,22,2022-10-29,0,62
720,22,2022-11-05,0,33
721,22,2022-11-12,0,28
722,22,2022-12-27,0,24
723,22,2022-12-31,0,0
724,22,2023-01-03,0,0
725,22,2023-01-14,90,0
726,22,2023-01-21,90,57
727,22,2023-02-04,90,81
728,22,2023-02-11,90,90
729,22,2023-02-18,90,90
730,22,2023-02-25,90,90
731,22,2023-03-04,90,90
732,22,2023-03-11,90,90
733,22,2023-03-18,90,90
734,22,2023-04-01,90,90
735,22,2023-04-04,90,90
736,22,2023-04-08,90,90
737,22,2023-04-15,90,90
738,22,2023-04-23,90,90
739,22,2023-04-27,90,90
740,22,2023-04-30,90,90
741,22,2023-05-06,90,90
742,22,2023-05-13,90,90
743,22,2023-05-20,90,90
744,22,2023-05-28,0,90
745,759,2024-09-21,90,82
746,759,2024-09-28,90,90
747,759,2024-10-05,90,90
748,759,2024-10-20,0,90
749,759,2024-10-26,0,39
750,759,2024-11-02,0,29
751,759,2024-11-09,0,25
752,759,2024-11-23,0,0
753,759,2024-11-30,0,0
754,759,2024-12-04,0,0
755,759,2024-12-09,90,0
756,759,2024-12-14,90,58
757,759,2024-12-22,0,79
758,759,2024-12-26,0,41
759,759,2024-12-29,0,28
760,759,2025-01-06,0,24
761,759,2025-01-15,0,0
762,759,2025-01-20,0,0
763,759,2025-01-25,0,0
764,759,2025-02-01,0,0
765,759,2025-02-16,0,0
766,759,2025-02-22,0,0
767,759,2025-02-25,0,0
768,759,2025-03-08,0,0
769,759,2025-03-15,0,0
770,759,2025-04-01,0,0
771,759,2025-04-05,0,0
772,759,2025-04-13,0,0
773,759,2025-04-20,0,0
774,759,2025-04-26,0,0
775,759,2025-05-02,0,0
776,759,2025-05-10,0,0
777,759,2025-05-20,0,0
778,759,2023-08-12,90,0
779,759,2023-09-16,90,90
780,759,2023-09-23,90,90
781,759,2023-09-30,90,90
782,759,2023-10-07,90,90
783,759,2023-10-21,90,90
784,759,2023-10-27,90,90
785,759,2023-11-04,90,90
786,759,2023-11-11,90,90
787,759,2023-11-25,90,90
788,759,2023-12-03,90,90
789,759,2023-12-06,90,90
790,759,2023-12-09,86,90
791,759,2024-01-20,0,90
792,759,2024-01-30,0,39
793,759,2024-02-03,0,29
794,759,2024-02-12,0,25
795,759,2024-02-19,90,0
796,759,2024-02-24,90,60
797,759,2024-03-02,90,82
798,759,2024-03-09,90,90
799,759,2022-08-05,0,90
800,759,2022-08-30,0,0
801,759,2022-09-03,0,0
802,759,2022-10-01,0,0
803,759,2022-10-09,0,0
804,759,2022-10-15,0,0
805,759,2022-10-18,0,0
806,759,2022-10-22,0,0
807,759,2022-10-29,0,0
808,759,2022-11-06,0,0
809,759,2022-11-12,0,0
810,759,2022-12-26,0,0
811,759,2022-12-31,0,0
812,759,2023-01-04,0,0
813,759,2023-01-15,0,0
814,759,2023-01-18,0,0
815,759,2023-01-21,0,0
816,759,2023-02-04,0,0
817,759,2023-02-11,0,0
818,759,2023-02-18,0,0
819,759,2023-02-25,0,0
820,759,2023-03-04,0,0
821,759,2023-03-11,0,0
822,759,2023-03-15,0,0
823,759,2023-03-19,0,0
824,759,2023-04-01,0,0
825,759,2023-04-09,90,0
826,759,2023-04-15,90,64
827,759,2023-04-22,90,87
828,759,2023-04-25,90,90
829,759,2023-04-29,90,90
830,759,2023-05-06,90,90
831,759,2023-05-13,90,90
832,759,2023-05-20,90,90
833,759,2023-05-28,90,90
834,501,2024-09-22,0,0
835,501,2024-09-28,0,0
836,501,2024-10-05,0,0
837,501,2024-10-20,0,0
838,501,2024-10-26,0,0
839,501,2024-11-02,0,0
840,501,2024-11-09,0,0
841,501,2024-11-23,0,0
842,501,2024-12-01,90,0
843,501,2024-12-04,90,62
844,501,2024-12-07,90,87
845,501,2024-12-15,0,90
846,501,2024-12-21,90,40
847,501,2024-12-26,90,86
848,501,2024-12-29,90,90
849,501,2025-01-04,90,90
850,501,2025-01-14,90,90
851,501,2025-01-19,0,90
852,501,2025-01-25,0,42
853,501,2025-02-02,90,30
854,501,2025-02-15,0,80
855,501,2025-02-23,0,32
856,501,2025-02-26,0,28
857,501,2025-03-08,0,27
858,501,2025-03-15,90,0
859,501,2025-04-02,0,59
860,501,2025-04-06,0,34
861,501,2025-04-12,19,29
862,501,2025-04-19,90,40
863,501,2025-04-22,90,71
864,501,2025-05-02,0,87
865,501,2025-05-10,0,40
866,501,2025-05-20,0,30
867,501,2023-08-11,0,28
868,501,2023-09-16,0,0
869,501,2023-09-23,0,0
870,501,2023-09-30,0,0
871,501,2023-10-08,0,0
872,501,2023-10-21,90,0
873,501,2023-10-29,0,60
874,501,2023-11-04,0,34
875,501,2023-11-12,0,30
876,501,2023-11-25,0,28
877,501,2023-12-03,0,0
878,501,2023-12-06,0,0
879,501,2023-12-10,0,0
880,501,2023-12-16,0,0
881,501,2023-12-27,0,0
882,501,2023-12-30,0,0
883,501,2024-01-13,82,0
884,501,2024-01-31,0,60
885,501,2024-02-05,0,35
886,501,2024-02-10,0,30
887,501,2024-02-17,0,28
888,501,2024-02-20,0,0
889,501,2024-02-24,0,0
890,501,2024-03-03,0,0
891,501,2024-03-10,34,0
892,501,2024-03-31,90,48
893,501,2024-04-03,90,86
894,501,2024-04-06,90,90
895,501,2024-04-13,0,90
896,501,2024-04-25,0,42
897,501,2024-04-28,45,30
898,501,2024-05-04,0,63
899,501,2024-05-11,0,28
900,501,2024-05-14,21,9
901,501,2024-05-19,90,46
902,501,2022-08-07,0,75
903,501,2022-08-31,0,0
904,501,2022-09-03,0,0
905,501,2022-09-17,0,0
906,501,2022-10-02,0,0
907,501,2022-10-08,0,0
908,501,2022-10-16,0,0
909,501,2022-10-22,0,0
910,501,2022-10-29,0,0
911,501,2022-11-05,0,0
912,501,2022-11-12,0,0
913,501,2022-12-28,0,0
914,501,2022-12-31,0,0
915,501,2023-01-05,0,0
916,501,2023-01-14,0,0
917,501,2023-01-19,0,0
918,501,2023-01-22,0,0
919,501,2023-02-05,0,0
920,501,2023-02-12,0,0
921,501,2023-02-15,0,0
922,501,2023-02-18,0,0
923,501,2023-02-25,0,0
924,501,2023-03-04,0,0
925,501,2023-03-11,0,0
926,501,2023-04-01,0,0
927,501,2023-04-08,0,0
928,501,2023-04-15,0,0
929,501,2023-04-26,0,0
930,501,2023-04-30,0,0
931,501,2023-05-03,90,0
932,501,2023-05-06,0,65
933,501,2023-05-14,0,37
934,501,2023-05-21,90,30
935,501,2023-05-24,90,90
936,501,2023-05-28,0,90
937,391,2024-09-21,0,23
938,391,2024-09-29,0,0
939,391,2024-10-05,0,0
940,391,2024-10-19,0,0
941,391,2024-10-26,0,0
942,391,2024-11-02,0,0
943,391,2024-11-10,0,0
944,391,2024-11-24,0,0
945,391,2024-11-30,0,0
946,391,2024-12-03,0,0
947,391,2024-12-08,0,0
948,391,2024-12-14,0,0
949,391,2024-12-21,0,0
950,391,2024-12-27,0,0
951,391,2024-12-30,90,0
952,391,2025-01-05,90,62
953,391,2025-01-16,90,84
954,391,2025-01-19,90,90
955,391,2025-01-25,90,90
956,391,2025-02-01,0,90
957,391,2025-02-15,0,40
958,391,2025-02-22,0,28
959,391,2025-02-26,0,22
960,391,2025-03-08,0,0
961,391,2025-03-15,0,0
962,391,2025-04-02,0,0
963,391,2025-04-05,0,0
964,391,2025-04-13,0,0
965,391,2025-04-20,0,0
966,391,2025-04-26,0,0
967,391,2025-05-03,0,0
968,391,2025-05-10,0,0
969,391,2025-05-18,0,0
970,462,2024-09-21,90,0
971,462,2024-09-28,0,69
972,462,2024-10-05,0,39
973,462,2024-10-20,90,30
974,462,2024-10-27,90,81
975,462,2024-11-02,90,80
976,462,2024-11-09,90,90
977,462,2024-11-24,90,90
978,462,2024-12-01,90,90
979,462,2024-12-04,90,90
980,462,2024-12-14,0,90
981,462,2024-12-22,0,40
982,462,2024-12-26,0,29
983,462,2024-12-29,0,26
984,462,2025-01-05,0,0
985,462,2025-01-14,0,0
986,462,2025-01-18,0,0
987,462,2025-01-25,0,0
988,462,2025-02-01,0,0
989,462,2025-02-12,0,0
990,462,2025-02-16,0,0
991,462,2025-02-19,0,0
992,462,2025-02-23,0,0
993,462,2025-02-26,0,0
994,462,2025-03-08,0,0
995,462,2025-04-02,90,0
996,462,2025-04-06,90,61
997,462,2025-04-13,0,85
998,462,2025-04-20,0,41
999,462,2025-04-27,0,29
1000,462,2025-05-04,0,26
1001,462,2025-05-11,0,0
1002,462,2025-05-19,0,0
1003,462,2023-08-13,0,0
1004,462,2023-09-16,0,0
1005,462,2023-09-24,0,0
1006,462,2023-09-30,0,0
1007,462,2023-10-08,0,0
1008,462,2023-10-21,0,0
1009,462,2023-10-29,0,0
1010,462,2023-11-05,0,0
1011,462,2023-11-12,0,0
1012,462,2023-11-25,0,0
1013,462,2023-12-03,90,0
1014,462,2023-12-06,90,60
1015,462,2023-12-09,0,85
1016,462,2023-12-17,0,43
1017,462,2023-12-23,0,29
1018,462,2023-12-26,0,25
1019,462,2024-01-01,0,0
1020,462,2024-01-21,0,0
1021,462,2024-01-31,0,0
1022,462,2024-02-04,0,0
1023,462,2024-02-10,90,0
1024,462,2024-02-17,90,62
1025,462,2024-02-21,90,86
1026,462,2024-03-02,90,90
1027,462,2024-03-10,90,90
1028,462,2024-03-31,90,90
1029,462,2024-04-04,90,90
1030,462,2024-04-07,90,90
1031,462,2024-04-14,0,90
1032,462,2024-04-21,0,41
1033,462,2024-04-24,0,30
1034,462,2024-04-27,0,26
1035,462,2024-05-05,0,0
1036,462,2024-05-13,0,0
1037,462,2024-05-19,0,0
1038,462,2022-08-06,0,0
1039,462,2022-08-31,0,0
1040,462,2022-09-03,0,0
1041,462,2022-10-01,0,0
1042,462,2022-10-09,0,0
1043,462,2022-10-16,0,0
1044,462,2022-10-19,0,0
1045,462,2022-10-22,0,0
1046,462,2022-10-29,0,0
1047,462,2022-11-06,0,0
1048,462,2022-11-12,0,0
1049,462,2022-12-26,0,0
1050,462,2022-12-30,0,0
1051,462,2023-01-02,0,0
1052,462,2023-01-14,0,0
1053,462,2023-01-21,0,0
1054,462,2023-02-04,0,0
1055,462,2023-02-13,0,0
1056,462,2023-02-18,0,0
1057,462,2023-02-25,0,0
1058,462,2023-03-01,0,0
1059,462,2023-03-05,0,0
1060,462,2023-03-11,0,0
1061,462,2023-04-01,0,0
1062,462,2023-04-04,0,0
1063,462,2023-04-09,0,0
1064,462,2023-04-17,0,0
1065,462,2023-04-22,0,0
1066,462,2023-04-26,0,0
1067,462,2023-04-30,0,0
1068,462,2023-05-03,0,0
1069,462,2023-05-06,0,0
1070,462,2023-05-15,0,0
1071,462,2023-05-20,0,0
1072,462,2023-05-28,90,0
1073,57,2024-09-21,90,90
1074,57,2024-09-29,90,90
1075,57,2024-10-06,90,90
1076,57,2024-10-19,90,90
1077,57,2024-10-26,90,90
1078,57,2024-11-03,90,90
1079,57,2024-11-09,90,90
1080,57,2024-11-23,90,90
1081,57,2024-12-01,45,90
1082,57,2024-12-04,90,66
1083,57,2024-12-07,90,90
1084,57,2024-12-14,90,90
1085,57,2024-12-21,90,90
1086,57,2024-12-26,90,90
1087,57,2024-12-30,90,90
1088,57,2025-01-04,90,90
1089,57,2025-01-15,90,90
1090,57,2025-01-18,90,90
1091,57,2025-01-26,90,90
1092,57,2025-02-01,90,90
1093,57,2025-02-15,90,90
1094,57,2025-02-19,90,90
1095,57,2025-02-22,90,90
1096,57,2025-02-25,45,90
1097,57,2025-04-02,90,65
1098,57,2025-04-05,90,90
1099,57,2025-04-12,90,90
1100,57,2025-04-19,90,90
1101,57,2025-04-22,90,90
1102,57,2025-05-03,90,90
1103,57,2025-05-10,90,90
1104,57,2025-05-16,90,90
1105,57,2023-08-12,90,90
1106,57,2023-09-16,90,84
1107,57,2023-09-24,90,90
1108,57,2023-09-30,90,90
1109,57,2023-10-08,90,90
1110,57,2023-10-22,90,90
1111,57,2023-10-29,90,90
1112,57,2023-11-05,90,90
1113,57,2023-11-12,90,90
1114,57,2023-11-26,90,90
1115,57,2023-12-03,90,90
1116,57,2023-12-06,90,90
1117,57,2023-12-09,90,90
1118,57,2023-12-17,90,90
1119,57,2023-12-22,90,90
1120,57,2023-12-26,90,90
1121,57,2023-12-30,90,90
1122,57,2024-01-14,90,90
1123,57,2024-01-30,90,90
1124,57,2024-02-03,90,90
1125,57,2024-02-11,90,90
1126,57,2024-02-17,90,90
1127,57,2024-02-24,90,90
1128,57,2024-03-02,90,90
1129,57,2024-03-10,90,90
1130,57,2024-03-17,90,90
1131,57,2024-03-30,90,90
1132,57,2024-04-03,0,90
1133,57,2024-04-06,90,41
1134,57,2024-04-14,90,82
1135,57,2024-04-21,90,90
1136,57,2024-04-27,45,90
1137,57,2024-05-05,0,61
1138,57,2024-05-13,90,34
1139,57,2024-05-19,0,84
1140,57,2022-08-06,90,42
1141,57,2022-08-31,90,90
1142,57,2022-09-03,90,90
1143,57,2022-09-16,90,90
1144,57,2022-10-02,90,90
1145,57,2022-10-10,90,90
1146,57,2022-10-16,90,90
1147,57,2022-10-20,90,90
1148,57,2022-10-23,90,90
1149,57,2022-10-29,34,90
1150,57,2022-11-06,90,54
1151,57,2022-11-13,90,90
1152,57,2022-12-26,0,90
1153,57,2023-01-01,0,40
1154,57,2023-01-04,90,29
1155,57,2023-01-13,90,82
1156,57,2023-01-21,90,81
1157,57,2023-02-04,90,90
1158,57,2023-02-12,90,90
1159,57,2023-02-18,90,90
1160,57,2023-02-25,90,90
1161,57,2023-03-04,90,90
1162,57,2023-03-12,90,90
1163,57,2023-03-18,90,90
1164,57,2023-04-01,90,90
1165,57,2023-04-04,90,90
1166,57,2023-04-08,90,90
1167,57,2023-04-15,90,90
1168,57,2023-04-22,45,90
1169,57,2023-04-25,90,65
1170,57,2023-04-30,90,90
1171,57,2023-05-06,90,90
1172,57,2023-05-13,90,90
1173,57,2023-05-20,90,90
1174,57,2023-05-28,90,90
1175,120,2025-02-22,0,0
1176,120,2025-02-25,0,0
1177,120,2025-03-09,0,0
1178,120,2025-03-15,0,0
1179,120,2025-04-02,0,0
1180,120,2025-04-05,0,0
1181,120,2025-04-14,0,0
1182,120,2025-04-19,0,0
1183,120,2025-04-27,0,0
1184,120,2025-05-03,0,0
1185,120,2025-05-10,0,0
1186,120,2025-05-20,0,0
1187,120,2024-04-21,0,0
1188,120,2024-05-11,0,0
1189,120,2024-05-19,0,0
1190,564,2025-04-13,0,0
1191,564,2025-04-20,0,0
1192,564,2025-04-27,0,0
1193,564,2025-05-04,0,0
1194,564,2025-05-11,0,0
1195,564,2025-05-16,0,0
1196,564,2024-03-09,0,0
1197,564,2024-04-13,0,0
1198,564,2024-04-24,0,0
1199,564,2024-04-27,0,0
1200,564,2024-05-06,0,0
1201,564,2024-05-12,0,0
1202,564,2024-05-15,0,0
1203,564,2024-05-19,0,0
1204,5,2024-09-22,0,0
1205,5,2024-09-28,0,0
1206,5,2024-10-05,0,0
1207,5,2024-10-19,0,0
1208,5,2024-10-27,0,0
1209,5,2024-11-02,0,0
1210,5,2024-11-10,0,0
1211,5,2024-11-23,0,0
1212,5,2024-11-30,0,0
1213,5,2024-12-04,0,0
1214,5,2024-12-08,0,0
1215,5,2024-12-14,0,0
1216,5,2024-12-21,0,0
1217,5,2024-12-27,0,0
1218,5,2025-01-01,0,0
1219,5,2025-01-04,0,0
1220,5,2025-01-15,0,0
1221,5,2025-01-18,0,0
1222,5,2025-01-25,0,0
1223,5,2025-02-02,0,0
1224,5,2025-02-15,0,0
1225,5,2025-02-22,0,0
1226,5,2025-02-26,0,0
1227,5,2025-03-09,0,0
1228,5,2025-03-16,0,0
1229,5,2025-04-01,0,0
1230,5,2025-04-05,0,0
1231,5,2025-04-12,0,0
1232,5,2025-04-20,0,0
1233,5,2025-04-23,0,0
1234,5,2025-05-03,0,0
1235,5,2025-05-11,0,0
1236,5,2025-05-18,0,0
1237,5,2023-08-12,0,0
1238,5,2023-09-17,0,0
1239,5,2023-09-24,0,0
1240,5,2023-09-30,0,0
1241,5,2023-10-08,0,0
1242,5,2023-10-21,0,0
1243,5,2023-10-28,0,0
1244,5,2023-11-04,0,0
1245,5,2023-11-11,0,0
1246,5,2023-11-25,0,0
1247,5,2023-12-02,0,0
1248,5,2023-12-05,0,0
1249,5,2023-12-09,0,0
1250,5,2023-12-17,0,0
1251,5,2023-12-23,0,0
1252,5,2023-12-28,0,0
1253,5,2023-12-31,0,0
1254,5,2024-01-20,0,0
1255,5,2024-01-30,0,0
1256,5,2024-02-04,0,0
1257,5,2024-02-11,0,0
1258,5,2024-02-17,0,0
1259,5,2024-02-24,0,0
1260,5,2024-03-04,0,0
1261,5,2024-03-09,0,0
1262,5,2024-03-31,0,0
1263,5,2024-04-03,0,0
1264,5,2024-04-06,0,0
1265,5,2024-04-14,0,0
1266,5,2024-04-20,0,0
1267,5,2024-04-23,0,0
1268,5,2024-04-28,0,0
1269,5,2024-05-04,0,0
1270,5,2024-05-12,0,0
1271,5,2024-05-19,0,0
1272,5,2022-10-30,0,0
1273,5,2022-12-31,0,0
1274,5,2023-01-03,0,0
1275,5,2023-01-15,0,0
1276,5,2023-01-22,0,0
1277,5,2023-02-04,0,0
1278,5,2023-02-11,0,0
1279,5,2023-02-15,0,0
1280,5,2023-02-18,0,0
1281,5,2023-02-25,0,0
1282,5,2023-03-01,0,0
1283,5,2023-03-04,0,0
1284,5,2023-03-12,0,0
1285,5,2023-03-19,0,0
1286,5,2023-04-01,0,0
1287,5,2023-04-09,0,0
1288,5,2023-04-16,0,0
1289,5,2023-04-21,0,0
1290,5,2023-04-26,0,0
1291,5,2023-05-02,0,0
1292,5,2023-05-07,0,0
1293,5,2023-05-14,0,0
1294,5,2023-05-20,0,0
1295,5,2023-05-28,0,0
1296,622,2024-09-22,90,90
1297,622,2024-09-28,90,90
1298,622,2024-10-06,90,90
1299,622,2024-10-21,90,90
1300,622,2024-10-25,90,90
1301,622,2024-11-02,90,90
1302,622,2024-11-10,90,90
1303,622,2024-11-23,90,90
1304,622,2024-11-30,90,90
1305,622,2024-12-04,90,90
1306,622,2024-12-07,90,90
1307,622,2024-12-14,90,90
1308,622,2024-12-21,90,90
1309,622,2024-12-26,90,90
1310,622,2024-12-29,90,90
1311,622,2025-01-06,90,90
1312,622,2025-01-14,90,90
1313,622,2025-01-19,90,90
1314,622,2025-01-25,90,90
1315,622,2025-02-01,90,90
1316,622,2025-02-15,90,90
1317,622,2025-02-23,90,90
1318,622,2025-02-26,90,90
1319,622,2025-03-08,90,90
1320,622,2025-03-15,90,90
1321,622,2025-04-01,90,90
1322,622,2025-04-05,90,90
1323,622,2025-04-12,90,90
1324,622,2025-04-21,90,90
1325,622,2025-05-01,90,90
1326,622,2025-05-05,90,90
1327,622,2025-05-11,90,90
1328,622,2025-05-18,90,90
1329,622,2024-02-04,90,90
1330,622,2024-03-02,90,90
1331,622,2024-03-10,90,90
1332,622,2024-03-16,90,90
1333,622,2024-03-30,90,90
1334,622,2024-04-02,90,90
1335,622,2024-04-07,90,90
1336,622,2024-04-13,90,90
1337,622,2024-04-21,90,90
1338,622,2024-04-28,90,90
1339,622,2024-05-04,90,90
1340,622,2024-05-11,90,90
1341,622,2024-05-19,90,90
1342,868,2023-09-16,0,0
1343,868,2023-09-24,0,0
1344,868,2023-09-30,0,0
1345,868,2023-10-08,0,0
1346,868,2023-10-21,0,0
1347,868,2023-10-29,0,0
1348,868,2023-11-04,0,0
1349,868,2023-11-12,0,0
1350,868,2023-11-25,0,0
1351,868,2023-12-03,0,0
1352,868,2023-12-06,0,0
1353,868,2023-12-09,0,0
1354,868,2023-12-17,0,0
1355,868,2023-12-21,0,0
1356,868,2023-12-28,0,0
1357,868,2024-01-02,0,0
1358,868,2024-01-22,0,0
1359,868,2024-01-30,0,0
1360,868,2024-02-03,0,0
1361,868,2024-02-10,0,0
1362,868,2024-02-18,0,0
1363,868,2024-02-24,0,0
1364,868,2024-03-02,0,0
1365,868,2024-03-10,0,0
1366,868,2024-03-31,0,0
1367,868,2024-04-03,0,0
1368,868,2024-04-06,0,0
1369,868,2024-04-13,0,0
1370,868,2024-04-25,0,0
1371,868,2024-04-28,0,0
1372,868,2024-05-05,0,0
1373,868,2024-05-11,0,0
1374,868,2024-05-15,0,0
1375,868,2024-05-19,0,0
1376,868,2022-08-07,0,0
1377,868,2022-08-30,0,0
1378,868,2022-09-04,0,0
1379,868,2022-10-01,0,0
1380,868,2022-10-08,0,0
1381,868,2022-10-14,0,0
1382,868,2022-10-18,0,0
1383,868,2022-10-22,0,0
1384,868,2022-10-29,0,0
1385,868,2022-11-05,0,0
1386,868,2022-11-13,0,0
1387,868,2022-12-26,0,0
1388,868,2022-12-31,0,0
1389,868,2023-01-03,0,0
1390,868,2023-01-14,0,0
1391,868,2023-01-21,0,0
1392,868,2023-02-04,0,0
1393,868,2023-02-11,0,0
1394,868,2023-02-18,0,0
1395,868,2023-03-04,0,0
1396,868,2023-03-11,0,0
1397,868,2023-03-15,0,0
1398,868,2023-04-01,0,0
1399,868,2023-04-04,0,0
1400,868,2023-04-08,0,0
1401,868,2023-04-15,0,0
1402,868,2023-04-26,0,0
1403,868,2023-04-29,0,0
1404,868,2023-05-04,0,0
1405,868,2023-05-08,0,0
1406,868,2023-05-14,0,0
1407,868,2023-05-18,0,0
1408,868,2023-05-21,0,0
1409,868,2023-05-24,0,0
1410,868,2023-05-28,0,0
1411,1054,2023-09-23,0,0
1412,1054,2023-09-30,0,0
1413,1054,2023-10-07,0,0
1414,1054,2023-10-21,0,0
1415,1054,2023-10-29,0,0
1416,1054,2023-11-04,0,0
1417,1054,2023-11-11,0,0
1418,1054,2023-11-26,0,0
1419,1054,2023-12-02,0,0
1420,1054,2023-12-06,0,0
1421,1054,2023-12-09,0,0
1422,1054,2023-12-17,0,0
1423,1054,2023-12-23,0,0
1424,1054,2023-12-26,0,0
1425,1054,2023-12-30,0,0
1426,1054,2024-01-14,0,0
1427,1054,2024-02-01,0,0
1428,1054,2024-02-04,0,0
1429,1054,2024-02-11,0,0
1430,1054,2024-02-18,0,0
1431,1054,2024-02-24,0,0
1432,1054,2024-03-03,0,0
1433,1054,2024-03-09,0,0
1434,1054,2024-03-30,0,0
1435,1054,2024-04-04,0,0
1436,1054,2024-04-07,0,0
1437,1054,2024-04-13,0,0
1438,1054,2024-04-24,0,0
1439,1054,2024-04-27,0,0
1440,1054,2024-05-06,0,0
1441,1054,2024-05-12,0,0
1442,1054,2024-05-15,0,0
1443,1054,2024-05-19,0,0
1444,1025,2023-09-30,0,0
1445,1025,2023-10-03,0,0
1446,1025,2023-10-07,0,0
1447,1025,2023-10-21,0,0
1448,1025,2023-10-29,0,0
1449,1025,2023-11-05,0,0
1450,1025,2023-11-11,0,0
1451,1025,2023-11-25,0,0
1452,1025,2023-12-02,0,0
1453,1025,2023-12-05,0,0
1454,1025,2023-12-10,0,0
1455,1025,2023-12-23,0,0
1456,1025,2023-12-26,0,0
1457,1025,2023-12-30,0,0
1458,1025,2024-01-12,0,0
1459,1025,2024-01-30,0,0
1460,1025,2024-02-03,0,0
1461,1025,2024-02-10,0,0
1462,1025,2024-02-18,0,0
1463,1025,2024-02-21,0,0
1464,1025,2024-03-02,0,0
1465,1025,2024-03-09,0,0
1466,1025,2024-03-13,0,0
1467,1025,2024-03-16,0,0
1468,1025,2024-03-30,0,0
1469,1025,2024-04-03,0,0
1470,1025,2024-04-06,0,0
1471,1025,2024-04-13,0,0
1472,1025,2024-04-20,0,0
1473,1025,2024-04-27,0,0
1474,1025,2024-05-03,0,0
1475,1025,2024-05-11,0,0
1476,1025,2024-05-19,0,0
1477,1063,2023-09-16,0,0
1478,1063,2023-09-24,0,0
1479,1063,2023-09-30,0,0
1480,1063,2023-10-08,0,0
1481,1063,2023-10-21,0,0
1482,1063,2023-10-28,0,0
1483,1063,2023-11-04,0,0
1484,1063,2023-11-11,0,0
1485,1063,2023-11-25,0,0
1486,1063,2023-12-02,0,0
1487,1063,2023-12-07,0,0
1488,1063,2023-12-10,0,0
1489,1063,2023-12-16,0,0
1490,1063,2023-12-23,0,0
1491,1063,2023-12-26,0,0
1492,1063,2024-01-01,0,0
1493,1063,2024-01-13,0,0
1494,1063,2024-01-30,0,0
1495,1063,2024-02-03,0,0
1496,1063,2024-02-10,0,0
1497,1063,2024-02-17,0,0
1498,1063,2024-02-24,0,0
1499,1063,2024-03-02,0,0
1500,1063,2024-03-11,0,0
1501,1063,2024-03-30,0,0
1502,1063,2024-04-02,0,0
1503,1063,2024-04-06,0,0
1504,1063,2024-04-13,0,0
1505,1063,2024-04-24,0,0
1506,1063,2024-04-27,0,0
1507,1063,2024-05-04,0,0
1508,1063,2024-05-11,0,0
1509,1063,2024-05-15,0,0
1510,1063,2024-05-19,0,0
1511,1063,2022-08-06,0,0
1512,1063,2022-08-31,0,0
1513,1063,2022-09-03,0,0
1514,1063,2022-11-06,0,0
1515,1063,2022-11-12,0,0
1516,1063,2022-12-26,0,0
1517,1063,2022-12-31,0,0
1518,1063,2023-01-03,0,0
1519,1063,2023-01-15,0,0
1520,1063,2023-01-21,0,0
1521,937,2023-09-16,0,0
1522,937,2023-09-23,0,0
1523,937,2023-09-30,0,0
1524,937,2023-10-07,0,0
1525,937,2023-10-21,0,0
1526,937,2023-10-27,0,0
1527,937,2023-11-04,0,0
1528,937,2023-11-11,0,0
1529,937,2023-11-25,0,0
1530,937,2023-12-03,0,0
1531,937,2023-12-06,0,0
1532,937,2023-12-09,0,0
1533,937,2023-12-16,0,0
1534,937,2023-12-21,0,0
1535,937,2023-12-27,0,0
1536,937,2023-12-30,0,0
1537,937,2024-01-20,0,0
1538,937,2024-01-30,0,0
1539,937,2024-02-03,0,0
1540,937,2024-02-12,0,0
1541,937,2024-02-19,0,0
1542,937,2024-02-24,0,0
1543,937,2024-03-02,0,0
1544,937,2024-03-09,0,0
1545,937,2024-03-30,0,0
1546,937,2024-04-02,0,0
1547,937,2024-04-06,0,0
1548,937,2024-04-14,0,0
1549,937,2024-04-21,0,0
1550,937,2024-04-24,0,0
1551,937,2024-04-27,0,0
1552,937,2024-05-06,0,0
1553,937,2024-05-11,0,0
1554,937,2024-05-19,0,0
1555,937,2022-08-05,90,0
1556,937,2022-08-30,90,90
1557,937,2022-09-03,90,90
1558,937,2022-10-01,90,90
1559,937,2022-10-09,90,90
1560,937,2022-10-15,90,90
1561,937,2022-10-18,90,90
1562,937,2022-10-22,90,90
1563,937,2022-10-29,90,90
1564,937,2022-11-06,90,90
1565,937,2022-11-12,90,90
1566,937,2022-12-26,90,90
1567,937,2022-12-31,90,90
1568,937,2023-01-04,90,90
1569,937,2023-01-15,90,90
1570,937,2023-01-18,90,90
1571,937,2023-01-21,90,90
1572,937,2023-02-04,90,90
1573,937,2023-02-11,90,90
1574,937,2023-02-18,90,90
1575,937,2023-02-25,90,90
1576,937,2023-03-04,90,90
1577,937,2023-03-11,90,90
1578,937,2023-03-15,0,90
1579,937,2023-03-19,0,40
1580,937,2023-04-01,90,29
1581,937,2023-04-09,0,80
1582,937,2023-04-15,0,34
1583,937,2023-04-22,0,28
1584,937,2023-04-25,0,25
1585,937,2023-04-29,0,0
1586,937,2023-05-06,0,0
1587,937,2023-05-13,0,0
1588,937,2023-05-20,0,0
1589,937,2023-05-28,0,0
1590,1022,2023-09-23,90,90
1591,1022,2023-09-30,90,90
1592,1022,2023-10-03,90,90
1593,1022,2023-10-07,90,90
1594,1022,2023-10-21,90,90
1595,1022,2023-10-29,90,90
1596,1022,2023-11-05,90,90
1597,1022,2023-11-11,90,90
1598,1022,2023-11-25,90,90
1599,1022,2023-12-02,90,90
1600,1022,2023-12-05,90,90
1601,1022,2023-12-10,90,90
1602,1022,2023-12-23,90,90
1603,1022,2023-12-26,90,90
1604,1022,2023-12-30,90,90
1605,1022,2024-01-12,90,90
1606,1022,2024-01-30,90,90
1607,1022,2024-02-03,90,90
1608,1022,2024-02-10,90,90
1609,1022,2024-02-18,90,90
1610,1022,2024-02-21,90,90
1611,1022,2024-03-02,90,90
1612,1022,2024-03-09,90,90
1613,1022,2024-03-13,90,90
1614,1022,2024-03-16,90,90
1615,1022,2024-03-30,90,90
1616,1022,2024-04-03,90,90
1617,1022,2024-04-06,90,90
1618,1022,2024-04-13,90,90
1619,1022,2024-04-20,90,90
1620,1022,2024-04-27,90,90
1621,1022,2024-05-03,90,90
1622,1022,2024-05-11,90,90
1623,1022,2024-05-19,75,90
1624,935,2024-05-15,0,0
1625,935,2024-05-19,0,0
1626,844,2023-09-17,0,0
1627,844,2023-09-24,0,0
1628,844,2023-09-30,0,0
1629,844,2023-10-07,0,0
1630,844,2023-10-21,0,0
1631,844,2023-10-28,90,0
1632,844,2023-11-04,90,59
1633,844,2023-11-11,0,81
1634,844,2023-11-25,0,40
1635,844,2023-12-03,0,29
1636,844,2023-12-06,0,25
1637,844,2023-12-09,0,0
1638,844,2023-12-23,0,0
1639,844,2023-12-26,0,0
1640,844,2023-12-31,0,0
1641,844,2024-01-21,0,0
1642,844,2024-02-01,0,0
1643,844,2024-02-04,0,0
1644,844,2024-02-10,0,0
1645,844,2024-02-17,0,0
1646,844,2024-02-24,0,0
1647,844,2024-03-03,0,0
1648,844,2024-03-09,0,0
1649,844,2024-03-13,0,0
1650,844,2024-03-30,0,0
1651,844,2024-04-02,0,0
1652,844,2024-04-06,0,0
1653,844,2024-04-13,0,0
1654,844,2024-04-21,0,0
1655,844,2024-04-24,0,0
1656,844,2024-04-28,0,0
1657,844,2024-05-04,0,0
1658,844,2024-05-11,0,0
1659,844,2024-05-19,0,0
1660,855,2023-09-16,0,0
1661,855,2023-09-23,0,0
1662,855,2023-10-01,0,0
1663,855,2023-10-07,90,0
1664,855,2023-10-21,0,63
1665,855,2023-10-28,0,36
1666,855,2023-11-04,45,28
1667,855,2023-11-12,0,59
1668,855,2023-11-25,0,22
1669,855,2023-12-02,0,0
1670,855,2023-12-06,0,24
1671,855,2023-12-09,0,0
1672,855,2023-12-17,0,0
1673,855,2023-12-27,0,0
1674,855,2023-12-30,0,0
1675,855,2024-01-20,0,0
1676,855,2024-01-31,0,0
1677,855,2024-02-05,0,0
1678,855,2024-02-10,0,0
1679,855,2024-02-17,0,0
1680,855,2024-02-20,0,0
1681,855,2024-02-26,0,0
1682,855,2024-03-02,0,0
1683,855,2024-03-09,0,0
1684,855,2024-03-16,0,0
1685,855,2024-03-30,0,0
1686,855,2024-04-03,0,0
1687,855,2024-04-06,0,0
1688,855,2024-04-13,0,0
1689,855,2024-04-20,0,0
1690,855,2024-04-27,0,0
1691,855,2024-05-04,0,0
1692,855,2024-05-11,0,0
1693,855,2024-05-19,0,0
1694,855,2022-08-07,0,0
1695,855,2022-08-30,0,0
1696,855,2022-09-03,0,0
1697,855,2022-09-18,0,0
1698,855,2023-01-02,0,0
1699,855,2023-01-14,0,0
1700,855,2023-01-22,0,0
1701,855,2023-02-04,0,0
1702,855,2023-02-11,0,0
1703,855,2023-02-18,0,0
1704,855,2023-03-06,0,0
1705,855,2023-03-11,0,0
1706,855,2023-03-15,0,0
1707,855,2023-03-18,0,0
1708,855,2023-04-01,0,0
1709,855,2023-04-05,0,0
1710,855,2023-04-08,0,0
1711,855,2023-04-15,0,0
1712,855,2023-04-22,0,0
1713,855,2023-04-26,0,0
1714,855,2023-04-29,0,0
1715,855,2023-05-06,0,0
1716,855,2023-05-14,0,0
1717,855,2023-05-20,0,0
1718,855,2023-05-28,0,0
1719,1336,2023-03-05,90,90
1720,1336,2023-03-11,90,90
1721,1336,2023-03-17,90,90
1722,1336,2023-04-01,90,90
1723,1336,2023-04-04,90,90
1724,1336,2023-04-08,90,90
1725,1336,2023-04-16,90,90
1726,1336,2023-04-22,90,90
1727,1336,2023-04-26,90,90
1728,1336,2023-04-29,90,90
1729,1336,2023-05-08,90,90
1730,1336,2023-05-13,90,90
1731,1336,2023-05-20,90,90
1732,1336,2023-05-28,0,90
1733,1326,2022-08-31,0,0
1734,1326,2022-09-03,0,0
1735,1326,2022-09-16,0,0
1736,1326,2022-10-03,0,0
1737,1326,2022-10-10,0,0
1738,1326,2022-10-15,0,0
1739,1326,2022-10-18,0,0
1740,1326,2022-10-22,0,0
1741,1326,2022-10-30,0,0
1742,1326,2022-11-05,0,0
1743,1326,2022-11-12,0,0
1744,1326,2022-12-27,0,0
1745,1326,2023-01-01,0,0
1746,1326,2023-01-04,0,0
1747,1326,2023-01-14,0,0
1748,1326,2023-01-21,0,0
1749,1326,2023-02-05,0,0
1750,1326,2023-02-11,0,0
1751,1326,2023-02-18,0,0
1752,1326,2023-02-25,0,0
1753,1326,2023-03-05,0,0
1754,1326,2023-03-11,0,0
1755,1326,2023-03-17,0,0
1756,1326,2023-04-01,0,0
1757,1326,2023-04-04,0,0
1758,1326,2023-04-08,0,0
1759,1326,2023-04-16,0,0
1760,1326,2023-04-22,0,0
1761,1326,2023-04-26,0,0
1762,1326,2023-04-29,0,0
1763,1326,2023-05-08,0,0
1764,1326,2023-05-13,0,0
1765,1326,2023-05-20,0,0
1766,1326,2023-05-28,0,0
1767,1284,2022-08-30,90,90
1768,1284,2022-09-03,90,90
1769,1284,2022-10-02,90,90
1770,1284,2022-10-09,90,90
1771,1284,2022-10-16,90,90
1772,1284,2022-10-20,90,90
1773,1284,2022-10-23,90,90
1774,1284,2022-10-29,90,90
1775,1284,2022-11-05,90,90
1776,1284,2022-11-12,90,90
1777,1284,2022-12-28,90,90
1778,1284,2022-12-31,90,90
1779,1284,2023-01-04,90,90
1780,1284,2023-01-13,90,90
1781,1284,2023-01-22,90,90
1782,1284,2023-02-05,90,90
1783,1284,2023-02-08,90,90
1784,1284,2023-02-12,90,90
1785,1284,2023-02-18,90,90
1786,1284,2023-02-25,90,90
1787,1284,2023-03-04,90,90
1788,1284,2023-03-11,90,90
1789,1284,2023-03-18,90,90
1790,1284,2023-04-01,90,90
1791,1284,2023-04-04,90,90
1792,1284,2023-04-09,90,90
1793,1284,2023-04-17,90,90
1794,1284,2023-04-22,90,90
1795,1284,2023-04-25,90,90
1796,1284,2023-04-30,90,90
1797,1284,2023-05-06,0,90
1798,1284,2023-05-13,0,40
1799,1284,2023-05-21,0,29
1800,1284,2023-05-28,0,25
