,player_id,datetime,minutes,Lynge_CNN1D_FWD,Lynge_FCNN_FWD,Lynge_FCNN_Hard_Sigmoid_FWD,Lynge_RNN_FWD,baseline_FWD,xgboost_FWD
0,118,2023-01-14,0,2,1,0,0,,0.0
1,118,2023-02-18,0,0,0,0,0,0.0,0.0
2,118,2023-02-25,0,0,0,0,0,0.0,0.0
3,118,2023-03-04,0,1,0,0,0,0.0,0.0
4,118,2023-03-11,0,0,-1,0,0,0.0,0.0
5,118,2023-03-18,0,1,0,0,0,0.0,0.0
6,118,2023-04-01,0,0,0,0,0,0.0,0.0
7,118,2023-04-04,0,1,0,0,0,0.0,0.0
8,118,2023-04-08,0,0,-1,0,0,0.0,0.0
9,118,2023-04-15,0,0,0,0,0,0.0,0.0
10,118,2023-04-23,0,0,-1,0,0,0.0,0.0
11,118,2023-04-27,0,1,-1,0,0,0.0,0.0
12,118,2023-04-30,0,0,-1,0,0,0.0,0.0
13,118,2023-05-06,0,0,0,0,0,0.0,0.0
14,118,2023-05-13,0,1,0,0,0,0.0,0.0
15,118,2023-05-20,0,0,-1,0,0,0.0,0.0
16,118,2023-05-28,0,1,0,0,0,0.0,0.0
17,118,2025-02-15,0,1,0,0,0,0.0,0.0
18,118,2025-02-22,0,0,-1,0,0,0.0,0.0
19,118,2025-02-25,0,1,0,0,0,0.0,0.0
20,118,2025-03-09,0,0,-1,0,0,0.0,0.0
21,118,2025-03-15,0,1,0,0,0,0.0,0.0
22,118,2025-04-02,0,1,0,0,0,0.0,0.0
23,118,2025-04-05,0,0,0,0,0,0.0,0.0
24,118,2025-04-14,0,0,0,0,0,0.0,0.0
25,118,2025-04-19,0,0,-1,0,0,0.0,0.0
26,118,2025-04-27,0,0,2,0,0,0.0,0.0
27,118,2025-05-03,0,0,0,0,0,0.0,0.0
28,118,2025-05-10,0,0,-1,0,0,0.0,0.0
29,118,2025-05-20,0,0,0,0,0,0.0,0.0
30,227,2023-08-25,0,1,6,0,0,,0.0
31,227,2023-10-02,0,1,5,2,0,0.0,0.0
32,227,2023-10-07,0,0,2,0,0,0.0,0.0
33,227,2023-10-21,0,0,0,0,0,0.0,0.0
34,227,2023-10-28,9,1,0,0,0,0.0,0.0
35,227,2023-11-06,0,6,12,11,3,2.25,4.6745057
36,227,2023-11-12,0,3,7,3,0,2.25,0.389
37,227,2023-11-25,0,2,10,0,0,2.25,0.4
38,227,2023-12-03,0,2,6,0,0,2.25,0.0
39,227,2023-12-06,0,0,0,0,0,0.0,0.0
40,227,2023-12-10,0,1,3,0,0,0.0,0.0
41,227,2023-12-16,0,1,4,0,0,0.0,0.0
42,227,2023-12-24,0,0,1,0,0,0.0,0.0
43,227,2023-12-27,0,1,2,0,0,0.0,0.0
44,227,2023-12-30,0,1,4,0,0,0.0,0.0
45,227,2024-01-13,0,0,2,0,0,0.0,0.0
46,227,2024-01-31,0,0,0,0,0,0.0,0.0
47,227,2024-02-04,0,1,1,0,0,0.0,0.0
48,227,2024-02-12,0,0,2,0,0,0.0,0.0
49,227,2024-02-17,0,0,0,0,0,0.0,0.0
50,227,2024-03-02,0,1,4,0,1,0.0,0.0
51,227,2024-03-11,0,0,5,0,0,0.0,0.0
52,227,2024-03-30,0,1,4,0,0,0.0,0.0
53,227,2024-04-04,0,0,0,0,0,0.0,0.0
54,227,2024-04-07,0,1,0,0,0,0.0,0.0
55,227,2024-04-15,2,0,0,0,0,0.0,0.0
56,227,2024-04-23,0,2,1,0,1,0.5,1.8000001
57,227,2024-04-27,0,1,1,0,0,0.5,0.389
58,227,2024-05-02,0,1,2,0,0,0.5,0.0
59,227,2024-05-05,0,1,4,0,0,0.5,0.0
60,227,2024-05-11,0,0,2,0,0,0.0,0.0
61,227,2024-05-15,0,1,2,0,0,0.0,0.0
62,227,2024-05-19,0,1,2,0,0,0.0,0.0
63,227,2024-09-21,0,0,0,0,0,0.0,0.0
64,227,2024-09-28,0,0,0,0,0,0.0,0.0
65,227,2024-10-06,0,0,-1,0,0,0.0,0.0
66,227,2024-10-20,0,0,-1,0,0,0.0,0.0
67,227,2024-10-27,0,1,-1,0,0,0.0,0.0
68,227,2024-11-03,0,0,0,0,0,0.0,0.0
69,227,2024-11-10,0,0,1,0,0,0.0,0.0
70,227,2024-11-23,0,1,4,0,0,0.0,0.0
71,227,2024-12-01,0,0,0,0,0,0.0,0.0
72,227,2024-12-04,0,1,1,0,0,0.0,0.0
73,227,2024-12-08,0,0,0,0,0,0.0,0.0
74,227,2024-12-15,0,1,0,0,0,0.0,0.0
75,227,2024-12-22,0,0,0,0,0,0.0,0.0
76,227,2024-12-26,0,1,1,0,0,0.0,0.0
77,227,2024-12-30,0,1,5,0,0,0.0,0.0
78,227,2025-01-04,0,0,0,0,0,0.0,0.0
79,227,2025-01-14,0,1,0,0,0,0.0,0.0
80,227,2025-01-20,0,0,0,0,0,0.0,0.0
81,227,2025-01-25,0,0,0,0,0,0.0,0.0
82,227,2025-02-03,0,1,0,0,0,0.0,0.0
83,227,2025-02-14,0,1,1,0,0,0.0,0.0
84,227,2025-02-22,0,1,0,0,0,0.0,0.0
85,227,2025-02-25,0,1,0,0,0,0.0,0.0
86,227,2025-03-09,0,0,-1,0,0,0.0,0.0
87,227,2025-03-16,0,0,0,0,0,0.0,0.0
88,227,2025-04-03,0,0,0,0,0,0.0,0.0
89,227,2025-04-06,0,1,4,0,0,0.0,0.0
90,227,2025-04-13,0,2,6,0,0,0.0,0.0
91,227,2025-04-20,0,0,2,0,0,0.0,0.0
92,227,2025-04-26,0,0,0,0,0,0.0,0.0
93,227,2025-05-04,0,0,0,0,0,0.0,0.0
94,227,2025-05-11,0,1,2,0,0,0.0,0.0
95,227,2025-05-16,0,0,1,0,0,0.0,0.0
96,236,2023-08-13,0,0,0,0,0,,0.0
97,236,2023-09-17,0,1,5,0,0,0.0,0.0
98,236,2023-09-24,0,0,1,0,0,0.0,0.0
99,236,2023-10-02,0,1,5,2,0,0.0,0.0
100,236,2023-10-07,0,0,2,0,0,0.0,0.0
101,236,2023-10-21,0,0,0,0,0,0.0,0.0
102,236,2023-10-28,0,1,0,0,0,0.0,0.0
103,236,2023-11-06,0,0,2,0,0,0.0,0.0
104,236,2023-11-12,0,0,0,0,0,0.0,0.0
105,236,2023-11-25,0,1,3,0,0,0.0,0.0
106,236,2023-12-03,0,1,2,0,0,0.0,0.0
107,236,2023-12-06,0,0,0,0,0,0.0,0.0
108,236,2023-12-10,0,1,3,0,0,0.0,0.0
109,236,2023-12-16,0,1,4,0,0,0.0,0.0
110,236,2023-12-24,0,0,1,0,0,0.0,0.0
111,236,2023-12-27,0,1,2,0,0,0.0,0.0
112,236,2023-12-30,0,1,4,0,0,0.0,0.0
113,236,2024-01-13,0,0,2,0,0,0.0,0.0
114,236,2024-01-31,0,0,0,0,0,0.0,0.0
115,236,2024-02-04,0,1,1,0,0,0.0,0.0
116,236,2024-02-12,0,0,2,0,0,0.0,0.0
117,236,2024-02-17,0,0,0,0,0,0.0,0.0
118,236,2024-03-02,0,1,4,0,1,0.0,0.0
119,236,2024-03-11,0,0,5,0,0,0.0,0.0
120,236,2024-03-30,0,1,4,0,0,0.0,0.0
121,236,2024-04-04,0,0,0,0,0,0.0,0.0
122,236,2024-04-07,0,1,0,0,0,0.0,0.0
123,236,2024-04-15,0,0,0,0,0,0.0,0.0
124,236,2024-04-23,0,0,0,0,0,0.0,0.0
125,236,2024-04-27,0,0,0,0,0,0.0,0.0
126,236,2024-05-02,0,0,1,0,0,0.0,0.0
127,236,2024-05-05,0,1,4,0,0,0.0,0.0
128,236,2024-05-11,0,0,2,0,0,0.0,0.0
129,236,2024-05-15,0,1,2,0,0,0.0,0.0
130,236,2024-05-19,0,1,2,0,0,0.0,0.0
131,236,2024-09-21,0,0,0,0,0,0.0,0.0
132,236,2024-09-28,0,0,0,0,0,0.0,0.0
133,236,2024-10-06,0,0,-1,0,0,0.0,0.0
134,236,2024-10-20,0,0,-1,0,0,0.0,0.0
135,236,2024-10-27,0,1,-1,0,0,0.0,0.0
136,236,2024-11-03,0,0,0,0,0,0.0,0.0
137,236,2024-11-10,0,0,1,0,0,0.0,0.0
138,236,2024-11-23,0,1,4,0,0,0.0,0.0
139,236,2024-12-01,0,0,0,0,0,0.0,0.0
140,236,2024-12-04,0,1,1,0,0,0.0,0.0
141,236,2024-12-08,0,0,0,0,0,0.0,0.0
142,236,2024-12-15,0,1,0,0,0,0.0,0.0
143,236,2024-12-22,0,0,0,0,0,0.0,0.0
144,236,2024-12-26,0,1,1,0,0,0.0,0.0
145,236,2024-12-30,0,1,5,0,0,0.0,0.0
146,236,2025-01-04,0,0,0,0,0,0.0,0.0
147,236,2025-01-14,0,1,0,0,0,0.0,0.0
148,236,2025-01-20,0,0,0,0,0,0.0,0.0
149,236,2025-01-25,0,0,0,0,0,0.0,0.0
150,236,2025-02-03,0,1,0,0,0,0.0,0.0
151,236,2025-02-14,0,1,1,0,0,0.0,0.0
152,236,2025-02-22,0,1,0,0,0,0.0,0.0
153,236,2025-02-25,0,1,0,0,0,0.0,0.0
154,236,2025-03-09,0,0,-1,0,0,0.0,0.0
155,236,2025-03-16,0,0,0,0,0,0.0,0.0
156,236,2025-04-03,0,0,0,0,0,0.0,0.0
157,236,2025-04-06,0,1,4,0,0,0.0,0.0
158,236,2025-04-13,0,2,6,0,0,0.0,0.0
159,236,2025-04-20,0,0,2,0,0,0.0,0.0
160,236,2025-04-26,0,0,0,0,0,0.0,0.0
161,236,2025-05-04,0,0,0,0,0,0.0,0.0
162,236,2025-05-11,0,1,2,0,0,0.0,0.0
163,236,2025-05-16,0,0,1,0,0,0.0,0.0
164,301,2023-09-02,90,70,69,67,71,,80.99226
165,301,2023-10-07,7,43,40,44,31,90.0,40.646336
166,301,2023-10-21,29,22,26,23,16,48.5,13.122392
167,301,2023-10-29,0,29,33,22,26,42.0,22.41218
168,301,2023-11-04,1,11,14,5,11,31.5,6.445301
169,301,2023-11-11,13,8,10,10,3,9.25,3.0392032
170,301,2023-11-26,0,13,16,17,5,10.75,11.972985
171,301,2023-12-02,81,5,0,0,1,3.5,2.6965716
172,301,2023-12-07,5,41,39,36,47,23.75,65.20103
173,301,2023-12-10,23,27,25,34,27,24.75,19.120546
174,301,2023-12-16,8,29,28,42,25,27.25,20.26964
175,301,2023-12-23,11,25,29,34,18,29.25,14.09343
176,301,2023-12-27,64,18,19,13,15,11.75,11.608909
177,301,2023-12-30,16,37,41,38,40,26.5,41.54416
178,301,2024-01-14,27,25,25,26,19,24.75,25.954985
179,301,2024-01-30,9,26,28,29,21,29.5,21.643091
180,301,2024-02-03,5,23,30,33,20,29.0,10.137738
181,301,2024-02-10,12,12,13,11,13,14.25,4.8601327
182,301,2024-02-19,18,16,19,20,10,13.25,11.972985
183,301,2024-02-24,22,17,18,16,8,11.0,15.649657
184,301,2024-03-02,73,22,28,34,19,14.25,18.60797
185,301,2024-03-09,60,50,49,74,55,31.25,63.900978
186,301,2024-03-30,11,49,57,49,50,43.25,39.19283
187,301,2024-04-02,60,36,47,56,35,41.5,20.91291
188,301,2024-04-06,7,52,62,67,42,51.0,24.009752
189,301,2024-04-15,90,23,28,30,19,34.5,12.283189
190,301,2024-04-21,33,53,64,55,52,42.0,73.86995
191,301,2024-04-24,0,40,36,39,32,47.5,41.230366
192,301,2024-04-27,0,14,19,0,15,32.5,6.665598
193,301,2024-05-03,10,14,25,6,6,30.75,6.6292925
194,301,2024-05-11,0,12,13,14,2,10.75,5.8777847
195,301,2024-05-19,1,2,4,0,0,2.5,0.389
196,301,2024-09-21,0,12,14,9,1,2.75,5.4635053
197,301,2024-09-28,0,5,4,0,0,2.75,0.389
198,301,2024-10-05,0,2,4,0,0,0.25,0.4
199,301,2024-10-19,0,2,3,0,0,0.25,0.0
200,301,2024-10-26,9,0,0,0,0,0.0,0.0
201,301,2024-11-02,28,20,33,32,26,2.25,4.6745057
202,301,2024-11-09,15,27,28,17,27,9.25,19.206316
203,301,2024-11-23,18,20,23,19,19,13.0,12.367277
204,301,2024-12-01,66,23,28,32,21,17.5,16.488861
205,301,2024-12-04,0,42,51,57,41,31.75,41.54416
206,301,2024-12-14,0,16,16,0,15,24.75,12.32658
207,301,2024-12-22,17,10,10,0,10,21.0,1.2392031
208,301,2024-12-26,0,19,29,34,9,20.75,16.418747
209,301,2024-12-29,15,5,13,4,1,4.25,2.6965716
210,301,2025-01-04,9,15,17,4,10,8.0,10.380706
211,301,2025-01-15,7,16,16,12,6,10.25,7.3710766
212,301,2025-01-19,0,10,11,6,5,7.75,5.4635053
213,301,2025-01-25,77,7,3,0,0,7.75,0.78900003
214,301,2025-02-01,87,41,37,39,45,23.25,65.20103
215,301,2025-02-12,90,62,61,55,65,42.75,79.87772
216,301,2025-02-15,90,71,69,81,72,63.5,80.99226
217,301,2025-02-22,90,81,74,90,78,86.0,87.80582
218,301,2025-02-26,90,87,80,90,77,89.25,88.94545
219,301,2025-03-08,90,77,76,86,73,90.0,89.00624
220,301,2025-03-15,79,75,69,73,70,90.0,89.00624
221,301,2025-04-02,78,67,62,79,59,87.25,84.856094
222,301,2025-04-05,64,61,60,66,54,84.25,84.856094
223,301,2025-04-12,26,55,53,62,47,77.75,62.721237
224,301,2025-04-19,27,41,41,43,27,61.75,40.161327
225,301,2025-04-26,63,35,39,47,24,48.75,26.573624
226,301,2025-05-03,76,46,51,68,39,45.0,43.546745
227,301,2025-05-10,90,56,62,74,54,48.0,72.43566
228,301,2025-05-18,90,71,75,89,71,64.0,79.87772
229,312,2022-08-07,0,10,13,18,8,,10.380706
230,312,2022-08-30,0,0,0,0,0,0.0,0.0
231,312,2022-09-03,90,0,0,0,0,0.0,0.0
232,312,2022-09-18,88,48,52,34,58,30.0,73.86995
233,312,2022-10-01,88,61,66,79,66,44.5,80.99226
234,312,2022-10-09,83,65,64,89,66,66.5,87.80582
235,312,2022-10-15,65,69,67,84,62,87.25,87.23573
236,312,2022-10-19,17,56,61,58,49,81.0,65.45809
237,312,2022-10-22,12,37,37,41,24,63.25,40.768116
238,312,2022-10-29,4,26,31,28,16,44.25,19.528833
239,312,2022-11-05,29,15,20,25,11,24.5,8.695162
240,312,2022-11-12,73,27,30,35,26,15.5,19.206316
241,312,2022-12-26,82,46,52,54,47,29.5,63.900978
242,312,2022-12-31,20,52,50,61,52,47.0,75.26916
243,312,2023-01-03,26,35,41,39,27,51.0,38.71027
244,312,2023-01-14,0,34,31,25,22,50.25,26.429792
245,312,2023-01-21,0,18,16,26,12,32.0,7.1987123
246,312,2023-02-04,28,7,4,10,4,11.5,1.2392031
247,312,2023-02-13,12,21,18,24,18,13.5,20.409595
248,312,2023-02-18,80,16,19,19,13,10.0,12.367277
249,312,2023-02-25,75,45,47,51,49,30.0,65.20103
250,312,2023-03-01,60,55,50,53,50,48.75,75.87362
251,312,2023-03-05,1,52,53,56,49,56.75,39.7772
252,312,2023-03-11,4,28,31,34,20,54.0,11.983366
253,312,2023-03-18,0,14,19,12,14,35.0,7.2267933
254,312,2023-04-03,0,11,13,8,7,16.25,2.755661
255,312,2023-04-08,20,1,2,0,0,1.25,0.0
256,312,2023-04-15,73,15,15,15,14,6.0,17.010397
257,312,2023-04-22,1,43,46,44,49,23.25,63.900978
258,312,2023-04-27,17,20,22,14,18,23.5,18.088615
259,312,2023-05-01,0,19,29,37,17,27.75,14.891289
260,312,2023-05-08,3,14,18,10,9,22.75,5.0632324
261,312,2023-05-14,45,4,6,0,0,5.25,2.98
262,312,2023-05-20,8,30,26,19,32,16.25,19.206316
263,312,2023-05-28,0,18,17,24,16,14.0,9.516528
264,312,2023-08-12,71,0,-1,0,0,14.0,0.0
265,312,2023-09-16,18,12,13,11,8,31.0,3.605864
266,312,2023-09-23,0,19,21,26,8,24.25,16.418747
267,312,2023-10-01,15,5,0,0,2,22.25,2.6965716
268,312,2023-10-07,20,16,17,20,9,26.0,10.380706
269,312,2023-10-21,87,22,27,29,16,13.25,18.60797
270,312,2023-10-28,14,47,39,44,53,30.5,73.86995
271,312,2023-11-04,90,35,38,48,31,34.0,30.427101
272,312,2023-11-12,18,61,53,70,63,52.75,80.683495
273,312,2023-11-25,18,43,41,41,34,52.25,42.665398
274,312,2023-12-02,90,28,34,34,22,35.0,17.073235
275,312,2023-12-06,90,65,66,75,62,54.0,74.30913
276,312,2023-12-09,90,63,67,68,65,54.0,80.99226
277,312,2023-12-17,22,63,62,60,64,72.0,87.80582
278,312,2023-12-27,90,45,51,38,32,73.0,48.29858
279,312,2023-12-30,27,62,56,57,54,73.0,80.5383
280,312,2024-01-20,73,41,43,57,32,57.25,48.65883
281,312,2024-01-31,90,57,53,79,52,53.0,70.71453
282,312,2024-02-05,90,68,73,78,69,70.0,82.17261
283,312,2024-02-10,75,71,73,72,72,70.0,80.99226
284,312,2024-02-17,62,69,64,79,66,82.0,83.19725
285,312,2024-02-20,22,64,65,75,55,79.25,50.010902
286,312,2024-02-26,72,39,41,60,30,62.25,38.45042
287,312,2024-03-02,3,56,54,72,50,57.75,58.994972
288,312,2024-03-09,12,29,26,39,22,39.75,22.07448
289,312,2024-03-16,10,20,23,25,15,27.25,12.812188
290,312,2024-03-30,3,21,26,20,13,24.25,9.737738
291,312,2024-04-03,0,7,16,18,0,7.0,3.369
292,312,2024-04-06,4,4,7,11,0,6.25,0.78900003
293,312,2024-04-13,78,6,9,6,2,4.25,3.2319303
294,312,2024-04-20,8,40,43,37,46,21.25,65.20103
295,312,2024-04-27,0,20,17,7,18,22.5,20.563122
296,312,2024-05-04,0,11,14,6,11,22.5,1.6282032
297,312,2024-05-11,0,11,11,19,4,21.5,3.1103206
298,312,2024-05-19,16,1,4,0,0,2.0,0.0
299,312,2024-09-21,0,1,0,0,0,4.0,0.0
300,312,2024-09-28,0,0,-1,0,0,4.0,0.0
301,312,2024-10-05,0,0,0,0,0,4.0,0.0
302,312,2024-10-19,0,1,2,0,0,4.0,0.0
303,312,2024-10-26,0,0,0,0,0,0.0,0.0
304,312,2024-11-02,0,1,3,0,0,0.0,0.0
305,312,2024-11-09,0,0,0,0,0,0.0,0.0
306,312,2024-11-23,0,1,1,0,0,0.0,0.0
307,312,2024-12-01,0,0,0,0,0,0.0,0.0
308,312,2024-12-04,0,1,1,0,0,0.0,0.0
309,312,2024-12-14,0,0,-1,0,0,0.0,0.0
310,312,2024-12-22,0,1,0,0,0,0.0,0.0
311,312,2024-12-26,0,0,2,2,0,0.0,0.0
312,312,2024-12-29,0,1,6,0,0,0.0,0.0
313,312,2025-01-04,0,0,0,0,0,0.0,0.0
314,312,2025-01-15,0,0,0,0,0,0.0,0.0
315,312,2025-01-19,0,0,0,0,0,0.0,0.0
316,312,2025-01-25,0,1,0,0,0,0.0,0.0
317,312,2025-02-01,0,0,0,0,0,0.0,0.0
318,312,2025-02-12,0,0,0,0,0,0.0,0.0
319,312,2025-02-15,0,1,0,0,0,0.0,0.0
320,312,2025-02-22,0,0,-1,0,0,0.0,0.0
321,312,2025-02-26,0,1,0,0,0,0.0,0.0
322,312,2025-03-08,0,0,0,0,0,0.0,0.0
323,312,2025-03-15,0,1,0,0,0,0.0,0.0
324,312,2025-04-02,0,0,-1,0,0,0.0,0.0
325,312,2025-04-05,0,1,0,0,0,0.0,0.0
326,312,2025-04-12,0,1,0,0,0,0.0,0.0
327,312,2025-04-19,0,0,2,0,0,0.0,0.0
328,312,2025-04-26,0,1,4,0,1,0.0,0.0
329,312,2025-05-03,0,1,3,0,0,0.0,0.0
330,312,2025-05-10,0,0,3,0,0,0.0,0.0
331,312,2025-05-18,0,1,1,0,0,0.0,0.0
332,409,2022-08-05,57,19,18,12,16,,13.20648
333,409,2022-08-30,36,52,51,57,47,57.0,57.134453
334,409,2022-09-03,27,39,38,44,30,46.5,36.43408
335,409,2022-10-01,83,40,43,54,32,40.0,26.155203
336,409,2022-10-09,85,60,66,76,59,50.75,67.58065
337,409,2022-10-15,64,64,63,83,68,57.75,78.763336
338,409,2022-10-18,80,59,54,59,56,64.75,62.696655
339,409,2022-10-22,90,69,63,77,64,78.0,80.898445
340,409,2022-10-29,74,69,67,72,65,79.75,81.67298
341,409,2022-11-06,0,69,73,82,63,77.0,77.524826
342,409,2022-11-12,5,35,37,36,27,61.0,21.814335
343,409,2022-12-26,0,23,31,23,14,42.25,12.081433
344,409,2022-12-31,16,15,21,16,9,19.75,2.755661
345,409,2023-01-04,17,14,15,17,17,5.25,10.380706
346,409,2023-01-15,21,21,23,21,20,9.5,15.649657
347,409,2023-01-18,70,19,20,16,20,13.5,18.60797
348,409,2023-01-21,89,46,46,57,45,31.0,40.34088
349,409,2023-02-04,90,55,58,68,53,49.25,78.227646
350,409,2023-02-11,19,63,61,61,57,67.5,80.99226
351,409,2023-02-18,10,42,41,39,29,67.0,37.49971
352,409,2023-02-25,19,27,30,43,17,52.0,16.220581
353,409,2023-03-04,0,27,26,33,18,34.5,21.662388
354,409,2023-03-11,10,8,7,1,4,12.0,3.0965717
355,409,2023-03-15,78,12,15,15,1,9.75,5.074506
356,409,2023-03-19,64,43,45,50,45,26.75,65.20103
357,409,2023-04-01,85,45,45,48,39,38.0,56.762096
358,409,2023-04-09,73,58,56,58,55,59.25,74.8153
359,409,2023-04-15,73,66,61,80,61,75.0,78.58966
360,409,2023-04-22,70,60,54,69,57,73.75,82.63947
361,409,2023-04-25,25,57,56,68,52,75.25,61.617165
362,409,2023-04-29,6,40,39,40,28,60.25,37.597458
363,409,2023-05-06,6,23,19,32,14,43.5,10.31733
364,409,2023-05-13,39,17,14,14,10,26.75,8.009759
365,409,2023-05-20,79,29,27,27,28,19.0,20.409595
366,409,2023-05-28,66,52,60,65,55,32.5,65.20103
367,409,2023-08-12,90,0,0,0,0,47.5,0.0
368,409,2023-09-16,89,76,77,90,71,68.5,87.977264
369,409,2023-09-23,90,80,80,90,76,81.0,82.77707
370,409,2023-09-30,0,69,66,69,68,83.75,87.80582
371,409,2023-10-07,90,40,43,43,27,67.25,24.373602
372,409,2023-10-21,90,61,55,54,53,67.25,80.5383
373,409,2023-10-27,78,61,68,59,57,67.5,82.77707
374,409,2023-11-04,85,61,60,60,56,64.5,83.19725
375,409,2023-11-11,82,66,69,67,60,85.75,86.63127
376,409,2023-11-25,79,72,73,80,66,83.75,78.62692
377,409,2023-12-03,86,68,68,71,64,81.0,84.846466
378,409,2023-12-06,90,69,65,72,65,83.0,88.486534
379,409,2023-12-09,45,70,73,73,69,84.25,82.18306
380,409,2023-12-16,0,53,44,55,45,75.0,47.05348
381,409,2023-12-21,0,29,28,23,18,55.25,10.76774
382,409,2023-12-27,0,16,11,10,7,33.75,6.6292925
383,409,2023-12-30,0,8,8,10,0,11.25,2.366661
384,409,2024-01-20,0,0,-1,0,0,0.0,0.0
385,409,2024-01-30,1,2,0,0,0,0.0,0.0
386,409,2024-02-03,10,1,0,0,0,0.25,1.8000001
387,409,2024-02-12,6,8,9,5,6,2.75,5.0635056
388,409,2024-02-19,71,9,13,7,4,4.25,4.4038954
389,409,2024-02-24,65,41,42,51,47,22.0,39.586525
390,409,2024-03-02,19,47,46,51,45,38.0,53.92859
391,409,2024-03-09,9,32,35,29,25,40.25,30.076567
392,409,2024-03-30,0,21,28,21,15,41.0,10.976941
393,409,2024-04-02,4,14,21,25,11,23.25,3.155661
394,409,2024-04-06,16,6,16,5,0,8.0,3.63193
395,409,2024-04-14,1,24,31,40,28,7.25,10.769706
396,409,2024-04-21,22,14,13,14,10,5.25,4.4965715
397,409,2024-04-24,0,20,18,20,19,10.75,17.010397
398,409,2024-04-27,21,12,13,6,7,9.75,2.6965716
399,409,2024-05-06,22,20,20,25,19,11.0,17.8496
400,409,2024-05-11,21,25,27,20,22,16.25,19.811249
401,409,2024-05-19,14,20,15,19,18,16.0,19.447172
402,409,2024-09-21,7,11,4,2,9,19.5,3.605864
403,409,2024-09-28,1,15,18,27,7,16.0,7.0411663
404,409,2024-10-05,16,4,4,0,0,10.75,2.1890001
405,409,2024-10-19,0,14,14,20,9,9.5,10.769706
406,409,2024-10-25,0,6,7,8,1,6.0,2.6965716
407,409,2024-11-02,0,3,5,0,0,4.25,0.4
408,409,2024-11-10,2,1,1,0,0,4.0,0.0
409,409,2024-11-23,0,3,6,0,1,0.5,1.8000001
410,409,2024-11-30,0,2,0,0,0,0.5,0.389
411,409,2024-12-03,0,2,0,0,0,0.5,0.0
412,409,2024-12-08,0,1,-1,0,0,0.5,0.0
413,409,2024-12-14,0,0,-1,0,0,0.0,0.0
414,409,2024-12-22,0,1,-1,0,0,0.0,0.0
415,409,2024-12-26,0,0,-1,0,0,0.0,0.0
416,409,2024-12-29,0,0,0,0,0,0.0,0.0
417,409,2025-01-04,0,1,0,0,0,0.0,0.0
418,409,2025-01-15,0,1,0,0,0,0.0,0.0
419,409,2025-01-18,0,1,0,0,0,0.0,0.0
420,409,2025-01-26,0,0,-1,0,0,0.0,0.0
421,409,2025-02-01,0,0,-1,0,0,0.0,0.0
422,409,2025-02-15,0,0,0,0,0,0.0,0.0
423,409,2025-02-21,0,1,0,0,0,0.0,0.0
424,409,2025-02-27,0,1,-1,0,0,0.0,0.0
425,409,2025-03-09,0,1,0,0,0,0.0,0.0
426,409,2025-03-16,0,0,-1,0,0,0.0,0.0
427,409,2025-04-02,0,0,0,0,0,0.0,0.0
428,409,2025-04-07,0,1,0,0,0,0.0,0.0
429,409,2025-04-12,0,1,0,0,0,0.0,0.0
430,409,2025-04-20,0,0,0,0,0,0.0,0.0
431,409,2025-04-26,0,1,0,0,0,0.0,0.0
432,409,2025-05-03,0,1,-1,0,0,0.0,0.0
433,409,2025-05-11,0,0,-1,0,0,0.0,0.0
434,409,2025-05-18,0,1,1,0,0,0.0,0.0
435,559,2025-03-16,5,4,8,0,1,,0.4
436,559,2025-04-01,0,6,11,10,1,5.0,3.2319303
437,559,2025-04-06,0,2,5,3,0,2.5,0.389
438,559,2025-04-13,0,2,4,0,1,1.6666666666666667,0.4
439,559,2025-04-20,20,2,7,11,0,1.25,0.0
440,559,2025-04-27,15,15,15,7,14,5.0,17.010397
441,559,2025-05-04,90,18,19,18,21,8.75,12.367277
442,559,2025-05-11,0,49,46,40,51,31.25,73.86995
443,559,2025-05-16,0,21,27,28,20,31.25,16.798695
444,575,2022-08-28,0,72,74,72,69,,76.3837
445,575,2023-01-15,19,72,75,79,71,0.0,80.99226
446,575,2023-01-21,21,50,53,72,43,9.5,37.49971
447,575,2023-02-04,0,40,44,53,32,13.333333333333334,28.89314
448,575,2023-02-11,90,23,29,16,14,10.0,8.48666
449,575,2023-02-18,63,50,52,48,55,32.5,73.86995
450,575,2023-03-04,28,48,49,60,44,43.5,57.272175
451,575,2023-03-12,67,39,48,58,34,45.25,37.650837
452,575,2023-03-17,90,60,67,70,54,62.0,44.444324
453,575,2023-04-02,79,72,71,85,75,62.0,78.227646
454,575,2023-04-05,26,68,65,66,68,66.0,76.3837
455,575,2023-04-08,86,53,50,70,47,65.5,43.97953
456,575,2023-04-15,90,68,64,72,64,70.25,74.30913
457,575,2023-04-23,65,67,63,71,66,70.25,82.18306
458,575,2023-04-27,16,68,71,90,64,66.75,62.696655
459,575,2023-04-30,90,45,38,34,37,64.25,33.700912
460,575,2023-05-07,90,67,60,80,63,65.25,74.30913
461,575,2023-05-13,90,65,63,66,67,65.25,80.99226
462,575,2023-05-18,90,68,66,78,65,71.5,87.80582
463,575,2023-05-22,90,72,65,86,66,90.0,89.00624
464,575,2023-05-28,87,70,70,71,65,90.0,89.00624
465,575,2023-08-12,67,41,48,56,29,89.25,20.588934
466,575,2023-09-16,0,61,59,58,54,83.5,72.992424
467,575,2023-09-24,20,28,33,31,19,61.0,19.49448
468,575,2023-09-30,90,33,29,37,32,43.5,20.21626
469,575,2023-10-08,85,61,64,71,65,44.25,73.86995
470,575,2023-10-21,20,70,72,70,76,48.75,78.763336
471,575,2023-11-25,80,45,43,44,39,53.75,39.92703
472,575,2023-12-02,90,63,59,85,61,68.75,72.3278
473,575,2023-12-07,90,68,65,54,67,68.75,81.67298
474,575,2023-12-10,63,64,64,64,63,70.0,81.576645
475,575,2023-12-16,0,60,62,67,49,80.75,65.50925
476,575,2023-12-23,52,29,40,61,18,60.75,21.58887
477,575,2023-12-26,90,42,41,48,36,51.25,27.65582
478,575,2024-01-01,90,64,78,90,65,51.25,73.86995
479,575,2024-01-13,90,71,82,87,74,58.0,80.99226
480,575,2024-01-30,42,75,85,90,76,80.5,87.80582
481,575,2024-02-24,63,60,69,79,50,78.0,50.4945
482,575,2024-03-02,69,55,53,52,47,71.25,50.16025
483,575,2024-03-11,90,61,55,73,56,66.0,61.065033
484,575,2024-03-30,90,68,65,67,68,66.0,78.227646
485,575,2024-04-02,90,79,75,90,78,78.0,80.99226
486,575,2024-04-06,90,83,77,80,77,84.75,87.80582
487,575,2024-04-13,90,80,82,86,74,90.0,89.00624
488,575,2024-04-24,90,86,81,90,77,90.0,89.00624
489,575,2024-04-27,90,77,75,84,71,90.0,89.00624
490,575,2024-05-04,76,83,76,88,77,90.0,89.00624
491,575,2024-05-11,67,79,74,90,71,86.5,84.856094
492,575,2024-05-15,90,66,70,90,61,80.75,65.51888
493,575,2024-05-19,80,70,78,69,66,80.75,81.74808
494,575,2024-10-19,90,56,58,65,48,78.25,50.4945
495,575,2024-10-27,90,68,67,70,66,81.75,81.31114
496,575,2024-11-02,90,76,76,90,73,87.5,82.77707
497,575,2024-11-10,90,73,74,80,73,87.5,87.80582
498,575,2024-11-25,90,80,74,88,76,90.0,89.00624
499,575,2024-11-30,21,76,74,77,71,90.0,89.00624
500,575,2024-12-04,90,47,52,64,35,72.75,48.29858
501,575,2024-12-07,90,71,68,84,63,72.75,80.5383
502,575,2024-12-14,72,71,75,81,75,72.75,82.77707
503,575,2024-12-21,72,79,81,90,72,68.25,78.84799
504,575,2024-12-26,90,89,87,90,79,81.0,79.90239
505,575,2024-12-30,90,88,89,90,79,81.0,82.17261
506,575,2025-01-04,85,86,89,90,82,81.0,80.99226
507,575,2025-01-15,77,82,86,90,74,84.25,85.57689
508,575,2025-01-18,90,82,74,85,74,85.5,84.856094
509,575,2025-01-25,78,77,81,73,70,85.5,88.401794
510,575,2025-02-01,90,82,76,90,75,82.5,78.03291
511,575,2025-02-15,89,78,81,90,71,83.75,86.69129
512,575,2025-02-23,86,70,77,79,66,86.75,82.77707
513,575,2025-03-10,78,80,81,90,75,85.75,88.99661
514,575,2025-04-02,65,68,67,75,63,85.75,84.856094
515,575,2025-04-07,71,67,70,80,62,79.5,65.51888
516,575,2025-04-13,77,63,56,72,58,75.0,58.78366
517,575,2025-04-16,71,63,58,71,59,72.75,74.08488
518,575,2025-04-19,75,64,57,58,65,71.0,59.96796
519,575,2025-04-26,76,65,70,61,60,73.5,72.43566
520,575,2025-05-04,90,65,62,71,64,74.75,75.26916
521,575,2025-05-11,90,74,70,86,70,78.0,79.87772
522,575,2025-05-18,0,69,69,66,72,82.75,80.99226
523,624,2023-08-12,0,0,-1,0,0,,0.0
524,624,2023-09-18,0,1,0,0,0,0.0,0.0
525,624,2023-09-23,0,0,3,0,0,0.0,0.0
526,624,2023-10-01,0,1,3,0,0,0.0,0.0
527,624,2023-10-07,0,0,0,0,0,0.0,0.0
528,624,2023-10-21,0,1,6,0,0,0.0,0.0
529,624,2023-10-29,0,0,0,0,0,0.0,0.0
530,624,2023-11-05,0,1,1,0,0,0.0,0.0
531,624,2023-11-12,0,0,0,0,0,0.0,0.0
532,624,2023-11-25,0,1,3,0,0,0.0,0.0
533,624,2023-12-02,0,0,-1,0,0,0.0,0.0
534,624,2023-12-06,0,1,-1,0,0,0.0,0.0
535,624,2023-12-09,0,0,-1,0,0,0.0,0.0
536,624,2023-12-15,0,0,0,0,0,0.0,0.0
537,624,2023-12-23,0,1,0,0,0,0.0,0.0
538,624,2023-12-26,0,0,0,0,0,0.0,0.0
539,624,2023-12-30,0,0,0,0,0,0.0,0.0
540,624,2024-01-20,0,0,-1,0,0,0.0,0.0
541,624,2024-01-30,0,0,0,0,0,0.0,0.0
542,624,2024-02-04,0,1,0,0,0,0.0,0.0
543,624,2024-02-10,0,0,-1,0,0,0.0,0.0
544,624,2024-02-17,0,1,1,0,0,0.0,0.0
545,624,2024-02-24,0,0,-1,0,0,0.0,0.0
546,624,2024-03-02,0,0,-1,0,0,0.0,0.0
547,624,2024-03-10,0,1,0,0,0,0.0,0.0
548,624,2024-03-16,0,1,0,0,0,0.0,0.0
549,624,2024-03-30,0,0,1,0,0,0.0,0.0
550,624,2024-04-02,0,0,0,0,0,0.0,0.0
551,624,2024-04-07,0,0,0,0,0,0.0,0.0
552,624,2024-04-13,0,1,1,0,0,0.0,0.0
553,624,2024-04-21,0,0,-1,0,0,0.0,0.0
554,624,2024-04-28,0,0,2,0,0,0.0,0.0
555,624,2024-05-04,0,2,2,0,0,0.0,0.0
556,624,2024-05-11,0,0,0,0,0,0.0,0.0
557,624,2024-05-19,0,2,4,0,0,0.0,0.0
558,624,2024-09-22,0,1,0,0,0,0.0,0.0
559,624,2024-09-28,0,0,0,0,0,0.0,0.0
560,624,2024-10-06,0,1,0,0,0,0.0,0.0
561,624,2024-10-21,0,0,-1,0,0,0.0,0.0
562,624,2024-10-25,0,1,-1,0,0,0.0,0.0
563,624,2024-11-02,0,0,-1,0,0,0.0,0.0
564,624,2024-11-10,0,0,-1,0,0,0.0,0.0
565,624,2024-11-23,0,0,-1,0,0,0.0,0.0
566,624,2024-11-30,0,2,1,0,0,0.0,0.0
567,624,2024-12-04,0,0,2,0,0,0.0,0.0
568,624,2024-12-07,0,1,7,0,1,0.0,0.0
569,624,2024-12-14,0,0,0,0,0,0.0,0.0
570,624,2024-12-21,0,1,2,0,0,0.0,0.0
571,624,2024-12-26,0,0,0,0,0,0.0,0.0
572,624,2024-12-29,0,1,0,0,0,0.0,0.0
573,624,2025-01-06,0,0,-1,0,0,0.0,0.0
574,624,2025-01-14,0,0,0,0,0,0.0,0.0
575,624,2025-01-19,0,1,0,0,0,0.0,0.0
576,624,2025-01-25,0,0,-1,0,0,0.0,0.0
577,624,2025-02-01,0,1,0,0,0,0.0,0.0
578,624,2025-02-15,0,0,-1,0,0,0.0,0.0
579,624,2025-02-23,0,0,-1,0,0,0.0,0.0
580,624,2025-02-26,0,0,0,0,0,0.0,0.0
581,624,2025-03-08,0,0,0,0,0,0.0,0.0
582,624,2025-03-15,0,2,5,0,0,0.0,0.0
583,624,2025-04-01,0,0,3,0,0,0.0,0.0
584,624,2025-04-05,0,1,4,0,1,0.0,0.0
585,624,2025-04-12,0,0,0,0,0,0.0,0.0
586,624,2025-04-21,0,0,3,0,0,0.0,0.0
587,624,2025-05-01,0,1,-1,0,0,0.0,0.0
588,624,2025-05-05,0,1,-1,0,0,0.0,0.0
589,624,2025-05-11,0,1,0,0,0,0.0,0.0
590,624,2025-05-18,0,0,-1,0,0,0.0,0.0
591,625,2022-08-06,1,74,83,90,68,,84.856094
592,625,2022-08-31,26,39,42,45,46,1.0,40.34088
593,625,2022-09-03,1,33,33,31,25,13.5,35.230797
594,625,2022-09-17,1,15,21,12,13,9.333333333333334,5.735774
595,625,2022-10-01,0,14,19,24,9,7.25,5.7948637
596,625,2022-10-08,6,5,8,2,0,7.0,1.5922792
597,625,2022-10-16,12,4,2,0,2,2.0,4.0148954
598,625,2022-10-19,3,11,9,3,5,4.75,10.769706
599,625,2022-10-23,2,6,10,16,1,5.25,5.6765714
600,625,2022-10-29,4,6,8,6,0,5.75,2.589
601,625,2022-11-06,45,6,4,0,1,5.25,3.6209302
602,625,2022-11-12,75,34,32,38,43,13.5,19.206316
603,625,2022-12-26,87,47,44,44,53,31.5,65.20103
604,625,2022-12-31,63,62,60,68,66,52.75,79.87772
605,625,2023-01-03,22,60,53,65,55,67.5,60.47804
606,625,2023-01-15,1,41,45,31,30,61.75,37.82158
607,625,2023-01-21,74,23,30,33,14,43.25,11.125863
608,625,2023-02-05,72,45,50,55,43,40.0,63.900978
609,625,2023-02-11,62,47,53,50,42,42.25,70.919914
610,625,2023-02-18,11,48,56,50,41,52.25,43.055294
611,625,2023-02-25,76,39,48,53,31,54.75,23.933088
612,625,2023-03-05,70,54,53,64,47,55.25,65.20103
613,625,2023-03-11,5,51,48,59,46,54.75,59.128757
614,625,2023-03-17,0,27,26,37,18,40.5,16.397713
615,625,2023-08-12,1,73,72,85,69,37.75,89.00624
616,625,2023-09-18,2,23,22,24,22,19.0,19.206316
617,625,2023-09-23,15,14,21,16,11,2.0,4.896571
618,625,2023-10-01,9,18,22,26,16,4.5,11.608909
619,625,2023-10-07,75,13,15,11,2,6.75,8.574356
620,625,2023-10-21,90,43,49,51,46,25.25,65.20103
621,625,2023-10-29,0,65,71,77,67,47.25,79.87772
622,625,2023-11-05,0,37,36,38,29,43.5,17.637897
623,625,2023-11-12,14,17,29,26,13,41.25,4.1902375
624,625,2023-11-25,62,25,31,22,16,26.0,17.991007
625,625,2023-12-02,90,38,40,36,46,19.0,25.794876
626,625,2023-12-06,32,56,58,74,56,41.5,78.227646
627,625,2023-12-09,6,37,36,41,32,49.5,39.702908
628,625,2023-12-15,22,26,26,23,16,47.5,13.047155
629,625,2023-12-23,90,30,27,28,22,37.5,25.459902
630,625,2023-12-26,90,59,67,74,63,37.5,73.86995
631,625,2023-12-30,90,79,88,90,82,52.0,80.99226
632,625,2024-01-20,90,74,72,74,69,73.0,87.80582
633,625,2024-01-30,45,82,86,90,74,90.0,89.00624
634,625,2024-03-10,90,60,57,79,47,78.75,50.4945
635,625,2024-03-16,74,67,68,88,60,78.75,81.31114
636,625,2024-03-30,90,66,66,67,59,74.75,79.18367
637,625,2024-04-02,90,70,73,72,69,74.75,86.69129
638,625,2024-04-07,67,78,76,90,74,86.0,82.77707
639,625,2024-04-13,90,67,72,89,63,80.25,63.86004
640,625,2024-04-21,90,74,71,89,69,84.25,87.977264
641,625,2024-04-28,90,69,65,74,65,84.25,82.77707
642,625,2024-05-04,89,71,76,90,64,84.25,87.80582
643,625,2024-05-11,90,65,60,62,61,89.75,89.00624
644,625,2024-05-19,78,70,73,77,61,89.75,89.00624
645,625,2024-09-22,71,69,70,85,65,86.75,76.3837
646,625,2024-09-28,90,63,56,73,61,82.0,63.34996
647,625,2024-10-06,81,68,64,72,63,82.25,81.74808
648,625,2024-10-21,83,68,65,80,64,80.0,78.03291
649,625,2024-10-25,80,73,78,84,69,81.25,85.06681
650,625,2024-11-02,78,79,78,90,72,83.5,84.856094
651,625,2024-11-10,90,74,66,77,68,80.5,84.33639
652,625,2024-11-23,27,75,72,90,71,82.75,81.6529
653,625,2024-11-30,90,49,51,63,39,68.75,46.025257
654,625,2024-12-04,61,67,66,80,60,71.25,81.87429
655,625,2024-12-07,78,56,60,66,51,67.0,48.65883
656,625,2024-12-14,90,63,65,75,64,64.0,76.37228
657,625,2024-12-21,90,69,67,81,66,79.75,82.17261
658,625,2024-12-26,86,67,64,67,65,79.75,80.99226
659,625,2024-12-29,75,67,63,62,60,86.0,88.99661
660,625,2025-01-06,87,68,65,71,61,85.25,84.856094
661,625,2025-01-14,89,72,64,85,68,84.5,88.401794
662,625,2025-01-19,82,76,74,90,71,84.25,82.18306
663,625,2025-01-25,90,78,77,90,72,83.25,83.19725
664,625,2025-02-01,81,74,72,71,67,87.0,88.94545
665,625,2025-02-15,90,84,79,90,78,85.5,84.856094
666,625,2025-02-23,90,83,79,89,74,85.75,88.486534
667,625,2025-02-26,84,77,79,87,71,87.75,89.00624
668,625,2025-03-08,86,74,82,90,69,86.25,87.226105
669,625,2025-03-15,79,72,79,73,64,87.5,89.00624
670,625,2025-04-01,0,65,61,48,58,84.75,84.856094
671,625,2025-04-05,0,33,35,30,22,62.25,21.814335
672,625,2025-04-12,90,15,14,9,10,41.25,5.341345
673,625,2025-04-21,75,50,51,56,50,42.25,75.060745
674,625,2025-05-01,90,54,53,51,54,41.25,76.3837
675,625,2025-05-05,90,63,64,72,64,63.75,86.69129
676,625,2025-05-11,90,72,73,84,65,86.25,82.77707
677,625,2025-05-18,90,73,70,90,68,86.25,87.80582
678,641,2022-08-06,45,0,0,0,0,,0.0
679,641,2022-08-30,85,56,55,68,52,45.0,72.43566
680,641,2022-09-03,82,67,70,85,66,65.0,77.648796
681,641,2022-09-16,70,66,67,90,63,70.66666666666667,76.3837
682,641,2022-10-01,30,61,62,68,54,70.5,63.86004
683,641,2022-10-08,65,47,48,54,37,66.75,43.973186
684,641,2022-10-16,73,53,57,62,42,61.75,47.3414
685,641,2022-10-19,87,54,59,71,49,59.5,72.992424
686,641,2022-10-23,72,59,58,62,55,63.75,79.87772
687,641,2022-10-29,0,60,61,71,52,74.25,72.034454
688,641,2022-11-06,26,29,29,30,20,58.0,20.078854
689,641,2022-11-12,58,33,33,49,27,46.25,27.65582
690,641,2022-12-26,6,42,41,42,38,39.0,23.17055
691,641,2022-12-31,1,21,17,20,16,22.5,10.09612
692,641,2023-01-04,26,12,20,17,11,22.75,4.631482
693,641,2023-01-14,29,24,24,25,20,22.75,21.572977
694,641,2023-01-21,83,26,25,28,26,15.5,20.803888
695,641,2023-02-04,9,48,53,59,48,34.75,67.58065
696,641,2023-02-11,0,28,29,28,21,36.75,23.515684
697,641,2023-02-18,31,14,11,15,12,30.25,3.4158554
698,641,2023-02-25,8,30,29,35,27,30.75,25.52867
699,641,2023-03-04,27,16,15,14,12,12.0,9.516528
700,641,2023-03-12,14,21,26,43,20,16.5,20.045519
701,641,2023-03-15,0,20,20,32,15,20.0,13.570557
702,641,2023-03-18,0,8,8,0,4,12.25,3.9357748
703,641,2023-04-02,0,6,4,13,0,10.25,1.6032791
704,641,2023-04-08,0,1,0,0,0,3.5,0.0
705,641,2023-04-15,0,1,1,0,0,0.0,0.0
706,641,2023-04-21,76,0,0,0,0,0.0,0.0
707,641,2023-04-27,75,39,39,41,43,19.0,65.20103
708,641,2023-04-30,20,48,42,52,48,37.75,75.26916
709,641,2023-05-08,14,33,39,25,24,42.75,36.99691
710,641,2023-05-13,8,26,23,22,19,46.25,15.573141
711,641,2023-05-21,0,21,21,27,14,29.25,10.137738
712,641,2023-05-28,27,7,9,0,6,10.5,0.78900003
713,641,2024-09-21,8,25,27,43,14,12.25,12.244155
714,641,2024-09-30,0,17,14,14,8,10.75,8.28037
715,641,2024-10-05,16,8,18,19,0,8.75,2.755661
716,641,2024-10-19,0,13,9,4,10,12.75,10.380706
717,641,2024-10-26,45,5,6,0,0,6.0,2.6965716
718,641,2024-11-02,90,31,37,35,33,15.25,19.206316
719,641,2024-11-09,90,57,59,68,60,37.75,73.86995
720,641,2024-11-24,76,60,59,67,62,56.25,80.99226
721,641,2024-11-29,90,69,66,78,64,75.25,83.19725
722,641,2024-12-04,61,72,63,76,69,86.5,88.401794
723,641,2024-12-07,90,60,67,82,50,79.25,48.65883
724,641,2024-12-15,81,66,63,61,60,79.25,85.04121
725,641,2024-12-22,90,63,71,72,56,80.5,78.62692
726,641,2024-12-26,72,67,65,64,60,80.5,87.29574
727,641,2024-12-29,64,62,61,68,52,83.25,80.506836
728,641,2025-01-04,35,58,62,58,50,76.75,64.99917
729,641,2025-01-16,17,46,51,42,35,65.25,45.874096
730,641,2025-01-19,57,31,34,35,20,47.0,21.00097
731,641,2025-01-25,59,42,42,45,36,43.25,24.009752
732,641,2025-02-01,0,44,54,48,36,42.0,24.152618
733,641,2025-02-15,0,18,20,0,13,33.25,6.0812244
734,641,2025-02-22,0,13,23,24,10,29.0,3.605864
735,641,2025-02-25,0,8,6,1,2,14.75,2.366661
736,641,2025-03-08,0,0,0,0,0,0.0,0.0
737,641,2025-03-15,0,1,0,0,0,0.0,0.0
738,641,2025-04-02,0,1,-1,0,0,0.0,0.0
739,641,2025-04-06,0,0,0,0,0,0.0,0.0
740,641,2025-04-12,0,1,-1,0,0,0.0,0.0
741,641,2025-04-19,0,1,-1,0,0,0.0,0.0
742,641,2025-04-26,0,1,-1,0,0,0.0,0.0
743,641,2025-05-03,0,1,-1,0,0,0.0,0.0
744,641,2025-05-10,0,0,0,0,0,0.0,0.0
745,641,2025-05-18,0,1,0,0,0,0.0,0.0
746,698,2022-08-06,0,42,41,56,41,,30.003036
747,698,2022-08-31,14,24,23,35,27,0.0,13.20648
748,698,2022-09-03,90,23,34,47,20,7.0,13.570557
749,698,2022-09-17,58,56,54,71,62,34.666666666666664,73.86995
750,698,2022-10-01,70,51,57,62,52,40.5,38.863705
751,698,2022-10-08,20,57,58,67,54,58.0,46.70754
752,698,2022-10-15,51,41,47,72,30,59.5,43.726425
753,698,2022-11-12,68,43,42,31,35,49.75,24.009752
754,698,2023-01-15,19,51,50,57,46,52.25,44.852997
755,698,2023-01-19,12,32,27,41,27,39.5,30.076567
756,698,2023-01-23,14,24,26,25,19,37.5,15.573141
757,698,2023-02-05,0,20,23,24,15,28.25,14.733938
758,698,2023-02-11,15,9,10,0,8,11.25,3.0965717
759,698,2023-02-19,67,14,19,20,4,10.25,10.380706
760,698,2023-02-26,88,42,40,38,50,24.0,40.34088
761,698,2023-03-04,5,56,51,40,57,42.5,78.227646
762,698,2023-03-11,83,27,34,36,24,43.75,20.86983
763,698,2023-03-18,4,60,54,60,56,60.75,74.3942
764,698,2023-04-03,0,31,31,26,25,45.0,28.98654
765,698,2023-04-08,0,15,23,8,14,23.0,2.2125766
766,698,2023-04-15,13,14,24,29,8,21.75,4.1021414
767,698,2023-04-23,7,9,5,0,7,4.25,10.380706
768,698,2023-04-27,60,10,4,2,6,5.0,7.3710766
769,698,2023-04-30,6,36,29,26,44,20.0,19.206316
770,698,2023-05-06,78,29,33,38,28,21.5,9.256917
771,698,2023-05-13,61,48,43,52,49,37.75,65.20103
772,698,2023-05-20,15,49,49,58,43,51.25,40.720287
773,698,2023-05-28,14,36,38,41,31,40.0,19.709631
774,698,2023-08-13,90,13,18,27,13,42.0,5.022482
775,698,2023-09-16,10,39,39,49,24,45.0,32.96167
776,698,2023-09-24,11,30,35,50,32,32.25,10.976941
777,698,2023-09-30,90,26,23,25,22,31.25,13.136367
778,698,2023-10-07,45,56,60,62,61,50.25,73.86995
779,698,2023-10-23,80,45,49,42,45,39.0,38.863705
780,698,2023-10-27,63,58,52,59,53,56.5,72.01458
781,698,2023-11-06,0,55,55,65,51,69.5,62.721237
782,698,2023-12-03,3,25,24,29,21,47.0,16.116817
783,698,2023-12-07,23,20,21,14,13,36.5,10.141555
784,698,2023-12-10,72,24,19,22,19,22.25,19.377058
785,698,2023-12-15,71,52,56,53,62,24.5,58.994972
786,698,2023-12-23,62,58,59,60,65,42.25,57.6013
787,698,2023-12-28,64,59,56,61,59,57.0,41.42507
788,698,2023-12-31,81,60,61,70,55,67.25,51.906693
789,698,2024-01-14,90,68,60,76,66,69.5,72.43566
790,698,2024-01-31,90,74,79,86,74,74.25,80.482185
791,698,2024-02-03,90,76,69,83,76,81.25,87.80582
792,698,2024-02-10,90,85,82,90,79,87.75,88.99661
793,698,2024-02-17,70,77,82,89,73,90.0,89.00624
794,698,2024-03-16,10,68,70,82,60,85.0,65.51888
795,698,2024-03-30,5,42,49,49,29,65.0,28.531834
796,698,2024-04-02,8,21,26,24,15,43.75,12.470432
797,698,2024-04-28,26,16,20,22,15,23.25,7.830166
798,698,2024-05-02,62,22,15,9,18,12.25,19.206316
799,698,2024-05-05,29,39,38,42,42,25.25,25.794876
800,698,2024-11-03,25,24,21,21,23,31.25,20.045519
801,698,2025-01-15,12,29,21,31,29,35.5,22.007168
802,698,2025-01-19,45,21,33,43,22,32.0,13.20648
803,698,2025-01-26,53,42,41,63,45,27.75,22.84637
804,698,2025-02-02,78,51,46,64,51,33.75,24.152618
805,698,2025-04-03,0,56,51,58,60,47.0,65.20103
806,698,2025-04-06,0,29,36,57,25,44.0,19.49448
807,698,2025-04-13,15,17,21,25,13,32.75,3.605864
808,698,2025-04-21,90,29,26,41,31,23.25,15.311237
809,698,2025-04-27,23,54,48,62,66,26.25,73.86995
810,698,2025-05-04,67,37,35,53,34,32.0,36.667786
811,698,2025-05-11,0,46,39,52,42,48.75,44.56209
812,698,2025-05-16,3,27,30,22,17,45.0,21.637117
813,726,2022-08-27,0,29,28,26,20,,13.706766
814,726,2022-10-08,0,1,-1,0,0,0.0,0.0
815,726,2022-10-14,0,1,1,0,0,0.0,0.0
816,726,2022-10-18,0,1,3,0,0,0.0,0.0
817,726,2022-10-22,0,0,5,0,0,0.0,0.0
818,726,2022-10-29,0,0,1,0,0,0.0,0.0
819,726,2022-11-05,0,0,0,0,0,0.0,0.0
820,726,2022-11-13,0,0,0,0,0,0.0,0.0
821,726,2022-12-26,7,1,0,0,0,0.0,0.0
822,726,2022-12-31,30,5,0,0,2,1.75,4.6745057
823,726,2023-01-03,70,28,24,39,36,9.25,19.206316
824,726,2023-01-14,65,49,48,51,57,26.75,42.48633
825,726,2023-01-21,24,54,44,56,59,43.0,54.76779
826,726,2023-02-04,0,46,44,77,44,47.25,36.43408
827,726,2023-02-11,33,28,31,22,18,39.75,6.302435
828,726,2023-02-18,72,32,36,31,25,30.5,22.41218
829,726,2023-03-04,82,46,49,52,46,32.25,58.994972
830,726,2023-03-11,67,55,54,51,53,46.75,75.26916
831,726,2023-03-15,11,54,47,61,49,63.5,59.314655
832,726,2023-04-01,0,34,37,38,23,58.0,29.745222
833,726,2023-04-04,72,19,20,28,11,40.0,8.037915
834,726,2023-04-08,24,47,49,59,50,37.5,58.994972
835,726,2023-04-15,38,31,25,30,29,26.75,38.353626
836,726,2023-04-26,0,37,40,47,33,33.5,21.643091
837,726,2023-04-29,0,21,22,19,12,33.5,8.4478855
838,726,2023-05-04,0,8,11,12,8,15.5,2.4424822
839,726,2023-05-08,45,6,3,0,0,9.5,2.366661
840,726,2023-05-14,76,31,39,40,38,11.25,19.206316
841,726,2023-05-18,34,45,37,48,48,30.25,65.20103
842,726,2023-05-21,64,36,32,44,29,38.75,39.19283
843,726,2023-05-24,38,57,59,71,53,54.75,45.6922
844,726,2023-05-28,90,48,42,55,45,53.0,37.597458
845,726,2023-08-12,12,3,5,0,0,56.5,0.4
846,726,2023-09-24,45,73,81,90,72,51.0,76.3837
847,726,2023-09-30,45,50,46,59,47,46.25,42.816147
848,726,2023-10-08,59,49,48,56,41,48.0,32.171684
849,726,2023-10-21,74,52,58,77,40,40.25,30.110895
850,726,2023-10-29,77,51,51,56,44,55.75,68.258675
851,726,2023-11-04,67,61,67,78,55,63.75,75.26916
852,726,2023-11-12,0,58,58,63,50,69.25,59.96796
853,726,2023-11-25,76,28,29,24,19,54.5,15.532444
854,726,2023-12-03,90,57,56,60,53,55.0,65.20103
855,726,2023-12-06,21,60,60,68,63,58.25,79.87772
856,726,2023-12-09,90,37,37,39,31,46.75,37.50699
857,726,2023-12-17,59,61,55,60,53,69.25,80.683495
858,726,2023-12-21,0,52,53,61,45,65.0,48.65883
859,726,2023-12-28,21,20,21,15,16,42.5,6.665598
860,726,2024-01-02,23,29,32,30,20,42.5,25.459902
861,726,2024-01-22,25,28,24,30,22,25.75,20.97463
862,726,2024-01-30,45,26,32,35,21,17.25,21.643091
863,726,2024-02-03,68,33,33,24,29,28.5,21.643091
864,726,2024-02-10,7,44,42,52,40,40.25,44.528816
865,726,2024-02-18,24,25,21,13,18,36.25,19.043568
866,726,2024-02-24,74,28,29,32,22,36.0,22.41218
867,726,2024-03-02,90,48,47,60,45,43.25,63.900978
868,726,2024-03-10,59,54,56,58,55,48.75,79.87772
869,726,2024-03-31,7,52,45,48,43,61.75,40.90619
870,726,2024-09-22,8,3,7,2,1,57.5,3.2319303
871,726,2024-09-28,9,8,10,11,3,41.0,5.0635056
872,726,2024-10-06,0,9,3,0,3,20.75,5.4635053
873,726,2024-10-19,59,5,1,0,0,6.0,0.78900003
874,726,2024-10-26,17,35,28,30,38,19.0,19.206316
875,726,2024-11-02,2,29,31,40,30,21.25,22.152807
876,726,2024-11-09,0,18,18,29,15,19.5,5.735774
877,726,2024-11-23,4,15,16,17,8,19.5,3.155661
878,726,2024-11-29,11,10,19,13,0,5.75,3.2319303
879,726,2024-12-05,10,10,14,8,4,4.25,10.769706
880,726,2024-12-08,69,11,10,7,3,6.25,7.3710766
881,726,2024-12-15,18,40,36,39,46,23.5,39.586525
882,726,2024-12-21,5,29,23,30,24,27.0,29.237364
883,726,2024-12-27,0,17,18,37,16,25.5,7.167704
884,726,2024-12-30,0,14,16,24,9,23.0,3.155661
885,726,2025-01-04,0,4,7,15,0,5.75,0.4
886,726,2025-01-16,0,2,5,0,0,1.25,0.0
887,726,2025-01-19,0,0,1,0,0,0.0,0.0
888,726,2025-01-25,0,1,3,0,1,0.0,0.0
889,726,2025-02-01,17,0,1,0,0,0.0,0.0
890,726,2025-02-15,45,13,15,19,11,4.25,14.052086
891,726,2025-02-22,8,32,25,32,38,15.5,20.803888
892,726,2025-02-27,17,21,21,17,18,17.5,9.916528
893,726,2025-03-10,21,21,22,27,18,21.75,14.891289
894,726,2025-03-15,1,27,31,43,23,22.75,20.97463
895,726,2025-04-01,45,10,9,5,11,11.75,4.896571
896,726,2025-04-05,0,32,29,34,31,21.0,20.045519
897,726,2025-04-13,0,13,8,5,13,16.75,4.842022
898,726,2025-04-19,4,7,6,0,7,11.5,1.2392031
899,726,2025-04-26,0,8,7,2,0,12.25,5.598591
900,726,2025-05-04,10,2,3,0,0,1.0,0.389
901,726,2025-05-11,0,8,4,0,5,3.5,4.6745057
902,726,2025-05-18,0,4,3,0,0,3.5,0.389
903,729,2022-08-07,56,64,62,68,54,,78.02246
904,729,2022-08-31,90,38,41,46,28,56.0,41.55949
905,729,2022-09-03,73,60,58,64,55,73.0,73.86995
906,729,2022-09-18,69,61,63,71,61,73.0,76.940445
907,729,2022-10-01,24,60,57,75,57,72.0,62.186577
908,729,2022-10-09,10,46,46,43,37,64.0,45.922344
909,729,2022-10-16,3,38,37,48,31,44.0,10.976941
910,729,2022-10-19,16,17,21,26,16,26.5,6.5748634
911,729,2022-10-24,16,20,24,33,19,13.25,11.972985
912,729,2022-10-30,33,18,21,15,15,11.25,12.367277
913,729,2022-11-06,45,29,28,27,30,17.0,20.803888
914,729,2022-11-12,0,34,34,30,30,27.5,22.949339
915,729,2022-12-26,86,16,13,13,14,23.5,6.0812244
916,729,2022-12-30,26,49,48,45,50,41.0,73.86995
917,729,2023-01-04,22,36,37,45,28,39.25,41.230366
918,729,2023-01-14,90,27,27,26,21,33.5,21.867212
919,729,2023-01-21,71,54,52,55,52,56.0,75.060745
920,729,2023-02-04,80,55,57,62,54,52.25,59.314655
921,729,2023-02-11,66,58,52,77,56,65.75,79.24923
922,729,2023-02-19,71,62,60,69,55,76.75,62.721237
923,729,2023-02-25,6,60,63,74,53,72.0,57.718822
924,729,2023-03-04,0,35,31,38,30,55.75,23.50303
925,729,2023-03-12,0,24,28,23,15,35.75,3.994864
926,729,2023-04-02,25,12,18,15,9,19.25,2.766661
927,729,2023-04-05,62,22,17,13,17,7.75,19.206316
928,729,2023-04-08,89,37,42,39,40,21.75,25.794876
929,729,2023-04-16,87,52,49,50,50,44.0,78.227646
930,729,2023-04-23,64,59,59,54,55,65.75,80.99226
931,729,2023-04-26,69,61,58,68,56,75.5,63.86004
932,729,2023-04-29,88,62,62,72,57,77.25,63.862663
933,729,2023-05-03,67,68,66,75,70,77.0,81.68729
934,729,2023-05-07,90,62,56,69,56,72.0,60.47804
935,729,2023-05-14,0,66,69,78,63,78.5,85.04121
936,729,2023-05-21,0,34,36,31,23,61.25,24.373602
937,729,2023-05-28,61,15,18,24,13,39.25,4.1902375
938,729,2023-08-12,77,1,1,0,0,37.75,0.0
939,729,2023-09-16,66,65,62,68,61,34.5,75.26916
940,729,2023-09-24,73,59,54,68,52,51.0,59.96796
941,729,2023-09-30,71,60,64,63,53,69.25,74.64164
942,729,2023-10-08,74,59,56,65,51,71.75,61.617165
943,729,2023-10-22,89,58,62,61,50,71.0,72.992424
944,729,2023-10-29,56,65,64,57,59,76.75,79.87772
945,729,2023-11-04,63,55,65,74,46,72.5,42.06957
946,729,2023-11-12,11,56,50,60,47,70.5,49.0742
947,729,2024-02-17,75,34,33,33,23,54.75,37.437492
948,729,2024-02-26,14,50,52,58,44,51.25,65.20103
949,729,2024-03-02,10,29,27,33,20,40.75,32.28368
950,729,2024-03-10,45,18,23,30,16,27.5,8.61028
951,729,2024-03-17,65,36,31,41,34,36.0,21.572977
952,729,2024-03-30,68,49,52,59,50,33.5,42.48633
953,729,2024-04-02,90,55,46,59,58,47.0,54.76779
954,729,2024-04-06,45,65,57,61,67,67.0,78.227646
955,729,2024-04-14,81,54,50,61,45,67.0,42.06957
956,729,2024-04-21,74,59,57,57,49,71.0,72.01458
957,729,2024-04-27,90,61,59,64,55,72.5,79.18367
958,729,2024-05-05,69,70,63,77,68,72.5,86.69129
959,729,2024-05-11,74,62,75,65,57,78.5,62.127243
960,729,2024-05-19,80,62,62,64,58,76.75,79.80598
961,729,2024-09-21,36,45,43,46,34,78.25,37.597458
962,729,2024-09-28,74,41,45,50,30,64.75,26.155203
963,729,2024-10-05,69,55,55,57,48,66.0,63.900978
964,729,2024-10-19,60,57,60,49,57,64.75,59.96796
965,729,2024-10-27,70,55,53,50,53,59.75,37.597458
966,729,2024-11-02,45,59,62,55,59,68.25,50.049896
967,729,2024-11-09,66,48,62,61,43,61.0,37.597458
968,729,2024-11-25,74,54,59,79,45,60.25,45.6922
969,729,2024-11-30,64,55,54,56,49,63.75,72.992424
970,729,2024-12-03,28,52,59,53,45,62.25,59.96796
971,729,2024-12-09,0,39,41,46,28,58.0,37.597458
972,729,2024-12-16,0,21,27,28,13,41.5,6.302435
973,729,2024-12-21,0,10,16,0,7,23.0,3.605864
974,729,2024-12-26,0,5,4,0,0,7.0,1.2032791
975,729,2024-12-29,0,0,0,0,0,0.0,0.0
976,729,2025-01-04,0,0,1,0,0,0.0,0.0
977,729,2025-01-14,0,1,0,0,0,0.0,0.0
978,729,2025-01-18,0,1,0,0,0,0.0,0.0
979,729,2025-01-26,0,0,1,0,0,0.0,0.0
980,729,2025-02-03,0,0,0,0,0,0.0,0.0
981,729,2025-02-15,0,1,-1,0,0,0.0,0.0
982,729,2025-02-22,0,0,0,0,0,0.0,0.0
983,729,2025-02-27,0,1,0,0,0,0.0,0.0
984,729,2025-03-10,0,0,0,0,0,0.0,0.0
985,729,2025-03-15,0,1,1,0,0,0.0,0.0
986,729,2025-04-01,0,0,0,0,0,0.0,0.0
987,729,2025-04-05,0,1,0,0,0,0.0,0.0
988,729,2025-04-13,0,0,-1,0,0,0.0,0.0
989,729,2025-04-19,0,1,0,0,0,0.0,0.0
990,729,2025-04-26,0,0,0,0,0,0.0,0.0
991,729,2025-05-04,0,0,1,0,0,0.0,0.0
992,729,2025-05-11,0,0,0,0,0,0.0,0.0
993,729,2025-05-18,0,1,0,0,0,0.0,0.0
994,804,2025-04-05,0,1,2,0,0,,0.0
995,804,2025-04-13,0,0,1,0,0,0.0,0.0
996,804,2025-04-20,0,0,0,0,0,0.0,0.0
997,804,2025-04-26,0,0,0,0,0,0.0,0.0
998,804,2025-05-02,0,0,4,0,0,0.0,0.0
999,804,2025-05-10,1,1,4,0,1,0.0,0.0
1000,804,2025-05-20,0,1,2,0,0,0.25,1.8000001
1001,953,2023-01-03,7,1,0,0,0,,0.0
1002,953,2023-02-13,60,2,0,0,0,7.0,0.4
1003,953,2023-02-18,9,35,41,41,40,33.5,19.206316
1004,953,2023-02-25,14,20,22,25,18,25.333333333333332,9.516528
1005,953,2023-03-01,0,19,24,28,17,22.5,11.608909
1006,953,2023-03-05,0,14,18,26,9,20.75,5.463232
1007,953,2023-03-11,0,3,0,0,0,5.75,0.4
1008,953,2023-03-18,11,1,3,0,0,3.5,0.0
1009,953,2023-04-03,13,17,18,23,22,2.75,10.380706
1010,953,2023-04-08,69,19,18,20,17,6.0,12.367277
1011,953,2023-04-15,16,42,44,53,45,23.25,40.34088
1012,953,2023-04-22,0,30,31,32,22,27.25,25.954985
1013,953,2023-04-27,9,13,18,13,13,24.5,3.9357748
1014,953,2023-05-01,0,17,17,19,11,23.5,7.441167
1015,953,2023-05-08,0,5,0,0,0,6.25,0.389
1016,953,2023-05-14,0,1,0,0,0,2.25,0.4
1017,953,2023-05-20,0,2,1,0,1,2.25,0.0
1018,953,2023-05-28,3,0,1,0,0,0.0,0.0
1019,953,2023-09-17,0,0,0,0,0,0.75,0.0
1020,953,2023-09-23,0,1,0,0,0,0.75,0.0
1021,953,2023-09-30,0,0,0,0,0,0.75,0.0
1022,953,2023-10-07,0,0,0,0,0,0.75,0.0
1023,953,2023-10-21,0,0,0,0,0,0.0,0.0
1024,953,2023-10-29,0,1,0,0,0,0.0,0.0
1025,953,2023-11-04,0,0,1,0,0,0.0,0.0
1026,953,2023-11-11,0,1,1,0,0,0.0,0.0
1027,953,2023-11-26,0,0,0,0,0,0.0,0.0
1028,953,2023-12-02,0,1,-1,0,0,0.0,0.0
1029,953,2023-12-07,0,0,-1,0,0,0.0,0.0
1030,953,2023-12-10,0,0,0,0,0,0.0,0.0
1031,953,2023-12-16,0,1,0,0,0,0.0,0.0
1032,953,2023-12-23,0,0,0,0,0,0.0,0.0
1033,953,2023-12-27,0,0,0,0,0,0.0,0.0
1034,953,2023-12-30,0,0,0,0,0,0.0,0.0
1035,953,2024-01-14,0,1,0,0,0,0.0,0.0
1036,953,2024-01-30,0,1,0,0,0,0.0,0.0
1037,953,2024-02-03,0,0,2,0,0,0.0,0.0
1038,953,2024-02-10,0,0,0,0,0,0.0,0.0
1039,953,2024-02-19,0,1,0,0,0,0.0,0.0
1040,953,2024-02-24,0,1,1,0,0,0.0,0.0
1041,953,2024-03-02,0,0,0,0,0,0.0,0.0
1042,953,2024-03-09,0,0,0,0,0,0.0,0.0
1043,953,2024-03-30,0,1,-1,0,0,0.0,0.0
1044,953,2024-04-02,0,0,-1,0,0,0.0,0.0
1045,953,2024-04-06,0,1,1,0,0,0.0,0.0
1046,953,2024-04-15,0,0,-1,0,0,0.0,0.0
1047,953,2024-04-21,0,2,2,0,0,0.0,0.0
1048,953,2024-04-24,0,0,-1,0,0,0.0,0.0
1049,953,2024-04-27,0,1,2,0,0,0.0,0.0
1050,953,2024-05-03,0,0,4,0,0,0.0,0.0
1051,953,2024-05-11,0,1,2,0,0,0.0,0.0
1052,953,2024-05-19,0,0,2,0,0,0.0,0.0
1053,987,2024-03-10,0,0,1,0,1,,0.0
1054,987,2024-03-31,0,1,5,0,0,0.0,0.0
1055,987,2024-04-04,0,1,11,6,0,0.0,0.0
1056,987,2024-04-07,0,0,0,0,0,0.0,0.0
1057,987,2024-04-14,0,1,2,0,1,0.0,0.0
1058,987,2024-04-21,0,0,4,0,0,0.0,0.0
1059,987,2024-04-24,0,1,1,0,0,0.0,0.0
1060,987,2024-04-27,0,0,1,0,0,0.0,0.0
1061,987,2024-05-05,0,0,0,0,0,0.0,0.0
1062,987,2024-05-13,0,1,1,0,0,0.0,0.0
1063,987,2024-05-19,0,0,1,0,0,0.0,0.0
1064,1003,2023-09-23,90,64,62,57,56,,85.41284
1065,1003,2023-09-30,77,73,78,90,67,90.0,88.401794
1066,1003,2023-10-03,90,71,75,80,65,83.5,78.62692
1067,1003,2023-10-07,90,69,67,75,66,85.66666666666667,86.69129
1068,1003,2023-10-21,81,72,77,90,66,86.75,82.77707
1069,1003,2023-10-29,75,65,57,62,57,84.5,83.19725
1070,1003,2023-11-05,74,59,60,67,50,84.0,84.856094
1071,1003,2023-11-11,90,59,60,76,51,80.0,84.808395
1072,1003,2023-11-25,73,67,66,77,61,80.0,81.06852
1073,1003,2023-12-02,60,62,61,66,54,78.0,76.940445
1074,1003,2023-12-05,29,54,47,45,45,74.25,43.97953
1075,1003,2023-12-10,18,42,32,30,29,63.0,38.115902
1076,1003,2023-12-23,10,31,17,26,18,45.0,21.00097
1077,1003,2023-12-26,19,21,15,6,10,29.25,10.976941
1078,1003,2023-12-30,28,22,15,0,12,19.0,15.255365
1079,1003,2024-01-12,16,30,28,30,31,18.75,20.803888
1080,1003,2024-01-30,82,29,29,12,28,18.25,12.367277
1081,1003,2024-02-03,78,50,50,59,53,36.25,65.20103
1082,1003,2024-02-10,86,65,66,78,67,51.0,76.3837
1083,1003,2024-02-18,90,67,63,72,68,65.5,86.69129
1084,1003,2024-02-21,90,78,72,89,72,84.0,82.18306
1085,1003,2024-03-02,90,75,77,90,69,86.0,88.99661
1086,1003,2024-03-09,90,78,79,90,72,89.0,88.99661
1087,1003,2024-03-13,90,76,76,89,69,90.0,89.00624
1088,1003,2024-03-16,90,72,73,90,64,90.0,89.00624
1089,1003,2024-03-30,90,69,71,90,62,90.0,89.00624
1090,1003,2024-04-03,90,67,66,72,60,90.0,89.00624
1091,1003,2024-04-06,90,68,67,57,60,90.0,89.00624
1092,1003,2024-04-13,90,75,82,90,68,90.0,89.00624
1093,1003,2024-04-20,90,75,80,74,67,90.0,89.00624
1094,1003,2024-04-27,90,67,73,65,64,90.0,89.00624
1095,1003,2024-05-03,90,78,81,90,70,90.0,89.00624
1096,1003,2024-05-11,90,73,72,78,67,90.0,89.00624
1097,1003,2024-05-19,90,68,72,84,62,90.0,89.00624
1098,1004,2023-09-23,0,1,0,0,0,,0.0
1099,1004,2023-09-30,0,0,0,0,0,0.0,0.0
1100,1004,2023-10-03,0,1,-1,0,0,0.0,0.0
1101,1004,2023-10-07,0,0,0,0,0,0.0,0.0
1102,1004,2023-10-21,0,1,0,0,0,0.0,0.0
1103,1004,2023-10-29,0,0,-1,0,0,0.0,0.0
1104,1004,2023-11-05,0,0,1,0,0,0.0,0.0
1105,1004,2023-11-11,0,0,-1,0,0,0.0,0.0
1106,1004,2023-11-25,0,1,-1,0,0,0.0,0.0
1107,1004,2023-12-02,0,1,0,0,0,0.0,0.0
1108,1004,2023-12-05,0,0,0,0,0,0.0,0.0
1109,1004,2023-12-10,0,0,-1,0,0,0.0,0.0
1110,1004,2023-12-23,0,1,-1,0,0,0.0,0.0
1111,1004,2023-12-26,0,1,0,0,0,0.0,0.0
1112,1004,2023-12-30,0,0,0,0,0,0.0,0.0
1113,1004,2024-01-12,0,1,0,0,0,0.0,0.0
1114,1004,2024-01-30,0,0,-1,0,0,0.0,0.0
1115,1004,2024-02-03,0,0,1,0,0,0.0,0.0
1116,1004,2024-02-10,0,1,-1,0,0,0.0,0.0
1117,1004,2024-02-18,0,0,0,0,0,0.0,0.0
1118,1004,2024-02-21,0,0,0,0,0,0.0,0.0
1119,1004,2024-03-02,0,1,-1,0,0,0.0,0.0
1120,1004,2024-03-09,0,1,0,0,0,0.0,0.0
1121,1004,2024-03-13,0,1,0,0,0,0.0,0.0
1122,1004,2024-03-16,0,0,-1,0,0,0.0,0.0
1123,1004,2024-03-30,0,0,0,0,0,0.0,0.0
1124,1004,2024-04-03,0,0,-1,0,0,0.0,0.0
1125,1004,2024-04-06,0,1,0,0,0,0.0,0.0
1126,1004,2024-04-13,0,0,0,0,0,0.0,0.0
1127,1004,2024-04-20,0,1,1,0,0,0.0,0.0
1128,1004,2024-04-27,0,0,-1,0,0,0.0,0.0
1129,1004,2024-05-03,0,1,1,0,0,0.0,0.0
1130,1004,2024-05-11,0,0,0,0,0,0.0,0.0
1131,1004,2024-05-19,0,1,1,0,0,0.0,0.0
1132,1012,2023-09-23,0,1,0,0,0,,0.0
1133,1012,2023-09-30,0,0,0,0,0,0.0,0.0
1134,1012,2023-10-03,0,1,-1,0,0,0.0,0.0
1135,1012,2023-10-07,0,0,0,0,0,0.0,0.0
1136,1012,2023-10-21,0,1,0,0,0,0.0,0.0
1137,1012,2023-10-29,0,0,-1,0,0,0.0,0.0
1138,1012,2023-11-05,0,0,1,0,0,0.0,0.0
1139,1012,2023-11-11,0,0,-1,0,0,0.0,0.0
1140,1012,2023-11-25,0,1,-1,0,0,0.0,0.0
1141,1012,2023-12-02,0,1,0,0,0,0.0,0.0
1142,1012,2023-12-05,0,0,0,0,0,0.0,0.0
1143,1012,2023-12-10,0,0,-1,0,0,0.0,0.0
1144,1012,2023-12-23,0,1,-1,0,0,0.0,0.0
1145,1012,2023-12-26,0,1,0,0,0,0.0,0.0
1146,1012,2023-12-30,0,0,0,0,0,0.0,0.0
1147,1012,2024-01-12,0,1,0,0,0,0.0,0.0
1148,1012,2024-01-30,0,0,-1,0,0,0.0,0.0
1149,1012,2024-02-03,0,0,1,0,0,0.0,0.0
1150,1012,2024-02-10,0,1,-1,0,0,0.0,0.0
1151,1012,2024-02-18,0,0,0,0,0,0.0,0.0
1152,1012,2024-02-21,0,0,0,0,0,0.0,0.0
1153,1012,2024-03-02,0,1,-1,0,0,0.0,0.0
1154,1012,2024-03-09,0,1,0,0,0,0.0,0.0
1155,1012,2024-03-13,0,1,0,0,0,0.0,0.0
1156,1012,2024-03-16,0,0,-1,0,0,0.0,0.0
1157,1012,2024-03-30,0,0,0,0,0,0.0,0.0
1158,1012,2024-04-03,0,0,-1,0,0,0.0,0.0
1159,1012,2024-04-06,0,1,0,0,0,0.0,0.0
1160,1012,2024-04-13,0,0,0,0,0,0.0,0.0
1161,1012,2024-04-20,0,1,1,0,0,0.0,0.0
1162,1012,2024-04-27,0,0,-1,0,0,0.0,0.0
1163,1012,2024-05-03,0,1,1,0,0,0.0,0.0
1164,1012,2024-05-11,0,0,0,0,0,0.0,0.0
1165,1012,2024-05-19,0,1,1,0,0,0.0,0.0
1166,1023,2023-09-23,71,46,44,39,46,,63.900978
1167,1023,2023-09-30,90,50,50,57,49,71.0,56.762096
1168,1023,2023-10-03,68,62,63,80,57,80.5,78.227646
1169,1023,2023-10-07,65,58,62,70,51,76.33333333333333,60.47804
1170,1023,2023-10-21,71,56,56,73,47,73.5,60.51646
1171,1023,2023-10-29,57,57,54,54,48,73.5,61.11328
1172,1023,2023-11-05,11,50,46,53,40,65.25,37.597458
1173,1023,2023-11-11,0,28,25,25,18,51.0,17.718592
1174,1023,2023-11-25,11,17,6,0,8,34.75,6.302435
1175,1023,2023-12-02,45,26,33,30,19,19.75,12.747367
1176,1023,2023-12-05,60,38,47,36,44,16.75,20.803888
1177,1023,2023-12-10,90,42,43,50,44,29.0,22.949339
1178,1023,2023-12-23,90,59,52,73,57,51.5,78.227646
1179,1023,2023-12-26,90,68,75,64,62,71.25,80.99226
1180,1023,2023-12-30,45,67,59,66,61,82.5,87.80582
1181,1023,2024-01-12,0,53,59,68,41,78.75,50.4945
1182,1023,2024-01-30,0,27,16,27,14,56.25,12.244155
1183,1023,2024-02-03,11,15,8,0,7,33.75,6.6292925
1184,1023,2024-02-10,0,15,11,1,2,14.0,12.747367
1185,1023,2024-02-18,0,3,0,0,0,2.75,2.6965716
1186,1023,2024-02-21,0,2,0,0,0,2.75,0.4
1187,1023,2024-03-02,0,2,0,0,0,2.75,0.0
1188,1023,2024-03-09,0,1,0,0,0,0.0,0.0
1189,1023,2024-03-13,0,1,0,0,0,0.0,0.0
1190,1023,2024-03-16,0,0,-1,0,0,0.0,0.0
1191,1023,2024-03-30,0,0,0,0,0,0.0,0.0
1192,1023,2024-04-03,0,0,-1,0,0,0.0,0.0
1193,1023,2024-04-06,0,1,0,0,0,0.0,0.0
1194,1023,2024-04-13,0,0,0,0,0,0.0,0.0
1195,1023,2024-04-20,0,1,1,0,0,0.0,0.0
1196,1023,2024-04-27,0,0,-1,0,0,0.0,0.0
1197,1023,2024-05-03,0,1,1,0,0,0.0,0.0
1198,1023,2024-05-11,0,0,0,0,0,0.0,0.0
1199,1023,2024-05-19,0,1,1,0,0,0.0,0.0
1200,1118,2023-09-16,90,51,56,62,60,,73.86995
1201,1118,2023-09-24,0,61,12,0,61,90.0,80.99226
1202,1118,2023-09-30,90,25,43,61,21,45.0,18.222271
1203,1118,2023-10-07,90,59,48,44,51,60.0,80.5383
1204,1118,2023-10-21,51,62,90,90,59,67.5,82.77707
1205,1118,2023-10-28,0,55,56,62,50,57.75,42.122948
1206,1118,2023-11-04,0,30,22,23,21,57.75,12.244155
1207,1118,2023-11-12,0,18,13,10,10,35.25,6.6292925
1208,1118,2023-11-25,45,11,10,9,1,12.75,2.366661
1209,1118,2023-12-02,45,34,39,52,43,11.25,19.206316
1210,1118,2023-12-06,0,33,-2,0,34,22.5,22.949339
1211,1118,2023-12-09,0,15,30,39,14,22.5,6.0812244
1212,1118,2023-12-16,66,13,0,0,5,22.5,3.605864
1213,1118,2023-12-22,1,39,78,69,40,27.75,41.953194
1214,1118,2023-12-26,90,16,14,5,14,16.75,13.72658
1215,1118,2023-12-30,0,54,61,59,57,39.25,73.86995
1216,1118,2024-01-21,45,29,27,27,24,39.25,18.765356
1217,1118,2024-01-30,63,41,41,54,41,34.0,22.465559
1218,1118,2024-02-03,0,55,57,76,51,49.5,46.52341
1219,1118,2024-02-10,0,22,19,13,20,27.0,13.165783
1220,1118,2024-02-18,0,16,10,4,10,27.0,3.605864
1221,1118,2024-02-25,8,11,14,4,3,15.75,2.366661
1222,1118,2024-03-04,45,6,3,0,3,2.0,4.6745057
1223,1118,2024-03-09,68,29,35,23,31,13.25,19.206316
1224,1118,2024-03-30,89,44,52,60,48,30.25,42.48633
1225,1118,2024-04-04,27,67,60,69,66,52.5,78.227646
1226,1118,2024-04-07,90,42,42,67,38,57.25,42.06957
1227,1118,2024-04-13,90,70,60,67,67,68.5,80.683495
1228,1118,2024-04-20,77,71,65,70,67,74.0,82.77707
1229,1118,2024-04-24,0,60,58,62,57,71.0,83.19725
1230,1118,2024-04-27,0,35,33,65,22,64.25,24.373602
1231,1118,2024-05-04,0,14,8,0,9,41.75,6.6292925
1232,1118,2024-05-11,0,11,11,11,0,19.25,2.366661
1233,1118,2024-05-19,0,0,-1,0,0,0.0,0.0
1234,1200,2022-08-30,0,1,0,0,0,,0.0
1235,1200,2022-09-03,0,0,-1,0,0,0.0,0.0
1236,1200,2022-09-18,0,0,0,0,0,0.0,0.0
1237,1200,2022-10-01,0,1,-1,0,0,0.0,0.0
1238,1200,2022-10-08,0,0,0,0,0,0.0,0.0
1239,1200,2022-10-14,0,1,0,0,0,0.0,0.0
1240,1200,2022-10-19,0,0,-1,0,0,0.0,0.0
1241,1200,2022-10-23,0,1,0,0,0,0.0,0.0
1242,1200,2022-10-29,0,0,0,0,0,0.0,0.0
1243,1200,2022-11-05,0,1,0,0,0,0.0,0.0
1244,1200,2022-11-12,0,0,0,0,0,0.0,0.0
1245,1200,2022-12-26,0,0,1,0,1,0.0,0.0
1246,1200,2022-12-30,0,0,-1,0,0,0.0,0.0
1247,1200,2023-01-02,0,0,1,0,0,0.0,0.0
1248,1200,2023-01-14,0,1,1,0,0,0.0,0.0
1249,1200,2023-01-22,0,0,0,0,0,0.0,0.0
1250,1200,2023-02-04,0,1,2,1,0,0.0,0.0
1251,1200,2023-02-11,0,0,-1,0,0,0.0,0.0
1252,1200,2023-02-18,0,1,-1,0,0,0.0,0.0
1253,1200,2023-03-06,0,0,-1,0,0,0.0,0.0
1254,1200,2023-03-11,0,0,-1,0,0,0.0,0.0
1255,1200,2023-03-15,0,1,-1,0,0,0.0,0.0
1256,1200,2023-03-18,0,0,0,0,0,0.0,0.0
1257,1200,2023-04-01,0,1,0,0,0,0.0,0.0
1258,1200,2023-04-05,0,0,-1,0,0,0.0,0.0
1259,1200,2023-04-08,0,1,-1,0,0,0.0,0.0
1260,1200,2023-04-15,0,0,-1,0,0,0.0,0.0
1261,1200,2023-04-22,0,1,0,0,0,0.0,0.0
1262,1200,2023-04-26,0,0,-1,0,0,0.0,0.0
1263,1200,2023-04-29,0,1,0,0,0,0.0,0.0
1264,1200,2023-05-06,0,0,0,0,0,0.0,0.0
1265,1200,2023-05-14,0,1,3,0,1,0.0,0.0
1266,1200,2023-05-20,0,0,0,0,0,0.0,0.0
1267,1200,2023-05-28,0,0,2,0,0,0.0,0.0
1268,1232,2022-08-30,0,18,23,18,16,,9.313154
1269,1232,2022-09-03,0,10,12,1,11,0.0,2.8314822
1270,1232,2022-09-18,1,9,7,0,4,0.0,2.366661
1271,1232,2022-10-01,1,3,6,2,1,0.3333333333333333,1.8000001
1272,1232,2022-10-09,6,2,4,3,0,0.5,2.1890001
1273,1232,2022-10-15,9,6,6,8,2,2.0,4.4038954
1274,1232,2022-10-19,0,9,9,13,3,4.25,5.0635056
1275,1232,2022-10-22,0,4,4,1,0,4.0,0.78900003
1276,1232,2022-10-29,0,3,2,0,0,3.75,0.4
1277,1232,2022-11-05,0,1,3,0,0,2.25,0.0
1278,1232,2022-11-12,0,1,0,0,0,0.0,0.0
1279,1232,2022-12-26,0,0,0,0,0,0.0,0.0
1280,1232,2022-12-31,0,0,0,0,0,0.0,0.0
1281,1232,2023-01-03,0,1,0,0,0,0.0,0.0
1282,1232,2023-01-14,0,1,1,0,0,0.0,0.0
1283,1232,2023-01-21,0,0,-1,0,0,0.0,0.0
1284,1232,2023-02-04,0,0,-1,0,0,0.0,0.0
1285,1232,2023-02-13,0,0,0,0,0,0.0,0.0
1286,1232,2023-02-18,0,2,3,0,0,0.0,0.0
1287,1232,2023-02-25,0,0,0,0,0,0.0,0.0
1288,1232,2023-03-01,0,1,1,0,0,0.0,0.0
1289,1232,2023-03-05,0,1,0,0,0,0.0,0.0
1290,1232,2023-03-11,0,0,-1,0,0,0.0,0.0
1291,1232,2023-03-18,0,0,0,0,0,0.0,0.0
1292,1232,2023-04-03,0,0,0,0,0,0.0,0.0
1293,1232,2023-04-08,0,0,1,0,0,0.0,0.0
1294,1232,2023-04-15,0,1,1,0,0,0.0,0.0
1295,1232,2023-04-22,0,1,1,0,0,0.0,0.0
1296,1232,2023-04-27,0,0,0,0,0,0.0,0.0
1297,1232,2023-05-01,0,0,0,0,0,0.0,0.0
1298,1232,2023-05-08,0,1,-1,0,0,0.0,0.0
1299,1232,2023-05-14,0,0,-1,0,0,0.0,0.0
1300,1232,2023-05-20,0,1,0,0,1,0.0,0.0
1301,1232,2023-05-28,0,0,1,0,0,0.0,0.0
1302,1283,2022-08-30,0,5,1,1,0,,0.389
1303,1283,2022-09-03,4,2,2,0,0,0.0,0.4
1304,1283,2022-10-02,0,5,6,2,3,2.0,3.2319303
1305,1283,2022-10-09,0,2,1,0,0,1.3333333333333333,0.389
1306,1283,2022-10-16,0,1,0,0,0,1.0,0.0
1307,1283,2022-10-20,0,1,2,0,0,1.0,0.0
1308,1283,2022-10-23,75,1,0,0,0,0.0,0.0
1309,1283,2022-10-29,0,38,35,39,44,18.75,65.20103
1310,1283,2022-11-05,36,18,16,8,17,18.75,15.888616
1311,1283,2022-11-12,45,40,39,47,45,27.75,20.045519
1312,1283,2022-12-28,90,42,43,56,42,39.0,25.316
1313,1283,2022-12-31,0,59,57,79,62,42.75,73.86995
1314,1283,2023-01-04,12,31,33,37,24,42.75,20.00456
1315,1283,2023-01-13,13,24,33,29,18,36.75,14.170944
1316,1283,2023-01-22,3,24,26,29,18,28.75,19.97758
1317,1283,2023-02-05,7,8,10,11,2,7.0,5.6765714
1318,1283,2023-02-08,1,10,15,18,1,8.75,5.4635053
1319,1283,2023-02-12,4,6,7,6,1,6.0,2.1890001
1320,1283,2023-02-18,4,8,11,2,5,3.75,4.02093
1321,1283,2023-02-25,0,8,14,17,2,4.0,3.6209302
1322,1283,2023-03-04,10,4,9,10,0,2.25,0.389
1323,1283,2023-03-11,0,11,15,26,8,4.5,4.6745057
1324,1283,2023-03-18,0,3,3,0,0,3.5,0.389
1325,1283,2023-04-01,0,3,0,0,0,2.5,0.4
1326,1283,2023-04-04,0,2,-1,0,0,2.5,0.0
1327,1283,2023-04-09,0,0,0,0,0,0.0,0.0
1328,1283,2023-04-17,0,0,0,0,0,0.0,0.0
1329,1283,2023-04-22,0,1,0,0,0,0.0,0.0
1330,1283,2023-04-25,0,0,0,0,0,0.0,0.0
1331,1283,2023-04-30,0,1,4,0,0,0.0,0.0
1332,1283,2023-05-06,31,0,2,0,0,0.0,0.0
1333,1283,2023-05-13,45,21,17,10,22,7.75,19.206316
1334,1283,2023-05-21,6,31,26,33,32,19.0,22.949339
1335,1283,2023-05-28,0,18,20,18,15,20.5,10.09612
1336,1297,2023-01-04,0,1,2,0,0,,0.0
1337,1297,2023-01-13,0,1,2,0,0,0.0,0.0
1338,1297,2023-01-22,0,1,0,0,0,0.0,0.0
1339,1297,2023-02-05,0,1,0,0,0,0.0,0.0
1340,1297,2023-02-08,1,0,1,0,0,0.0,0.0
1341,1297,2023-02-12,0,1,1,0,1,0.25,1.8000001
1342,1297,2023-02-18,0,1,0,0,0,0.25,0.389
1343,1297,2023-02-25,0,1,1,0,0,0.25,0.0
1344,1297,2023-03-04,22,0,1,0,0,0.25,0.0
1345,1297,2023-03-11,0,17,14,16,18,5.5,17.010397
1346,1297,2023-03-18,0,7,3,0,4,5.5,2.6965716
1347,1297,2023-04-01,0,3,0,0,0,5.5,1.2392031
1348,1297,2023-04-04,0,4,-1,0,0,5.5,1.2032791
1349,1297,2023-04-09,0,0,0,0,0,0.0,0.0
1350,1297,2023-04-17,0,0,0,0,0,0.0,0.0
1351,1297,2023-04-22,0,1,0,0,0,0.0,0.0
1352,1297,2023-04-25,0,0,0,0,0,0.0,0.0
1353,1297,2023-04-30,0,1,4,0,0,0.0,0.0
1354,1297,2023-05-06,0,0,2,0,0,0.0,0.0
1355,1297,2023-05-13,0,1,1,0,1,0.0,0.0
1356,1297,2023-05-21,0,0,0,0,0,0.0,0.0
1357,1297,2023-05-28,0,0,1,0,0,0.0,0.0
1358,1298,2023-01-13,0,1,1,0,0,,0.0
1359,1298,2023-01-22,0,1,0,0,0,0.0,0.0
1360,1298,2023-02-05,0,1,0,0,0,0.0,0.0
1361,1298,2023-02-08,0,0,1,0,0,0.0,0.0
1362,1298,2023-02-12,0,0,0,0,0,0.0,0.0
1363,1298,2023-02-18,0,0,-1,0,0,0.0,0.0
1364,1298,2023-02-25,0,1,0,0,0,0.0,0.0
1365,1298,2023-03-04,0,0,0,0,0,0.0,0.0
1366,1298,2023-03-11,0,1,0,0,0,0.0,0.0
1367,1298,2023-03-18,0,0,0,0,0,0.0,0.0
1368,1298,2023-04-01,0,0,-1,0,0,0.0,0.0
1369,1298,2023-04-04,0,1,-1,0,0,0.0,0.0
1370,1298,2023-04-09,0,0,0,0,0,0.0,0.0
1371,1298,2023-04-17,0,0,0,0,0,0.0,0.0
1372,1298,2023-04-22,0,1,0,0,0,0.0,0.0
1373,1298,2023-04-25,0,0,0,0,0,0.0,0.0
1374,1298,2023-04-30,0,1,4,0,0,0.0,0.0
1375,1298,2023-05-06,0,0,2,0,0,0.0,0.0
1376,1298,2023-05-13,0,1,1,0,1,0.0,0.0
1377,1298,2023-05-21,0,0,0,0,0,0.0,0.0
1378,1298,2023-05-28,0,0,1,0,0,0.0,0.0
1379,1304,2022-08-31,90,73,77,81,75,,59.638836
1380,1304,2022-09-03,45,79,91,90,81,90.0,85.04121
1381,1304,2022-10-01,74,65,81,86,58,67.5,48.65883
1382,1304,2022-10-09,48,77,88,90,74,69.66666666666667,70.71453
1383,1304,2022-10-16,71,59,59,79,57,64.25,48.65883
1384,1304,2022-10-19,80,59,63,71,61,59.5,45.6922
1385,1304,2022-10-22,75,69,79,69,69,68.25,72.43566
1386,1304,2022-10-29,90,65,65,77,58,68.5,75.87362
1387,1304,2022-11-06,73,70,76,65,67,79.0,80.462105
1388,1304,2022-11-12,74,64,71,83,62,79.5,78.58966
1389,1304,2023-02-13,10,66,66,81,63,78.0,82.63947
1390,1304,2023-02-18,31,40,44,52,32,61.75,31.268318
1391,1304,2023-02-25,19,37,43,46,30,47.0,22.41218
1392,1304,2023-03-01,1,30,37,42,21,33.5,20.161768
1393,1304,2023-03-05,11,13,16,15,14,15.25,5.735774
1394,1304,2023-03-11,24,29,33,28,36,15.5,11.972985
1395,1304,2023-04-01,20,27,29,24,28,13.75,20.803888
1396,1304,2023-04-04,64,24,25,29,22,14.0,18.60797
1397,1304,2023-04-09,12,44,50,54,43,29.75,41.180084
1398,1304,2023-04-17,8,34,42,49,33,30.0,27.158264
1399,1304,2023-04-22,0,27,38,48,23,26.0,8.61028
1400,1304,2023-04-26,0,16,25,25,13,21.0,3.155661
1401,1304,2023-04-30,0,6,11,3,9,5.0,0.4
1402,1304,2023-05-03,0,3,7,0,0,2.0,0.0
1403,1304,2023-05-06,0,1,7,0,0,0.0,0.0
1404,1304,2023-05-15,0,0,1,0,0,0.0,0.0
1405,1304,2023-05-20,18,1,5,0,0,0.0,0.0
1406,1304,2023-05-28,56,23,29,25,30,4.5,14.052086
1407,1356,2023-01-21,0,1,0,0,0,,0.0
1408,1356,2023-02-04,0,0,0,0,0,0.0,0.0
1409,1356,2023-02-11,0,0,0,0,0,0.0,0.0
1410,1356,2023-02-18,0,0,0,0,0,0.0,0.0
1411,1356,2023-02-25,0,1,-1,0,0,0.0,0.0
1412,1356,2023-03-04,0,0,1,0,0,0.0,0.0
1413,1356,2023-03-12,0,1,0,0,0,0.0,0.0
1414,1356,2023-03-15,0,1,0,0,0,0.0,0.0
1415,1356,2023-03-18,0,0,0,0,0,0.0,0.0
1416,1356,2023-04-02,0,1,0,0,0,0.0,0.0
1417,1356,2023-04-08,0,0,-1,0,0,0.0,0.0
1418,1356,2023-04-15,0,1,1,0,0,0.0,0.0
1419,1356,2023-04-21,0,0,0,0,0,0.0,0.0
1420,1356,2023-04-27,0,1,0,0,0,0.0,0.0
1421,1356,2023-04-30,0,0,0,0,0,0.0,0.0
1422,1356,2023-05-08,0,1,0,0,0,0.0,0.0
1423,1356,2023-05-13,0,0,-1,0,0,0.0,0.0
1424,1356,2023-05-21,0,1,0,0,0,0.0,0.0
1425,1356,2023-05-28,0,0,0,0,0,0.0,0.0
1426,1381,2022-10-18,74,50,52,57,48,,65.20103
1427,1381,2022-10-23,79,56,56,65,49,74.0,76.43037
1428,1381,2022-10-29,90,64,76,80,64,76.5,82.082726
1429,1381,2022-11-05,0,73,21,12,68,81.0,81.67298
1430,1381,2022-11-12,0,23,46,46,24,60.75,20.00456
1431,1381,2022-12-26,90,13,11,0,13,42.25,4.5338974
1432,1381,2022-12-31,45,50,78,81,51,45.0,74.30913
1433,1381,2023-01-04,65,40,36,48,36,33.75,38.863705
1434,1381,2023-01-14,0,48,52,62,41,50.0,46.70754
1435,1381,2023-01-22,0,25,21,30,17,50.0,21.637117
1436,1381,2023-02-04,0,12,16,31,11,27.5,3.605864
1437,1381,2023-02-11,31,10,11,0,2,16.25,2.366661
1438,1381,2023-02-18,20,23,22,16,26,7.75,19.206316
1439,1381,2023-02-24,6,22,20,12,20,12.75,20.75342
1440,1381,2023-03-01,11,13,13,7,14,14.25,7.9506693
1441,1381,2023-03-04,27,17,13,11,15,17.0,11.972985
1442,1381,2023-03-12,0,24,24,34,17,16.0,20.803888
1443,1381,2023-03-18,0,10,11,6,8,11.0,3.0965717
1444,1381,2023-04-01,25,6,5,1,3,9.5,1.2392031
1445,1381,2023-04-08,62,20,13,6,18,13.0,20.409595
1446,1381,2023-04-15,72,37,35,29,41,21.75,25.794876
1447,1381,2023-04-22,57,55,62,64,57,39.75,65.20948
1448,1381,2023-04-25,88,50,48,61,47,54.0,40.39611
1449,1381,2023-04-29,45,62,62,62,59,69.75,73.86995
1450,1381,2023-05-06,82,49,45,50,38,65.5,42.06957
1451,1381,2023-05-13,77,58,59,68,50,68.0,72.01458
1452,1381,2023-05-20,20,59,54,47,52,73.0,78.56613
1453,1381,2023-05-28,0,37,44,54,27,56.0,41.78361
