,player_id,datetime,minutes,Lynge_CNN1D_GK,Lynge_FCNN_GK,Lynge_FCNN_Hard_Sigmoid_GK,Lynge_RNN_GK,baseline_GK,xgboost_GK
0,5,2022-10-30,0,2,4,0,0,,0.0
1,5,2022-12-31,0,2,0,0,0,0.0,0.0
2,5,2023-01-03,0,2,1,0,0,0.0,0.0
3,5,2023-01-15,0,2,0,0,0,0.0,0.0
4,5,2023-01-22,0,2,2,0,0,0.0,0.0
5,5,2023-02-04,0,2,0,0,0,0.0,0.0
6,5,2023-02-11,0,2,-1,0,0,0.0,0.0
7,5,2023-02-15,0,2,1,0,0,0.0,0.0
8,5,2023-02-18,0,2,0,0,1,0.0,0.0
9,5,2023-02-25,0,2,3,0,0,0.0,0.0
10,5,2023-03-01,0,2,-1,0,0,0.0,0.0
11,5,2023-03-04,0,2,4,0,0,0.0,0.0
12,5,2023-03-12,0,2,0,0,0,0.0,0.0
13,5,2023-03-19,0,2,0,0,0,0.0,0.0
14,5,2023-04-01,0,2,3,0,0,0.0,0.0
15,5,2023-04-09,0,2,1,0,0,0.0,0.0
16,5,2023-04-16,0,2,1,0,0,0.0,0.0
17,5,2023-04-21,0,2,5,0,0,0.0,0.0
18,5,2023-04-26,0,2,1,0,0,0.0,0.0
19,5,2023-05-02,0,2,0,0,1,0.0,0.0
20,5,2023-05-07,0,2,5,0,0,0.0,0.0
21,5,2023-05-14,0,2,0,0,0,0.0,0.0
22,5,2023-05-20,0,2,-1,0,0,0.0,0.0
23,5,2023-05-28,0,2,1,0,0,0.0,0.0
24,5,2023-08-12,0,2,-1,0,0,0.0,0.0
25,5,2023-09-17,0,2,-1,0,1,0.0,0.0
26,5,2023-09-24,0,2,-1,0,0,0.0,0.0
27,5,2023-09-30,0,2,0,0,1,0.0,0.0
28,5,2023-10-08,0,2,1,0,0,0.0,0.0
29,5,2023-10-21,0,2,-1,0,1,0.0,0.0
30,5,2023-10-28,0,2,3,0,0,0.0,0.0
31,5,2023-11-04,0,2,0,0,0,0.0,0.0
32,5,2023-11-11,0,2,-2,0,1,0.0,0.0
33,5,2023-11-25,0,2,7,0,0,0.0,0.0
34,5,2023-12-02,0,2,-1,0,0,0.0,0.0
35,5,2023-12-05,0,2,1,0,0,0.0,0.0
36,5,2023-12-09,0,2,3,0,0,0.0,0.0
37,5,2023-12-17,0,2,-1,0,1,0.0,0.0
38,5,2023-12-23,0,2,1,0,0,0.0,0.0
39,5,2023-12-28,0,2,-1,0,1,0.0,0.0
40,5,2023-12-31,0,2,0,0,0,0.0,0.0
41,5,2024-01-20,0,2,-1,0,0,0.0,0.0
42,5,2024-01-30,0,2,0,0,0,0.0,0.0
43,5,2024-02-04,0,2,0,0,0,0.0,0.0
44,5,2024-02-11,0,2,0,0,1,0.0,0.0
45,5,2024-02-17,0,2,1,0,0,0.0,0.0
46,5,2024-02-24,0,2,-1,0,0,0.0,0.0
47,5,2024-03-04,0,2,-1,0,1,0.0,0.0
48,5,2024-03-09,0,2,10,0,0,0.0,0.0
49,5,2024-03-31,0,2,-1,0,1,0.0,0.0
50,5,2024-04-03,0,2,0,0,1,0.0,0.0
51,5,2024-04-06,0,2,-1,0,0,0.0,0.0
52,5,2024-04-14,0,2,-1,0,1,0.0,0.0
53,5,2024-04-20,0,2,0,0,0,0.0,0.0
54,5,2024-04-23,0,2,-1,0,0,0.0,0.0
55,5,2024-04-28,0,2,-1,0,0,0.0,0.0
56,5,2024-05-04,0,2,-1,0,0,0.0,0.0
57,5,2024-05-12,0,2,0,0,0,0.0,0.0
58,5,2024-05-19,0,2,-1,0,1,0.0,0.0
59,5,2024-09-22,0,2,-1,0,1,0.0,0.0
60,5,2024-09-28,0,2,-1,0,1,0.0,0.0
61,5,2024-10-05,0,2,0,0,0,0.0,0.0
62,5,2024-10-19,0,2,-1,0,0,0.0,0.0
63,5,2024-10-27,0,2,0,0,0,0.0,0.0
64,5,2024-11-02,0,2,-1,0,1,0.0,0.0
65,5,2024-11-10,0,2,-1,0,0,0.0,0.0
66,5,2024-11-23,0,2,-1,0,0,0.0,0.0
67,5,2024-11-30,0,2,0,0,0,0.0,0.0
68,5,2024-12-04,0,2,0,0,0,0.0,0.0
69,5,2024-12-08,0,2,-1,0,1,0.0,0.0
70,5,2024-12-14,0,2,0,0,0,0.0,0.0
71,5,2024-12-21,0,2,-1,0,1,0.0,0.0
72,5,2024-12-27,0,2,0,0,0,0.0,0.0
73,5,2025-01-01,0,2,-1,0,0,0.0,0.0
74,5,2025-01-04,0,2,1,0,1,0.0,0.0
75,5,2025-01-15,0,2,0,0,0,0.0,0.0
76,5,2025-01-18,0,2,-1,0,1,0.0,0.0
77,5,2025-01-25,0,2,0,0,0,0.0,0.0
78,5,2025-02-02,0,2,-1,0,0,0.0,0.0
79,5,2025-02-15,0,2,0,0,1,0.0,0.0
80,5,2025-02-22,0,2,-1,0,0,0.0,0.0
81,5,2025-02-26,0,2,-1,0,1,0.0,0.0
82,5,2025-03-09,0,2,0,0,0,0.0,0.0
83,5,2025-03-16,0,2,-1,0,1,0.0,0.0
84,5,2025-04-01,0,2,-1,0,0,0.0,0.0
85,5,2025-04-05,0,2,-1,0,0,0.0,0.0
86,5,2025-04-12,0,2,-1,0,0,0.0,0.0
87,5,2025-04-20,0,2,0,0,0,0.0,0.0
88,5,2025-04-23,0,2,3,0,0,0.0,0.0
89,5,2025-05-03,0,2,-1,0,1,0.0,0.0
90,5,2025-05-11,0,2,0,0,0,0.0,0.0
91,5,2025-05-18,0,2,-1,0,1,0.0,0.0
92,22,2022-08-13,0,57,51,45,57,,89.99997
93,22,2022-09-03,90,58,67,90,58,0.0,89.99997
94,22,2022-09-17,90,71,77,64,67,45.0,89.99997
95,22,2022-10-01,90,82,81,90,88,60.0,89.99997
96,22,2022-10-08,90,92,96,90,85,67.5,89.99997
97,22,2022-10-15,90,89,87,90,82,90.0,89.99997
98,22,2022-10-19,90,86,82,90,84,90.0,89.99997
99,22,2022-10-24,45,86,86,90,83,90.0,89.99997
100,22,2022-10-29,0,59,66,66,49,78.75,9.0
101,22,2022-11-05,0,25,11,16,18,56.25,0.0
102,22,2022-11-12,0,14,3,0,8,33.75,0.0
103,22,2022-12-27,0,7,5,0,0,11.25,0.0
104,22,2022-12-31,0,2,1,0,0,0.0,0.0
105,22,2023-01-03,0,2,3,0,0,0.0,0.0
106,22,2023-01-14,90,2,0,0,0,0.0,0.0
107,22,2023-01-21,90,54,52,50,51,22.5,89.99997
108,22,2023-02-04,90,72,67,75,72,45.0,89.99997
109,22,2023-02-11,90,81,84,90,85,67.5,89.99997
110,22,2023-02-18,90,89,84,90,85,90.0,89.99997
111,22,2023-02-25,90,89,87,90,84,90.0,89.99997
112,22,2023-03-04,90,87,80,90,83,90.0,89.99997
113,22,2023-03-11,90,88,90,90,88,90.0,89.99997
114,22,2023-03-18,90,90,95,90,84,90.0,89.99997
115,22,2023-04-01,90,90,83,90,88,90.0,89.99997
116,22,2023-04-04,90,86,88,90,81,90.0,89.99997
117,22,2023-04-08,90,86,70,68,85,90.0,89.99997
118,22,2023-04-15,90,91,89,90,85,90.0,89.99997
119,22,2023-04-23,90,91,87,90,86,90.0,89.99997
120,22,2023-04-27,90,89,85,90,85,90.0,89.99997
121,22,2023-04-30,90,88,95,90,85,90.0,89.99997
122,22,2023-05-06,90,89,86,90,84,90.0,89.99997
123,22,2023-05-13,90,87,84,90,84,90.0,89.99997
124,22,2023-05-20,90,87,86,84,87,90.0,89.99997
125,22,2023-05-28,0,89,89,90,83,90.0,89.99997
126,22,2023-08-12,90,2,-1,0,0,67.5,0.0
127,22,2023-09-17,90,86,80,90,86,67.5,89.99997
128,22,2023-09-24,90,90,98,90,86,67.5,89.99997
129,22,2023-09-30,90,85,84,90,83,67.5,89.99997
130,22,2023-10-07,90,87,84,90,85,90.0,89.99997
131,22,2023-10-21,90,89,88,90,88,90.0,89.99997
132,22,2023-10-28,0,87,87,90,83,90.0,89.99997
133,22,2023-11-04,0,32,26,21,24,67.5,0.0
134,22,2023-11-11,90,17,9,18,10,45.0,0.0
135,22,2023-11-25,90,66,68,90,64,45.0,89.99997
136,22,2023-12-03,90,74,75,86,68,45.0,89.99997
137,22,2023-12-06,90,78,68,63,85,67.5,89.99997
138,22,2023-12-09,90,88,86,86,87,90.0,89.99997
139,22,2023-12-23,90,91,92,90,82,90.0,89.99997
140,22,2023-12-26,90,89,92,90,85,90.0,89.99997
141,22,2023-12-31,90,90,92,90,83,90.0,89.99997
142,22,2024-01-21,90,88,82,90,84,90.0,89.99997
143,22,2024-02-01,90,86,83,90,86,90.0,89.99997
144,22,2024-02-04,90,86,86,77,85,90.0,89.99997
145,22,2024-02-10,90,87,84,90,86,90.0,89.99997
146,22,2024-02-17,90,86,79,90,83,90.0,89.99997
147,22,2024-02-24,90,85,82,90,84,90.0,89.99997
148,22,2024-03-03,90,89,87,90,87,90.0,89.99997
149,22,2024-03-09,90,91,91,90,87,90.0,89.99997
150,22,2024-03-13,90,93,85,90,83,90.0,89.99997
151,22,2024-03-30,90,86,86,90,80,90.0,89.99997
152,22,2024-04-02,90,83,83,90,83,90.0,89.99997
153,22,2024-04-06,90,88,92,90,85,90.0,89.99997
154,22,2024-04-13,90,93,85,90,84,90.0,89.99997
155,22,2024-04-21,90,84,86,90,77,90.0,89.99997
156,22,2024-04-24,0,82,74,53,87,90.0,89.99997
157,22,2024-04-28,0,34,38,41,24,67.5,0.0
158,22,2024-05-04,0,17,7,0,8,45.0,0.0
159,22,2024-05-11,0,11,8,0,0,22.5,0.0
160,22,2024-05-19,90,2,1,0,0,0.0,0.0
161,22,2024-09-22,0,17,16,5,12,22.5,0.0
162,22,2024-09-28,0,11,11,0,1,22.5,0.0
163,22,2024-10-05,0,2,0,0,0,22.5,0.0
164,22,2024-10-19,0,2,-1,0,0,22.5,0.0
165,22,2024-10-27,0,2,0,0,0,0.0,0.0
166,22,2024-11-02,0,2,-1,0,1,0.0,0.0
167,22,2024-11-10,0,2,-1,0,0,0.0,0.0
168,22,2024-11-23,0,2,-1,0,0,0.0,0.0
169,22,2024-11-30,0,2,0,0,0,0.0,0.0
170,22,2024-12-04,0,2,0,0,0,0.0,0.0
171,22,2024-12-08,0,2,-1,0,1,0.0,0.0
172,22,2024-12-14,0,2,0,0,0,0.0,0.0
173,22,2024-12-21,0,2,-1,0,1,0.0,0.0
174,22,2024-12-27,0,2,0,0,0,0.0,0.0
175,22,2025-01-01,0,2,-1,0,0,0.0,0.0
176,22,2025-01-04,0,2,1,0,1,0.0,0.0
177,22,2025-01-15,0,2,0,0,0,0.0,0.0
178,22,2025-01-18,0,2,-1,0,1,0.0,0.0
179,22,2025-01-25,0,2,0,0,0,0.0,0.0
180,22,2025-02-02,0,2,-1,0,0,0.0,0.0
181,22,2025-02-15,0,2,0,0,1,0.0,0.0
182,22,2025-02-22,0,2,-1,0,0,0.0,0.0
183,22,2025-02-26,0,2,-1,0,1,0.0,0.0
184,22,2025-03-09,0,2,0,0,0,0.0,0.0
185,22,2025-03-16,0,2,-1,0,1,0.0,0.0
186,22,2025-04-01,0,2,-1,0,0,0.0,0.0
187,22,2025-04-05,0,2,-1,0,0,0.0,0.0
188,22,2025-04-12,0,2,-1,0,0,0.0,0.0
189,22,2025-04-20,0,2,0,0,0,0.0,0.0
190,22,2025-04-23,0,2,3,0,0,0.0,0.0
191,22,2025-05-03,0,2,-1,0,1,0.0,0.0
192,22,2025-05-11,0,2,0,0,0,0.0,0.0
193,22,2025-05-18,0,2,-1,0,1,0.0,0.0
194,57,2022-08-06,90,20,16,4,16,,0.0
195,57,2022-08-31,90,87,82,90,81,90.0,89.99997
196,57,2022-09-03,90,86,78,90,89,90.0,89.99997
197,57,2022-09-16,90,90,90,90,88,90.0,89.99997
198,57,2022-10-02,90,86,88,90,88,90.0,89.99997
199,57,2022-10-10,90,89,90,90,84,90.0,89.99997
200,57,2022-10-16,90,89,84,90,86,90.0,89.99997
201,57,2022-10-20,90,88,85,90,85,90.0,89.99997
202,57,2022-10-23,90,89,85,90,90,90.0,89.99997
203,57,2022-10-29,34,91,92,90,82,90.0,89.99997
204,57,2022-11-06,90,55,56,90,42,76.0,9.0
205,57,2022-11-13,90,79,81,90,90,76.0,89.99997
206,57,2022-12-26,0,81,102,90,61,76.0,89.99997
207,57,2023-01-01,0,27,54,90,26,53.5,0.0
208,57,2023-01-04,90,18,26,59,9,45.0,0.0
209,57,2023-01-13,90,64,71,90,57,45.0,89.99997
210,57,2023-01-21,90,70,73,58,72,45.0,89.99997
211,57,2023-02-04,90,84,84,84,92,67.5,89.99997
212,57,2023-02-12,90,88,86,90,82,90.0,89.99997
213,57,2023-02-18,90,87,81,90,90,90.0,89.99997
214,57,2023-02-25,90,86,91,90,86,90.0,89.99997
215,57,2023-03-04,90,87,102,90,88,90.0,89.99997
216,57,2023-03-12,90,90,101,90,86,90.0,89.99997
217,57,2023-03-18,90,91,72,90,87,90.0,89.99997
218,57,2023-04-01,90,94,89,90,88,90.0,89.99997
219,57,2023-04-04,90,96,95,90,88,90.0,89.99997
220,57,2023-04-08,90,90,85,90,88,90.0,89.99997
221,57,2023-04-15,90,89,97,90,86,90.0,89.99997
222,57,2023-04-22,45,92,89,90,85,90.0,89.99997
223,57,2023-04-25,90,65,70,80,52,78.75,9.0
224,57,2023-04-30,90,81,75,79,92,78.75,89.99997
225,57,2023-05-06,90,88,80,90,69,78.75,89.99997
226,57,2023-05-13,90,86,88,90,91,78.75,89.99997
227,57,2023-05-20,90,85,86,90,85,90.0,89.99997
228,57,2023-05-28,90,88,87,84,90,90.0,89.99997
229,57,2023-08-12,90,90,89,90,85,90.0,89.99997
230,57,2023-09-16,90,72,65,90,75,90.0,89.99997
231,57,2023-09-24,90,79,74,66,66,90.0,89.99997
232,57,2023-09-30,90,83,88,90,89,90.0,89.99997
233,57,2023-10-08,90,88,86,90,86,90.0,89.99997
234,57,2023-10-22,90,86,86,90,86,90.0,89.99997
235,57,2023-10-29,90,90,88,90,88,90.0,89.99997
236,57,2023-11-05,90,86,89,88,84,90.0,89.99997
237,57,2023-11-12,90,84,82,90,83,90.0,89.99997
238,57,2023-11-26,90,88,95,90,89,90.0,89.99997
239,57,2023-12-03,90,91,72,90,87,90.0,89.99997
240,57,2023-12-06,90,91,85,90,89,90.0,89.99997
241,57,2023-12-09,90,89,88,90,84,90.0,89.99997
242,57,2023-12-17,90,90,89,90,91,90.0,89.99997
243,57,2023-12-22,90,91,90,90,85,90.0,89.99997
244,57,2023-12-26,90,86,67,82,85,90.0,89.99997
245,57,2023-12-30,90,88,76,81,88,90.0,89.99997
246,57,2024-01-14,90,88,92,90,87,90.0,89.99997
247,57,2024-01-30,90,89,93,90,83,90.0,89.99997
248,57,2024-02-03,90,90,85,90,88,90.0,89.99997
249,57,2024-02-11,90,92,93,90,87,90.0,89.99997
250,57,2024-02-17,90,91,88,90,85,90.0,89.99997
251,57,2024-02-24,90,89,87,90,89,90.0,89.99997
252,57,2024-03-02,90,88,92,90,83,90.0,89.99997
253,57,2024-03-10,90,88,83,90,87,90.0,89.99997
254,57,2024-03-17,90,86,80,86,83,90.0,89.99997
255,57,2024-03-30,90,88,81,77,91,90.0,89.99997
256,57,2024-04-03,0,93,86,90,85,90.0,89.99997
257,57,2024-04-06,90,37,44,72,27,67.5,0.0
258,57,2024-04-14,90,70,61,68,69,67.5,89.99997
259,57,2024-04-21,90,83,77,79,67,67.5,89.99997
260,57,2024-04-27,45,85,83,90,91,67.5,89.99997
261,57,2024-05-05,0,60,69,90,47,78.75,9.0
262,57,2024-05-13,90,25,19,11,19,56.25,0.0
263,57,2024-05-19,0,68,70,66,84,56.25,89.99997
264,57,2024-09-21,90,82,82,87,83,33.75,89.99997
265,57,2024-09-29,90,84,77,75,90,45.0,89.99997
266,57,2024-10-06,90,85,86,90,85,67.5,89.99997
267,57,2024-10-19,90,87,82,90,86,67.5,89.99997
268,57,2024-10-26,90,93,90,90,91,90.0,89.99997
269,57,2024-11-03,90,89,87,90,82,90.0,89.99997
270,57,2024-11-09,90,82,69,61,86,90.0,89.99997
271,57,2024-11-23,90,83,85,90,90,90.0,89.99997
272,57,2024-12-01,45,86,88,90,88,90.0,89.99997
273,57,2024-12-04,90,59,69,90,52,78.75,9.0
274,57,2024-12-07,90,73,76,63,90,78.75,89.99997
275,57,2024-12-14,90,80,86,90,62,78.75,89.99997
276,57,2024-12-21,90,85,87,90,92,78.75,89.99997
277,57,2024-12-26,90,88,83,90,87,90.0,89.99997
278,57,2024-12-30,90,85,88,90,90,90.0,89.99997
279,57,2025-01-04,90,83,85,90,85,90.0,89.99997
280,57,2025-01-15,90,82,85,90,87,90.0,89.99997
281,57,2025-01-18,90,87,86,90,88,90.0,89.99997
282,57,2025-01-26,90,89,83,90,87,90.0,89.99997
283,57,2025-02-01,90,84,91,90,87,90.0,89.99997
284,57,2025-02-15,90,85,84,90,87,90.0,89.99997
285,57,2025-02-19,90,84,82,90,87,90.0,89.99997
286,57,2025-02-22,90,82,82,90,83,90.0,89.99997
287,57,2025-02-25,45,85,84,90,91,90.0,89.99997
288,57,2025-04-02,90,61,68,81,48,78.75,9.0
289,57,2025-04-05,90,80,81,90,95,78.75,89.99997
290,57,2025-04-12,90,83,89,90,65,78.75,89.99997
291,57,2025-04-19,90,84,87,90,90,78.75,89.99997
292,57,2025-04-22,90,88,99,90,85,90.0,89.99997
293,57,2025-05-03,90,86,80,90,90,90.0,89.99997
294,57,2025-05-10,90,90,91,90,89,90.0,89.99997
295,57,2025-05-16,90,93,89,90,86,90.0,89.99997
296,65,2023-01-21,0,2,4,0,0,,0.0
297,65,2023-02-25,0,2,1,0,0,0.0,0.0
298,65,2023-03-04,0,2,0,0,0,0.0,0.0
299,65,2023-03-12,0,2,0,0,0,0.0,0.0
300,65,2023-03-18,0,2,0,0,0,0.0,0.0
301,65,2023-04-01,0,2,0,0,0,0.0,0.0
302,65,2023-04-04,0,2,-1,0,1,0.0,0.0
303,65,2023-04-08,0,2,0,0,0,0.0,0.0
304,65,2023-04-15,0,2,-1,0,0,0.0,0.0
305,65,2023-04-22,0,2,-1,0,0,0.0,0.0
306,65,2023-04-25,0,2,0,0,0,0.0,0.0
307,65,2023-04-30,0,2,0,0,0,0.0,0.0
308,65,2023-05-06,0,2,0,0,0,0.0,0.0
309,65,2023-05-13,0,2,-1,0,0,0.0,0.0
310,65,2023-05-20,0,2,-1,0,0,0.0,0.0
311,65,2023-05-28,0,2,-1,0,0,0.0,0.0
312,65,2023-08-12,0,2,0,0,1,0.0,0.0
313,65,2023-09-16,0,2,0,0,1,0.0,0.0
314,65,2023-09-24,0,2,2,0,0,0.0,0.0
315,65,2023-09-30,0,2,-1,0,0,0.0,0.0
316,65,2023-10-08,0,2,6,0,0,0.0,0.0
317,65,2023-10-22,0,2,-1,0,0,0.0,0.0
318,65,2023-10-29,0,2,3,0,0,0.0,0.0
319,65,2023-11-05,0,2,0,0,0,0.0,0.0
320,65,2023-11-12,0,2,0,0,1,0.0,0.0
321,65,2023-11-26,0,2,4,0,0,0.0,0.0
322,65,2023-12-03,0,2,-1,0,0,0.0,0.0
323,65,2023-12-06,0,2,0,0,0,0.0,0.0
324,65,2023-12-09,0,2,-1,0,1,0.0,0.0
325,65,2023-12-17,0,2,0,0,0,0.0,0.0
326,65,2023-12-22,0,2,-1,0,0,0.0,0.0
327,65,2023-12-26,0,2,-1,0,0,0.0,0.0
328,65,2023-12-30,0,2,0,0,1,0.0,0.0
329,65,2024-01-14,0,2,2,0,0,0.0,0.0
330,65,2024-01-30,0,2,-1,0,0,0.0,0.0
331,65,2024-02-03,0,2,4,0,0,0.0,0.0
332,65,2024-02-11,0,2,2,0,0,0.0,0.0
333,65,2024-02-17,0,2,-1,0,1,0.0,0.0
334,65,2024-02-24,0,2,4,0,0,0.0,0.0
335,65,2024-03-02,0,2,0,0,0,0.0,0.0
336,65,2024-03-10,0,2,3,0,0,0.0,0.0
337,65,2024-03-17,0,2,0,0,1,0.0,0.0
338,65,2024-03-30,0,2,1,0,0,0.0,0.0
339,65,2024-04-03,0,2,0,0,0,0.0,0.0
340,65,2024-04-06,0,2,0,0,0,0.0,0.0
341,65,2024-04-14,0,2,3,0,0,0.0,0.0
342,65,2024-04-21,0,2,-1,0,1,0.0,0.0
343,65,2024-04-27,0,2,4,0,0,0.0,0.0
344,65,2024-05-05,0,2,0,0,1,0.0,0.0
345,65,2024-05-13,0,2,0,0,0,0.0,0.0
346,65,2024-05-19,0,2,0,0,0,0.0,0.0
347,65,2024-09-21,0,2,0,0,0,0.0,0.0
348,65,2024-09-29,0,2,0,0,0,0.0,0.0
349,65,2024-10-06,0,2,2,0,0,0.0,0.0
350,65,2024-10-19,0,2,0,0,1,0.0,0.0
351,65,2024-10-26,0,2,2,0,0,0.0,0.0
352,65,2024-11-03,0,2,-1,0,0,0.0,0.0
353,65,2024-11-09,0,2,0,0,1,0.0,0.0
354,65,2024-11-23,0,2,0,0,0,0.0,0.0
355,65,2024-12-01,0,2,1,0,0,0.0,0.0
356,65,2024-12-04,0,2,0,0,0,0.0,0.0
357,65,2024-12-07,0,2,4,0,0,0.0,0.0
358,65,2024-12-14,0,2,-1,0,0,0.0,0.0
359,65,2024-12-21,0,2,0,0,0,0.0,0.0
360,65,2024-12-26,0,2,-1,0,1,0.0,0.0
361,65,2024-12-30,0,2,-1,0,0,0.0,0.0
362,65,2025-01-04,0,2,0,0,0,0.0,0.0
363,65,2025-01-15,0,2,0,0,0,0.0,0.0
364,65,2025-01-18,0,2,0,0,0,0.0,0.0
365,65,2025-01-26,0,2,0,0,0,0.0,0.0
366,65,2025-02-01,0,2,-1,0,0,0.0,0.0
367,65,2025-02-15,0,2,-1,0,0,0.0,0.0
368,65,2025-02-19,0,2,1,0,0,0.0,0.0
369,65,2025-02-22,0,2,0,0,1,0.0,0.0
370,65,2025-02-25,0,2,0,0,0,0.0,0.0
371,65,2025-03-08,0,2,0,0,0,0.0,0.0
372,65,2025-04-02,0,2,0,0,0,0.0,0.0
373,65,2025-04-05,0,2,1,0,0,0.0,0.0
374,65,2025-04-12,0,2,0,0,0,0.0,0.0
375,65,2025-04-19,0,2,0,0,0,0.0,0.0
376,65,2025-04-22,0,2,0,0,0,0.0,0.0
377,65,2025-05-03,0,2,0,0,0,0.0,0.0
378,65,2025-05-10,0,2,0,0,0,0.0,0.0
379,65,2025-05-16,0,2,-1,0,0,0.0,0.0
380,107,2022-08-06,0,2,3,0,0,,0.0
381,107,2022-08-30,0,2,-1,0,1,0.0,0.0
382,107,2022-09-03,0,2,3,0,0,0.0,0.0
383,107,2022-10-01,90,2,-1,0,1,0.0,0.0
384,107,2022-10-08,90,56,54,45,55,22.5,89.99997
385,107,2022-10-16,90,74,71,89,74,45.0,89.99997
386,107,2022-10-19,90,89,88,90,96,67.5,89.99997
387,107,2022-10-22,90,96,92,90,88,90.0,89.99997
388,107,2022-10-29,45,92,88,90,88,90.0,89.99997
389,107,2022-11-06,0,62,71,90,54,78.75,9.0
390,107,2022-11-12,0,26,38,52,23,56.25,0.0
391,107,2022-12-27,90,15,15,0,14,33.75,0.0
392,107,2023-01-01,90,64,65,90,65,33.75,89.99997
393,107,2023-01-05,90,77,72,90,74,45.0,89.99997
394,107,2023-01-12,90,80,76,74,90,67.5,89.99997
395,107,2023-01-15,90,86,75,75,92,90.0,89.99997
396,107,2023-01-21,90,91,86,90,87,90.0,89.99997
397,107,2023-02-03,90,92,84,90,90,90.0,89.99997
398,107,2023-02-11,90,94,90,90,91,90.0,89.99997
399,107,2023-02-18,90,92,87,90,84,90.0,89.99997
400,107,2023-02-26,90,89,81,74,92,90.0,89.99997
401,107,2023-03-04,90,88,85,90,87,90.0,89.99997
402,107,2023-03-11,90,88,86,90,91,90.0,89.99997
403,107,2023-03-18,90,92,94,90,89,90.0,89.99997
404,107,2023-04-01,90,87,87,90,88,90.0,89.99997
405,107,2023-04-04,90,85,82,90,88,90.0,89.99997
406,107,2023-04-08,90,88,85,90,91,90.0,89.99997
407,107,2023-04-15,90,91,89,90,92,90.0,89.99997
408,107,2023-04-26,90,95,94,90,91,90.0,89.99997
409,107,2023-05-02,90,86,86,90,84,90.0,89.99997
410,107,2023-05-06,90,87,85,84,92,90.0,89.99997
411,107,2023-05-13,0,90,88,90,88,90.0,89.99997
412,107,2023-05-21,90,33,23,33,28,67.5,0.0
413,107,2023-05-25,90,70,67,60,75,67.5,89.99997
414,107,2023-05-28,90,82,84,90,72,67.5,89.99997
415,107,2023-08-13,0,81,81,83,85,67.5,89.99997
416,107,2023-09-17,0,2,-1,0,1,67.5,0.0
417,107,2023-09-24,0,2,1,0,0,45.0,0.0
418,107,2023-10-02,0,2,-1,0,1,22.5,0.0
419,107,2023-10-07,0,2,-1,0,0,0.0,0.0
420,107,2023-10-21,0,2,-1,0,0,0.0,0.0
421,107,2023-10-28,0,2,-1,0,1,0.0,0.0
422,107,2023-11-06,0,2,0,0,0,0.0,0.0
423,107,2023-11-12,0,2,-1,0,1,0.0,0.0
424,107,2023-11-25,0,2,0,0,0,0.0,0.0
425,107,2023-12-03,0,2,0,0,0,0.0,0.0
426,107,2023-12-06,0,2,2,0,0,0.0,0.0
427,107,2023-12-10,0,2,1,0,1,0.0,0.0
428,107,2023-12-16,0,2,3,0,0,0.0,0.0
429,107,2023-12-24,0,2,-1,0,0,0.0,0.0
430,107,2023-12-27,0,2,0,0,1,0.0,0.0
431,107,2023-12-30,0,2,0,0,0,0.0,0.0
432,107,2024-01-13,0,2,0,0,0,0.0,0.0
433,107,2024-01-31,0,2,-1,0,1,0.0,0.0
434,107,2024-02-04,0,2,0,0,1,0.0,0.0
435,107,2024-02-12,0,2,0,0,0,0.0,0.0
436,107,2024-02-17,0,2,-1,0,0,0.0,0.0
437,107,2024-03-02,0,2,-1,0,1,0.0,0.0
438,107,2024-03-11,0,2,5,0,0,0.0,0.0
439,107,2024-03-30,0,2,-1,0,1,0.0,0.0
440,107,2024-04-04,0,2,1,0,0,0.0,0.0
441,107,2024-04-07,0,2,2,0,1,0.0,0.0
442,107,2024-04-15,0,2,5,0,0,0.0,0.0
443,107,2024-04-23,0,2,1,0,1,0.0,0.0
444,107,2024-04-27,0,1,0,0,1,0.0,0.0
445,107,2024-05-02,0,2,-1,1,0,0.0,0.0
446,107,2024-05-05,0,2,0,0,1,0.0,0.0
447,107,2024-05-11,0,2,0,0,0,0.0,0.0
448,107,2024-05-15,0,2,-1,0,0,0.0,0.0
449,107,2024-05-19,0,2,0,0,0,0.0,0.0
450,107,2024-09-21,90,14,16,11,16,0.0,0.0
451,107,2024-09-30,90,65,69,90,67,22.5,89.99997
452,107,2024-10-05,90,75,77,64,61,45.0,89.99997
453,107,2024-10-19,90,74,68,76,85,67.5,89.99997
454,107,2024-10-26,0,85,87,90,85,90.0,89.99997
455,107,2024-11-02,0,35,28,36,25,67.5,0.0
456,107,2024-11-09,90,19,20,19,9,45.0,0.0
457,107,2024-11-23,90,61,59,75,55,45.0,89.99997
458,107,2024-11-30,90,67,64,90,71,45.0,89.99997
459,107,2024-12-05,90,73,70,78,85,67.5,89.99997
460,107,2024-12-08,90,85,84,90,86,90.0,89.99997
461,107,2024-12-16,90,89,86,90,85,90.0,89.99997
462,107,2024-12-22,90,86,88,90,79,90.0,89.99997
463,107,2024-12-26,90,89,87,90,89,90.0,89.99997
464,107,2024-12-29,90,93,92,90,85,90.0,89.99997
465,107,2025-01-04,0,89,86,90,82,90.0,89.99997
466,107,2025-01-14,0,32,33,43,24,67.5,0.0
467,107,2025-01-18,90,17,12,0,9,45.0,0.0
468,107,2025-01-25,90,63,70,70,58,45.0,89.99997
469,107,2025-02-01,90,74,77,90,73,45.0,89.99997
470,107,2025-02-15,90,82,81,90,86,67.5,89.99997
471,107,2025-02-22,90,85,85,68,86,90.0,89.99997
472,107,2025-02-25,90,86,87,90,84,90.0,89.99997
473,107,2025-03-09,90,80,82,90,82,90.0,89.99997
474,107,2025-03-15,90,79,95,90,85,90.0,89.99997
475,107,2025-04-02,90,82,95,90,86,90.0,89.99997
476,107,2025-04-05,90,80,73,90,81,90.0,89.99997
477,107,2025-04-14,90,81,81,90,82,90.0,89.99997
478,107,2025-04-19,90,90,89,90,89,90.0,89.99997
479,107,2025-04-27,90,90,87,90,79,90.0,89.99997
480,107,2025-05-03,90,89,90,90,86,90.0,89.99997
481,107,2025-05-10,90,89,84,72,88,90.0,89.99997
482,107,2025-05-20,90,84,88,90,85,90.0,89.99997
483,120,2024-04-21,0,2,0,0,0,,0.0
484,120,2024-05-11,0,2,0,0,0,0.0,0.0
485,120,2024-05-19,0,2,1,0,0,0.0,0.0
486,120,2025-02-22,0,2,3,0,0,0.0,0.0
487,120,2025-02-25,0,2,0,0,0,0.0,0.0
488,120,2025-03-09,0,2,0,0,0,0.0,0.0
489,120,2025-03-15,0,2,0,0,0,0.0,0.0
490,120,2025-04-02,0,2,-1,0,0,0.0,0.0
491,120,2025-04-05,0,2,0,0,0,0.0,0.0
492,120,2025-04-14,0,2,1,0,0,0.0,0.0
493,120,2025-04-19,0,2,0,0,0,0.0,0.0
494,120,2025-04-27,0,2,0,0,0,0.0,0.0
495,120,2025-05-03,0,2,0,0,0,0.0,0.0
496,120,2025-05-10,0,2,-1,0,0,0.0,0.0
497,120,2025-05-20,0,2,-1,0,0,0.0,0.0
498,128,2023-08-13,90,89,99,90,79,,89.99997
499,128,2023-09-16,90,90,87,90,85,90.0,89.99997
500,128,2023-09-23,90,85,90,90,82,90.0,89.99997
501,128,2023-10-01,90,85,78,68,87,90.0,89.99997
502,128,2023-10-21,90,87,90,90,83,90.0,89.99997
503,128,2023-10-28,90,87,88,90,84,90.0,89.99997
504,128,2023-11-04,45,91,96,90,84,90.0,89.99997
505,128,2023-11-12,90,62,72,90,49,78.75,9.0
506,128,2023-11-25,90,83,80,90,94,78.75,89.99997
507,128,2023-12-02,90,85,90,90,65,78.75,89.99997
508,128,2023-12-06,90,79,71,57,86,78.75,89.99997
509,128,2023-12-09,90,87,80,90,85,90.0,89.99997
510,128,2023-12-17,90,88,89,90,85,90.0,89.99997
511,128,2023-12-27,90,86,89,90,82,90.0,89.99997
512,128,2023-12-30,90,85,81,82,85,90.0,89.99997
513,128,2024-01-20,90,88,86,90,86,90.0,89.99997
514,128,2024-01-31,90,87,90,90,83,90.0,89.99997
515,128,2024-02-05,90,85,84,89,85,90.0,89.99997
516,128,2024-02-10,90,95,92,90,93,90.0,89.99997
517,128,2024-02-17,90,94,96,90,85,90.0,89.99997
518,128,2024-02-20,90,87,71,90,84,90.0,89.99997
519,128,2024-02-26,90,92,111,90,92,90.0,89.99997
520,128,2024-03-02,90,86,90,90,84,90.0,89.99997
521,128,2024-03-09,90,84,89,90,86,90.0,89.99997
522,128,2024-03-16,90,88,90,90,88,90.0,89.99997
523,128,2024-03-30,90,89,88,90,87,90.0,89.99997
524,128,2024-04-03,90,87,90,90,82,90.0,89.99997
525,128,2024-04-06,90,90,99,90,89,90.0,89.99997
526,128,2024-04-13,90,87,89,90,79,90.0,89.99997
527,128,2024-04-20,90,88,85,90,87,90.0,89.99997
528,128,2024-04-27,90,91,84,90,81,90.0,89.99997
529,128,2024-05-04,90,85,86,90,82,90.0,89.99997
530,128,2024-05-11,90,90,88,90,87,90.0,89.99997
531,128,2024-05-19,90,91,92,90,81,90.0,89.99997
532,128,2024-09-21,90,86,87,90,85,90.0,89.99997
533,128,2024-09-28,90,87,87,85,91,90.0,89.99997
534,128,2024-10-05,90,84,88,90,83,90.0,89.99997
535,128,2024-10-19,90,81,85,90,85,90.0,89.99997
536,128,2024-10-26,90,88,91,90,91,90.0,89.99997
537,128,2024-11-04,90,85,85,71,84,90.0,89.99997
538,128,2024-11-09,90,86,86,90,85,90.0,89.99997
539,128,2024-11-23,90,84,80,68,84,90.0,89.99997
540,128,2024-11-30,90,87,86,90,86,90.0,89.99997
541,128,2024-12-04,90,89,88,90,83,90.0,89.99997
542,128,2024-12-07,90,89,86,90,88,90.0,89.99997
543,128,2024-12-15,90,86,88,90,85,90.0,89.99997
544,128,2024-12-21,90,84,86,90,88,90.0,89.99997
545,128,2024-12-27,35,85,81,90,86,90.0,89.99997
546,128,2025-01-01,90,55,76,90,46,76.25,9.0
547,128,2025-01-04,90,73,74,73,89,76.25,89.99997
548,128,2025-01-14,90,78,81,90,59,76.25,89.99997
549,128,2025-01-18,90,86,89,90,91,76.25,89.99997
550,128,2025-01-26,90,88,88,90,91,90.0,89.99997
551,128,2025-02-02,0,85,90,90,84,90.0,89.99997
552,128,2025-02-15,90,29,36,58,25,67.5,0.0
553,128,2025-02-21,90,72,70,71,76,67.5,89.99997
554,128,2025-02-26,90,85,88,90,65,67.5,89.99997
555,128,2025-03-08,90,84,91,90,88,67.5,89.99997
556,128,2025-03-15,90,89,86,90,85,90.0,89.99997
557,128,2025-04-02,90,89,89,90,88,90.0,89.99997
558,128,2025-04-06,90,84,86,90,83,90.0,89.99997
559,128,2025-04-12,90,87,89,90,90,90.0,89.99997
560,128,2025-04-19,90,89,87,90,84,90.0,89.99997
561,128,2025-05-01,90,84,87,90,86,90.0,89.99997
562,128,2025-05-04,90,92,91,90,89,90.0,89.99997
563,128,2025-05-10,90,87,87,90,82,90.0,89.99997
564,128,2025-05-18,90,87,86,90,89,90.0,89.99997
565,252,2024-09-21,0,2,3,0,0,,0.0
566,252,2024-09-28,0,2,4,0,0,0.0,0.0
567,252,2024-10-06,0,2,2,0,0,0.0,0.0
568,252,2024-10-20,0,2,0,0,0,0.0,0.0
569,252,2024-10-27,0,2,1,0,0,0.0,0.0
570,252,2024-11-03,0,2,0,0,0,0.0,0.0
571,252,2024-11-10,0,2,0,0,0,0.0,0.0
572,252,2024-11-23,0,2,1,0,0,0.0,0.0
573,252,2024-12-01,0,2,0,0,0,0.0,0.0
574,252,2024-12-04,90,2,-1,0,0,0.0,0.0
575,252,2024-12-08,0,56,61,66,55,22.5,89.99997
576,252,2024-12-15,0,15,22,7,17,22.5,0.0
577,252,2024-12-22,0,10,12,1,5,22.5,0.0
578,252,2024-12-26,0,12,18,0,0,22.5,0.0
579,252,2024-12-30,90,2,2,0,0,0.0,0.0
580,252,2025-01-04,0,56,60,73,55,22.5,89.99997
581,252,2025-01-14,0,14,18,0,17,22.5,0.0
582,252,2025-01-20,0,9,1,0,6,22.5,0.0
583,252,2025-01-25,0,11,11,15,1,22.5,0.0
584,252,2025-02-03,90,2,0,0,1,0.0,0.0
585,252,2025-02-14,90,57,67,86,56,22.5,89.99997
586,252,2025-02-22,90,69,69,68,70,45.0,89.99997
587,252,2025-02-25,90,75,75,61,91,67.5,89.99997
588,252,2025-03-09,0,86,88,90,88,90.0,89.99997
589,252,2025-03-16,0,35,41,63,27,67.5,0.0
590,252,2025-04-03,0,18,27,25,12,45.0,0.0
591,252,2025-04-06,0,12,15,0,1,22.5,0.0
592,252,2025-04-13,0,2,-1,0,0,0.0,0.0
593,252,2025-04-20,0,2,0,0,0,0.0,0.0
594,252,2025-04-26,0,2,0,0,1,0.0,0.0
595,252,2025-05-04,0,2,-1,0,0,0.0,0.0
596,252,2025-05-11,0,2,-1,0,0,0.0,0.0
597,252,2025-05-16,0,2,0,0,0,0.0,0.0
598,288,2022-08-05,0,2,3,0,0,,0.0
599,288,2022-08-31,0,2,0,0,0,0.0,0.0
600,288,2022-09-04,0,2,2,0,0,0.0,0.0
601,288,2022-09-18,0,2,1,0,0,0.0,0.0
602,288,2022-10-01,0,2,5,0,0,0.0,0.0
603,288,2022-10-09,0,2,0,0,1,0.0,0.0
604,288,2022-10-16,0,2,1,0,0,0.0,0.0
605,288,2022-10-23,0,2,0,0,0,0.0,0.0
606,288,2022-10-30,0,2,-1,0,0,0.0,0.0
607,288,2022-11-06,0,2,3,0,0,0.0,0.0
608,288,2022-11-12,0,2,-1,0,1,0.0,0.0
609,288,2022-12-26,0,2,0,0,0,0.0,0.0
610,288,2022-12-31,0,2,0,0,0,0.0,0.0
611,288,2023-01-03,0,2,1,0,0,0.0,0.0
612,288,2023-01-15,0,2,0,0,0,0.0,0.0
613,288,2023-01-22,0,2,2,0,0,0.0,0.0
614,288,2023-02-04,0,2,0,0,0,0.0,0.0
615,288,2023-02-11,0,2,-1,0,0,0.0,0.0
616,288,2023-02-15,0,2,1,0,0,0.0,0.0
617,288,2023-02-18,0,2,0,0,1,0.0,0.0
618,288,2023-02-25,0,2,3,0,0,0.0,0.0
619,288,2023-03-01,0,2,-1,0,0,0.0,0.0
620,288,2023-03-04,0,2,4,0,0,0.0,0.0
621,288,2023-03-12,0,2,0,0,0,0.0,0.0
622,288,2023-03-19,0,2,0,0,0,0.0,0.0
623,288,2023-04-01,0,2,3,0,0,0.0,0.0
624,288,2023-04-09,0,2,1,0,0,0.0,0.0
625,288,2023-04-16,0,2,1,0,0,0.0,0.0
626,288,2023-04-21,0,2,5,0,0,0.0,0.0
627,288,2023-04-26,0,2,1,0,0,0.0,0.0
628,288,2023-05-02,0,2,0,0,1,0.0,0.0
629,288,2023-05-07,0,2,5,0,0,0.0,0.0
630,288,2023-05-14,0,2,0,0,0,0.0,0.0
631,288,2023-05-20,0,2,-1,0,0,0.0,0.0
632,288,2023-05-28,0,2,1,0,0,0.0,0.0
633,288,2023-08-12,90,2,1,0,0,0.0,0.0
634,288,2023-09-18,90,88,87,90,88,22.5,89.99997
635,288,2023-09-23,90,87,82,85,84,45.0,89.99997
636,288,2023-10-01,90,86,80,90,84,67.5,89.99997
637,288,2023-10-07,90,86,82,90,89,90.0,89.99997
638,288,2023-10-21,90,89,88,90,81,90.0,89.99997
639,288,2023-10-29,90,88,81,89,85,90.0,89.99997
640,288,2023-11-05,0,88,82,90,83,90.0,89.99997
641,288,2023-11-12,0,34,21,10,25,67.5,0.0
642,288,2023-11-25,0,18,4,0,9,45.0,0.0
643,288,2023-12-02,0,11,13,5,0,22.5,0.0
644,288,2023-12-06,0,2,0,0,0,0.0,0.0
645,288,2023-12-09,90,2,6,0,0,0.0,0.0
646,288,2023-12-15,90,56,60,70,55,22.5,89.99997
647,288,2023-12-23,90,71,75,86,74,45.0,89.99997
648,288,2023-12-26,90,79,81,90,88,67.5,89.99997
649,288,2023-12-30,90,90,90,90,85,90.0,89.99997
650,288,2024-01-20,90,87,86,86,86,90.0,89.99997
651,288,2024-01-30,90,85,81,73,86,90.0,89.99997
652,288,2024-02-04,0,85,83,90,84,90.0,89.99997
653,288,2024-02-10,0,33,24,9,25,67.5,0.0
654,288,2024-02-17,0,18,22,23,11,45.0,0.0
655,288,2024-02-24,0,11,10,4,0,22.5,0.0
656,288,2024-03-02,0,2,1,0,0,0.0,0.0
657,288,2024-03-10,0,2,0,0,0,0.0,0.0
658,288,2024-03-16,0,2,0,0,0,0.0,0.0
659,288,2024-03-30,0,2,0,0,0,0.0,0.0
660,288,2024-04-02,0,2,0,0,0,0.0,0.0
661,288,2024-04-07,0,1,0,0,0,0.0,0.0
662,288,2024-04-13,0,1,2,0,0,0.0,0.0
663,288,2024-04-21,0,2,11,4,0,0.0,0.0
664,288,2024-04-28,0,2,-1,0,0,0.0,0.0
665,288,2024-05-04,0,2,1,0,0,0.0,0.0
666,288,2024-05-11,0,2,2,0,0,0.0,0.0
667,288,2024-05-19,0,2,-1,0,0,0.0,0.0
668,288,2024-09-21,0,2,0,0,0,0.0,0.0
669,288,2024-09-28,0,2,-1,0,0,0.0,0.0
670,288,2024-10-05,0,2,0,0,0,0.0,0.0
671,288,2024-10-21,0,2,-1,0,0,0.0,0.0
672,288,2024-10-27,0,2,0,0,0,0.0,0.0
673,288,2024-11-02,0,2,0,0,0,0.0,0.0
674,288,2024-11-09,0,2,0,0,0,0.0,0.0
675,288,2024-11-23,0,2,0,0,0,0.0,0.0
676,288,2024-11-30,0,2,1,0,0,0.0,0.0
677,288,2024-12-03,0,2,0,0,0,0.0,0.0
678,288,2024-12-07,0,2,0,0,0,0.0,0.0
679,288,2024-12-15,0,2,0,0,1,0.0,0.0
680,288,2024-12-21,0,2,0,0,0,0.0,0.0
681,288,2024-12-26,0,2,0,0,0,0.0,0.0
682,288,2024-12-29,0,2,2,0,0,0.0,0.0
683,288,2025-01-04,0,2,1,0,0,0.0,0.0
684,288,2025-01-15,0,2,2,0,0,0.0,0.0
685,288,2025-01-18,0,2,0,0,0,0.0,0.0
686,288,2025-01-26,0,2,0,0,0,0.0,0.0
687,288,2025-02-02,0,2,0,0,0,0.0,0.0
688,288,2025-02-15,0,2,0,0,0,0.0,0.0
689,288,2025-02-22,0,2,0,0,0,0.0,0.0
690,288,2025-02-25,0,2,0,0,0,0.0,0.0
691,288,2025-03-08,0,2,0,0,0,0.0,0.0
692,288,2025-04-02,0,2,0,0,0,0.0,0.0
693,288,2025-04-05,0,2,0,0,0,0.0,0.0
694,288,2025-04-16,0,2,1,0,0,0.0,0.0
695,288,2025-04-19,0,2,0,0,0,0.0,0.0
696,288,2025-04-23,0,2,0,0,0,0.0,0.0
697,288,2025-05-05,0,2,0,0,0,0.0,0.0
698,288,2025-05-11,0,2,0,0,0,0.0,0.0
699,288,2025-05-20,0,2,-1,0,0,0.0,0.0
700,391,2024-09-21,0,11,0,0,0,,0.0
701,391,2024-09-29,0,2,0,0,0,0.0,0.0
702,391,2024-10-05,0,2,0,0,0,0.0,0.0
703,391,2024-10-19,0,2,-1,0,0,0.0,0.0
704,391,2024-10-26,0,2,0,0,0,0.0,0.0
705,391,2024-11-02,0,2,0,0,0,0.0,0.0
706,391,2024-11-10,0,2,0,0,0,0.0,0.0
707,391,2024-11-24,0,2,1,0,0,0.0,0.0
708,391,2024-11-30,0,2,0,0,0,0.0,0.0
709,391,2024-12-03,0,2,-1,0,0,0.0,0.0
710,391,2024-12-08,0,2,-1,0,0,0.0,0.0
711,391,2024-12-14,0,2,-1,0,0,0.0,0.0
712,391,2024-12-21,0,2,-1,0,0,0.0,0.0
713,391,2024-12-27,0,2,0,0,0,0.0,0.0
714,391,2024-12-30,90,2,0,0,0,0.0,0.0
715,391,2025-01-05,90,58,69,90,59,22.5,89.99997
716,391,2025-01-16,90,71,71,90,69,45.0,89.99997
717,391,2025-01-19,90,76,68,90,83,67.5,89.99997
718,391,2025-01-25,90,80,71,47,83,90.0,89.99997
719,391,2025-02-01,0,75,64,61,84,90.0,89.99997
720,391,2025-02-15,0,26,0,2,22,67.5,0.0
721,391,2025-02-22,0,15,13,6,8,45.0,0.0
722,391,2025-02-26,0,9,3,0,0,22.5,0.0
723,391,2025-03-08,0,2,0,0,0,0.0,0.0
724,391,2025-03-15,0,2,-1,0,0,0.0,0.0
725,391,2025-04-02,0,2,0,0,0,0.0,0.0
726,391,2025-04-05,0,2,0,0,0,0.0,0.0
727,391,2025-04-13,0,2,0,0,0,0.0,0.0
728,391,2025-04-20,0,2,2,0,0,0.0,0.0
729,391,2025-04-26,0,2,0,0,0,0.0,0.0
730,391,2025-05-03,0,2,0,0,0,0.0,0.0
731,391,2025-05-10,0,2,0,0,0,0.0,0.0
732,391,2025-05-18,0,2,0,0,0,0.0,0.0
733,419,2022-08-07,0,2,3,0,0,,0.0
734,419,2022-09-01,0,2,0,0,1,0.0,0.0
735,419,2022-09-04,0,2,0,0,0,0.0,0.0
736,419,2022-09-17,0,2,1,0,0,0.0,0.0
737,419,2022-10-03,0,2,0,0,1,0.0,0.0
738,419,2022-10-08,0,2,2,0,0,0.0,0.0
739,419,2022-10-15,0,2,0,0,0,0.0,0.0
740,419,2022-10-20,0,2,4,0,0,0.0,0.0
741,419,2022-10-23,0,2,-1,0,0,0.0,0.0
742,419,2022-10-29,0,2,-1,0,0,0.0,0.0
743,419,2022-11-05,0,2,-1,0,0,0.0,0.0
744,419,2022-11-12,0,2,0,0,0,0.0,0.0
745,419,2022-12-26,0,2,-1,0,0,0.0,0.0
746,419,2022-12-30,0,2,0,0,0,0.0,0.0
747,419,2023-01-03,0,2,-1,0,1,0.0,0.0
748,419,2023-01-14,0,2,-1,0,0,0.0,0.0
749,419,2023-01-21,0,2,-1,0,0,0.0,0.0
750,419,2023-02-04,0,2,2,0,0,0.0,0.0
751,419,2023-02-11,0,2,1,0,0,0.0,0.0
752,419,2023-02-19,0,2,-1,0,0,0.0,0.0
753,419,2023-02-25,0,2,0,0,0,0.0,0.0
754,419,2023-03-04,0,2,1,0,0,0.0,0.0
755,419,2023-03-11,0,2,0,0,0,0.0,0.0
756,419,2023-03-18,90,2,0,0,1,0.0,0.0
757,419,2023-04-01,90,55,62,66,52,22.5,89.99997
758,419,2023-04-04,90,74,76,83,75,45.0,89.99997
759,419,2023-04-08,90,80,83,90,88,67.5,89.99997
760,419,2023-04-15,90,89,98,90,89,90.0,89.99997
761,419,2023-04-22,90,85,56,79,83,90.0,89.99997
762,419,2023-04-25,90,84,79,67,91,90.0,89.99997
763,419,2023-05-01,90,88,90,90,85,90.0,89.99997
764,419,2023-05-08,90,89,85,90,89,90.0,89.99997
765,419,2023-05-15,90,86,73,80,85,90.0,89.99997
766,419,2023-05-22,90,84,81,90,87,90.0,89.99997
767,419,2023-05-28,90,88,87,90,90,90.0,89.99997
768,419,2024-09-21,0,2,2,0,0,90.0,0.0
769,419,2024-09-28,0,2,1,0,0,67.5,0.0
770,419,2024-10-05,0,2,1,0,0,45.0,0.0
771,419,2024-10-19,0,2,0,0,0,22.5,0.0
772,419,2024-10-25,0,2,2,0,0,0.0,0.0
773,419,2024-11-02,0,2,2,0,0,0.0,0.0
774,419,2024-11-10,0,2,3,0,0,0.0,0.0
775,419,2024-11-23,0,2,3,0,1,0.0,0.0
776,419,2024-11-30,0,2,3,0,0,0.0,0.0
777,419,2024-12-03,0,2,0,0,0,0.0,0.0
778,419,2024-12-08,0,2,1,0,0,0.0,0.0
779,419,2024-12-14,0,2,2,0,0,0.0,0.0
780,419,2024-12-22,0,2,3,0,0,0.0,0.0
781,419,2024-12-26,0,2,4,0,0,0.0,0.0
782,419,2024-12-29,0,2,2,0,0,0.0,0.0
783,419,2025-01-04,0,2,0,0,0,0.0,0.0
784,419,2025-01-15,0,2,1,0,0,0.0,0.0
785,419,2025-01-18,0,2,0,0,0,0.0,0.0
786,419,2025-01-26,0,2,1,0,0,0.0,0.0
787,419,2025-02-01,0,2,0,0,0,0.0,0.0
788,419,2025-02-15,0,2,0,0,0,0.0,0.0
789,419,2025-02-21,0,2,0,0,0,0.0,0.0
790,419,2025-02-27,0,2,2,0,0,0.0,0.0
791,419,2025-03-09,0,2,3,0,0,0.0,0.0
792,419,2025-03-16,0,2,1,0,0,0.0,0.0
793,419,2025-04-02,0,2,0,0,0,0.0,0.0
794,419,2025-04-07,0,2,0,0,0,0.0,0.0
795,419,2025-04-12,0,2,0,0,0,0.0,0.0
796,419,2025-04-20,0,2,1,0,0,0.0,0.0
797,419,2025-04-26,0,2,0,0,0,0.0,0.0
798,419,2025-05-03,0,2,2,0,0,0.0,0.0
799,419,2025-05-11,0,2,0,0,0,0.0,0.0
800,419,2025-05-18,0,2,0,0,0,0.0,0.0
801,462,2022-08-06,0,2,-1,0,1,,0.0
802,462,2022-08-31,0,2,1,0,0,0.0,0.0
803,462,2022-09-03,0,2,-2,0,1,0.0,0.0
804,462,2022-10-01,0,2,-1,0,1,0.0,0.0
805,462,2022-10-09,0,2,1,0,0,0.0,0.0
806,462,2022-10-16,0,2,-1,0,1,0.0,0.0
807,462,2022-10-19,0,2,-1,0,1,0.0,0.0
808,462,2022-10-22,0,2,-1,0,0,0.0,0.0
809,462,2022-10-29,0,2,-1,0,0,0.0,0.0
810,462,2022-11-06,0,2,-1,0,1,0.0,0.0
811,462,2022-11-12,0,2,-1,0,1,0.0,0.0
812,462,2022-12-26,0,2,-2,0,0,0.0,0.0
813,462,2022-12-30,0,2,-1,0,1,0.0,0.0
814,462,2023-01-02,0,2,0,0,1,0.0,0.0
815,462,2023-01-14,0,2,0,0,0,0.0,0.0
816,462,2023-01-21,0,2,-1,0,1,0.0,0.0
817,462,2023-02-04,0,2,-1,0,1,0.0,0.0
818,462,2023-02-13,0,2,-1,0,0,0.0,0.0
819,462,2023-02-18,0,2,-2,0,1,0.0,0.0
820,462,2023-02-25,0,2,-1,0,1,0.0,0.0
821,462,2023-03-01,0,2,-1,0,1,0.0,0.0
822,462,2023-03-05,0,2,-1,0,1,0.0,0.0
823,462,2023-03-11,0,2,-1,0,1,0.0,0.0
824,462,2023-04-01,0,2,-2,0,0,0.0,0.0
825,462,2023-04-04,0,2,-2,0,1,0.0,0.0
826,462,2023-04-09,0,2,0,0,1,0.0,0.0
827,462,2023-04-17,0,2,-1,0,0,0.0,0.0
828,462,2023-04-22,0,2,0,0,1,0.0,0.0
829,462,2023-04-26,0,2,-1,0,0,0.0,0.0
830,462,2023-04-30,0,2,-1,0,1,0.0,0.0
831,462,2023-05-03,0,2,0,0,1,0.0,0.0
832,462,2023-05-06,0,2,-1,0,0,0.0,0.0
833,462,2023-05-15,0,2,-1,0,1,0.0,0.0
834,462,2023-05-20,0,2,0,0,1,0.0,0.0
835,462,2023-05-28,90,2,-1,0,0,0.0,0.0
836,462,2023-08-13,0,2,3,0,0,22.5,0.0
837,462,2023-09-16,0,2,0,0,0,22.5,0.0
838,462,2023-09-24,0,2,-1,0,0,22.5,0.0
839,462,2023-09-30,0,2,-1,0,1,22.5,0.0
840,462,2023-10-08,0,2,-1,0,1,0.0,0.0
841,462,2023-10-21,0,2,1,0,0,0.0,0.0
842,462,2023-10-29,0,2,-1,0,1,0.0,0.0
843,462,2023-11-05,0,2,0,0,0,0.0,0.0
844,462,2023-11-12,0,2,0,0,0,0.0,0.0
845,462,2023-11-25,0,2,-1,0,1,0.0,0.0
846,462,2023-12-03,90,1,-1,0,1,0.0,0.0
847,462,2023-12-06,90,57,65,75,56,22.5,89.99997
848,462,2023-12-09,0,74,72,90,73,45.0,89.99997
849,462,2023-12-17,0,29,30,18,28,45.0,0.0
850,462,2023-12-23,0,20,25,27,13,45.0,0.0
851,462,2023-12-26,0,12,15,3,1,22.5,0.0
852,462,2024-01-01,0,2,-1,0,0,0.0,0.0
853,462,2024-01-21,0,2,-1,0,1,0.0,0.0
854,462,2024-01-31,0,2,1,0,0,0.0,0.0
855,462,2024-02-04,0,2,-1,0,1,0.0,0.0
856,462,2024-02-10,90,2,1,0,0,0.0,0.0
857,462,2024-02-17,90,59,62,67,58,22.5,89.99997
858,462,2024-02-21,90,75,75,88,73,45.0,89.99997
859,462,2024-03-02,90,80,82,81,91,67.5,89.99997
860,462,2024-03-10,90,89,85,90,87,90.0,89.99997
861,462,2024-03-31,90,93,84,90,91,90.0,89.99997
862,462,2024-04-04,90,90,94,90,89,90.0,89.99997
863,462,2024-04-07,90,90,91,90,87,90.0,89.99997
864,462,2024-04-14,0,90,88,84,89,90.0,89.99997
865,462,2024-04-21,0,35,31,13,28,67.5,0.0
866,462,2024-04-24,0,19,23,13,13,45.0,0.0
867,462,2024-04-27,0,12,15,6,1,22.5,0.0
868,462,2024-05-05,0,2,-1,0,1,0.0,0.0
869,462,2024-05-13,0,2,0,0,1,0.0,0.0
870,462,2024-05-19,0,2,0,0,0,0.0,0.0
871,462,2024-09-21,90,2,-2,0,0,0.0,0.0
872,462,2024-09-28,0,63,62,77,69,22.5,89.99997
873,462,2024-10-05,0,21,28,29,21,22.5,0.0
874,462,2024-10-20,90,11,7,9,8,22.5,0.0
875,462,2024-10-27,90,63,60,58,62,45.0,89.99997
876,462,2024-11-02,90,68,66,24,75,45.0,89.99997
877,462,2024-11-09,90,78,78,77,92,67.5,89.99997
878,462,2024-11-24,90,88,91,90,88,90.0,89.99997
879,462,2024-12-01,90,90,80,90,91,90.0,89.99997
880,462,2024-12-04,90,89,83,90,86,90.0,89.99997
881,462,2024-12-14,0,86,79,90,91,90.0,89.99997
882,462,2024-12-22,0,33,36,69,27,67.5,0.0
883,462,2024-12-26,0,18,32,28,12,45.0,0.0
884,462,2024-12-29,0,11,18,10,0,22.5,0.0
885,462,2025-01-05,0,2,0,0,1,0.0,0.0
886,462,2025-01-14,0,2,0,0,1,0.0,0.0
887,462,2025-01-18,0,2,0,0,0,0.0,0.0
888,462,2025-01-25,0,2,-1,0,1,0.0,0.0
889,462,2025-02-01,0,2,2,0,0,0.0,0.0
890,462,2025-02-12,0,2,-1,0,1,0.0,0.0
891,462,2025-02-16,0,2,0,0,0,0.0,0.0
892,462,2025-02-19,0,2,-1,0,0,0.0,0.0
893,462,2025-02-23,0,2,-1,0,1,0.0,0.0
894,462,2025-02-26,0,2,-1,0,1,0.0,0.0
895,462,2025-03-08,0,2,-1,0,0,0.0,0.0
896,462,2025-04-02,90,2,-1,0,0,0.0,0.0
897,462,2025-04-06,90,57,48,35,56,22.5,89.99997
898,462,2025-04-13,0,72,69,57,75,45.0,89.99997
899,462,2025-04-20,0,26,28,23,28,45.0,0.0
900,462,2025-04-27,0,18,25,20,12,45.0,0.0
901,462,2025-05-04,0,11,21,13,1,22.5,0.0
902,462,2025-05-11,0,2,-1,0,0,0.0,0.0
903,462,2025-05-19,0,2,-1,0,1,0.0,0.0
904,501,2022-08-07,0,60,57,38,57,,89.99997
905,501,2022-08-31,0,2,6,0,0,0.0,0.0
906,501,2022-09-03,0,2,2,0,0,0.0,0.0
907,501,2022-09-17,0,2,-1,0,1,0.0,0.0
908,501,2022-10-02,0,2,-1,0,1,0.0,0.0
909,501,2022-10-08,0,2,0,0,1,0.0,0.0
910,501,2022-10-16,0,2,-1,0,0,0.0,0.0
911,501,2022-10-22,0,2,-2,0,1,0.0,0.0
912,501,2022-10-29,0,2,5,0,0,0.0,0.0
913,501,2022-11-05,0,2,-2,0,1,0.0,0.0
914,501,2022-11-12,0,2,1,0,0,0.0,0.0
915,501,2022-12-28,0,2,-1,0,1,0.0,0.0
916,501,2022-12-31,0,2,0,0,1,0.0,0.0
917,501,2023-01-05,0,2,-1,0,1,0.0,0.0
918,501,2023-01-14,0,2,-2,0,1,0.0,0.0
919,501,2023-01-19,0,2,-1,0,0,0.0,0.0
920,501,2023-01-22,0,2,-1,0,1,0.0,0.0
921,501,2023-02-05,0,2,-1,0,1,0.0,0.0
922,501,2023-02-12,0,2,-1,0,1,0.0,0.0
923,501,2023-02-15,0,2,1,0,0,0.0,0.0
924,501,2023-02-18,0,2,-1,0,1,0.0,0.0
925,501,2023-02-25,0,2,0,0,0,0.0,0.0
926,501,2023-03-04,0,2,0,0,1,0.0,0.0
927,501,2023-03-11,0,2,-1,0,1,0.0,0.0
928,501,2023-04-01,0,2,-1,0,1,0.0,0.0
929,501,2023-04-08,0,2,-1,0,1,0.0,0.0
930,501,2023-04-15,0,2,0,0,0,0.0,0.0
931,501,2023-04-26,0,2,-1,0,1,0.0,0.0
932,501,2023-04-30,0,2,2,0,1,0.0,0.0
933,501,2023-05-03,90,2,-1,0,0,0.0,0.0
934,501,2023-05-06,0,59,50,45,62,22.5,89.99997
935,501,2023-05-14,0,20,25,13,20,22.5,0.0
936,501,2023-05-21,90,13,13,25,8,22.5,0.0
937,501,2023-05-24,90,70,66,63,77,45.0,89.99997
938,501,2023-05-28,0,81,77,90,77,45.0,89.99997
939,501,2023-08-11,0,12,15,0,1,45.0,0.0
940,501,2023-09-16,0,2,0,0,1,45.0,0.0
941,501,2023-09-23,0,2,-1,0,1,22.5,0.0
942,501,2023-09-30,0,2,-1,0,0,0.0,0.0
943,501,2023-10-08,0,2,-1,0,1,0.0,0.0
944,501,2023-10-21,90,2,-1,0,1,0.0,0.0
945,501,2023-10-29,0,57,57,59,56,22.5,89.99997
946,501,2023-11-04,0,17,17,0,18,22.5,0.0
947,501,2023-11-12,0,11,9,0,6,22.5,0.0
948,501,2023-11-25,0,12,13,20,1,22.5,0.0
949,501,2023-12-03,0,2,-1,0,1,0.0,0.0
950,501,2023-12-06,0,2,0,0,1,0.0,0.0
951,501,2023-12-10,0,2,-1,0,1,0.0,0.0
952,501,2023-12-16,0,2,3,0,0,0.0,0.0
953,501,2023-12-27,0,2,-1,0,1,0.0,0.0
954,501,2023-12-30,0,2,1,0,1,0.0,0.0
955,501,2024-01-13,82,2,-1,0,0,0.0,0.0
956,501,2024-01-31,0,53,49,33,53,20.5,9.0
957,501,2024-02-05,0,15,13,0,17,20.5,0.0
958,501,2024-02-10,0,10,5,0,7,20.5,0.0
959,501,2024-02-17,0,11,12,4,1,20.5,0.0
960,501,2024-02-20,0,2,-1,0,1,0.0,0.0
961,501,2024-02-24,0,2,0,0,0,0.0,0.0
962,501,2024-03-03,0,2,-1,0,1,0.0,0.0
963,501,2024-03-10,34,2,-1,0,1,0.0,0.0
964,501,2024-03-31,90,26,26,32,26,8.5,9.0
965,501,2024-04-03,90,66,61,61,80,31.0,89.99997
966,501,2024-04-06,90,77,74,81,70,53.5,89.99997
967,501,2024-04-13,0,83,84,90,93,76.0,89.99997
968,501,2024-04-25,0,35,47,60,27,67.5,0.0
969,501,2024-04-28,45,19,26,24,14,45.0,0.0
970,501,2024-05-04,0,37,42,30,29,33.75,9.0
971,501,2024-05-11,0,9,8,0,7,11.25,0.0
972,501,2024-05-14,21,7,0,0,4,11.25,0.0
973,501,2024-05-19,90,22,23,19,9,16.5,9.0
974,501,2024-09-22,0,2,-1,0,1,27.75,0.0
975,501,2024-09-28,0,2,-2,0,1,27.75,0.0
976,501,2024-10-05,0,2,-1,0,1,27.75,0.0
977,501,2024-10-20,0,2,0,0,1,22.5,0.0
978,501,2024-10-26,0,2,-1,0,1,0.0,0.0
979,501,2024-11-02,0,2,-1,0,1,0.0,0.0
980,501,2024-11-09,0,2,0,0,1,0.0,0.0
981,501,2024-11-23,0,2,-1,0,1,0.0,0.0
982,501,2024-12-01,90,2,-1,0,1,0.0,0.0
983,501,2024-12-04,90,58,61,88,59,22.5,89.99997
984,501,2024-12-07,90,75,72,90,74,45.0,89.99997
985,501,2024-12-15,0,80,81,90,91,67.5,89.99997
986,501,2024-12-21,90,32,38,44,29,67.5,0.0
987,501,2024-12-26,90,73,76,90,79,67.5,89.99997
988,501,2024-12-29,90,76,77,87,65,67.5,89.99997
989,501,2025-01-04,90,80,83,90,93,67.5,89.99997
990,501,2025-01-14,90,90,95,90,90,90.0,89.99997
991,501,2025-01-19,0,87,90,90,89,90.0,89.99997
992,501,2025-01-25,0,33,52,77,28,67.5,0.0
993,501,2025-02-02,90,18,18,18,15,45.0,0.0
994,501,2025-02-15,0,58,54,47,58,45.0,89.99997
995,501,2025-02-23,0,12,-3,0,15,22.5,0.0
996,501,2025-02-26,0,10,-1,0,6,22.5,0.0
997,501,2025-03-08,0,11,18,11,1,22.5,0.0
998,501,2025-03-15,90,2,-1,0,1,0.0,0.0
999,501,2025-04-02,0,56,49,30,56,22.5,89.99997
1000,501,2025-04-06,0,15,6,0,18,22.5,0.0
1001,501,2025-04-12,19,10,1,0,7,22.5,0.0
1002,501,2025-04-19,90,23,30,28,4,27.25,9.0
1003,501,2025-04-22,90,63,59,69,59,27.25,89.99997
1004,501,2025-05-02,0,74,72,61,74,49.75,89.99997
1005,501,2025-05-10,0,28,33,27,28,49.75,0.0
1006,501,2025-05-20,0,20,27,17,13,45.0,0.0
1007,564,2024-03-09,0,2,0,0,1,,0.0
1008,564,2024-04-13,0,2,2,0,0,0.0,0.0
1009,564,2024-04-24,0,2,3,0,0,0.0,0.0
1010,564,2024-04-27,0,2,0,0,0,0.0,0.0
1011,564,2024-05-06,0,2,0,0,0,0.0,0.0
1012,564,2024-05-12,0,2,1,0,0,0.0,0.0
1013,564,2024-05-15,0,2,-1,0,1,0.0,0.0
1014,564,2024-05-19,0,2,0,0,0,0.0,0.0
1015,564,2025-04-13,0,2,-1,0,1,0.0,0.0
1016,564,2025-04-20,0,2,-1,0,0,0.0,0.0
1017,564,2025-04-27,0,2,-1,0,0,0.0,0.0
1018,564,2025-05-04,0,2,0,0,0,0.0,0.0
1019,564,2025-05-11,0,2,4,0,0,0.0,0.0
1020,564,2025-05-16,0,2,0,0,0,0.0,0.0
1021,622,2024-02-04,90,84,89,90,85,,89.99997
1022,622,2024-03-02,90,88,84,90,83,90.0,89.99997
1023,622,2024-03-10,90,84,86,90,85,90.0,89.99997
1024,622,2024-03-16,90,86,83,81,88,90.0,89.99997
1025,622,2024-03-30,90,87,83,90,83,90.0,89.99997
1026,622,2024-04-02,90,84,75,83,83,90.0,89.99997
1027,622,2024-04-07,90,85,85,90,85,90.0,89.99997
1028,622,2024-04-13,90,87,85,90,86,90.0,89.99997
1029,622,2024-04-21,90,85,84,62,85,90.0,89.99997
1030,622,2024-04-28,90,84,80,90,85,90.0,89.99997
1031,622,2024-05-04,90,86,85,90,87,90.0,89.99997
1032,622,2024-05-11,90,87,92,90,89,90.0,89.99997
1033,622,2024-05-19,90,85,88,90,80,90.0,89.99997
1034,622,2024-09-22,90,90,86,90,88,90.0,89.99997
1035,622,2024-09-28,90,87,86,90,83,90.0,89.99997
1036,622,2024-10-06,90,81,89,90,84,90.0,89.99997
1037,622,2024-10-21,90,88,84,90,89,90.0,89.99997
1038,622,2024-10-25,90,91,93,90,88,90.0,89.99997
1039,622,2024-11-02,90,85,83,90,80,90.0,89.99997
1040,622,2024-11-10,90,86,78,90,85,90.0,89.99997
1041,622,2024-11-23,90,89,57,78,86,90.0,89.99997
1042,622,2024-11-30,90,84,89,90,86,90.0,89.99997
1043,622,2024-12-04,90,84,87,90,86,90.0,89.99997
1044,622,2024-12-07,90,84,85,90,81,90.0,89.99997
1045,622,2024-12-14,90,84,84,90,91,90.0,89.99997
1046,622,2024-12-21,90,84,94,90,82,90.0,89.99997
1047,622,2024-12-26,90,86,92,90,87,90.0,89.99997
1048,622,2024-12-29,90,92,92,90,86,90.0,89.99997
1049,622,2025-01-06,90,91,90,90,86,90.0,89.99997
1050,622,2025-01-14,90,94,94,90,86,90.0,89.99997
1051,622,2025-01-19,90,92,91,90,86,90.0,89.99997
1052,622,2025-01-25,90,84,88,90,85,90.0,89.99997
1053,622,2025-02-01,90,81,73,75,84,90.0,89.99997
1054,622,2025-02-15,90,85,87,90,87,90.0,89.99997
1055,622,2025-02-23,90,90,90,90,88,90.0,89.99997
1056,622,2025-02-26,90,80,79,74,79,90.0,89.99997
1057,622,2025-03-08,90,81,80,85,89,90.0,89.99997
1058,622,2025-03-15,90,89,94,90,86,90.0,89.99997
1059,622,2025-04-01,90,86,84,90,85,90.0,89.99997
1060,622,2025-04-05,90,90,87,90,84,90.0,89.99997
1061,622,2025-04-12,90,91,85,90,91,90.0,89.99997
1062,622,2025-04-21,90,86,88,90,83,90.0,89.99997
1063,622,2025-05-01,90,83,85,90,85,90.0,89.99997
1064,622,2025-05-05,90,81,78,80,86,90.0,89.99997
1065,622,2025-05-11,90,81,88,90,83,90.0,89.99997
1066,622,2025-05-18,90,82,78,90,87,90.0,89.99997
1067,759,2022-08-05,0,86,82,74,86,,89.99997
1068,759,2022-08-30,0,2,-1,0,0,0.0,0.0
1069,759,2022-09-03,0,2,0,0,0,0.0,0.0
1070,759,2022-10-01,0,2,0,0,0,0.0,0.0
1071,759,2022-10-09,0,2,0,0,0,0.0,0.0
1072,759,2022-10-15,0,2,-1,0,0,0.0,0.0
1073,759,2022-10-18,0,2,-1,0,0,0.0,0.0
1074,759,2022-10-22,0,2,0,0,0,0.0,0.0
1075,759,2022-10-29,0,2,-1,0,0,0.0,0.0
1076,759,2022-11-06,0,2,0,0,0,0.0,0.0
1077,759,2022-11-12,0,2,-1,0,0,0.0,0.0
1078,759,2022-12-26,0,2,-1,0,0,0.0,0.0
1079,759,2022-12-31,0,2,0,0,0,0.0,0.0
1080,759,2023-01-04,0,2,0,0,0,0.0,0.0
1081,759,2023-01-15,0,2,0,0,0,0.0,0.0
1082,759,2023-01-18,0,2,0,0,0,0.0,0.0
1083,759,2023-01-21,0,2,-1,0,0,0.0,0.0
1084,759,2023-02-04,0,2,0,0,0,0.0,0.0
1085,759,2023-02-11,0,2,0,0,0,0.0,0.0
1086,759,2023-02-18,0,2,-1,0,0,0.0,0.0
1087,759,2023-02-25,0,2,-1,0,0,0.0,0.0
1088,759,2023-03-04,0,2,0,0,0,0.0,0.0
1089,759,2023-03-11,0,2,-1,0,0,0.0,0.0
1090,759,2023-03-15,0,2,-1,0,0,0.0,0.0
1091,759,2023-03-19,0,2,0,0,0,0.0,0.0
1092,759,2023-04-01,0,2,0,0,0,0.0,0.0
1093,759,2023-04-09,90,2,0,0,0,0.0,0.0
1094,759,2023-04-15,90,60,65,90,62,22.5,89.99997
1095,759,2023-04-22,90,75,78,90,71,45.0,89.99997
1096,759,2023-04-25,90,84,80,90,89,67.5,89.99997
1097,759,2023-04-29,90,88,84,90,83,90.0,89.99997
1098,759,2023-05-06,90,85,74,79,85,90.0,89.99997
1099,759,2023-05-13,90,86,78,87,87,90.0,89.99997
1100,759,2023-05-20,90,86,88,90,84,90.0,89.99997
1101,759,2023-05-28,90,87,81,90,83,90.0,89.99997
1102,759,2023-08-12,90,2,0,0,0,90.0,0.0
1103,759,2023-09-16,90,86,82,90,83,90.0,89.99997
1104,759,2023-09-23,90,85,83,90,87,90.0,89.99997
1105,759,2023-09-30,90,90,82,90,88,90.0,89.99997
1106,759,2023-10-07,90,91,90,90,84,90.0,89.99997
1107,759,2023-10-21,90,93,84,90,89,90.0,89.99997
1108,759,2023-10-27,90,91,88,90,82,90.0,89.99997
1109,759,2023-11-04,90,83,81,83,85,90.0,89.99997
1110,759,2023-11-11,90,90,88,90,89,90.0,89.99997
1111,759,2023-11-25,90,88,84,90,80,90.0,89.99997
1112,759,2023-12-03,90,83,80,84,85,90.0,89.99997
1113,759,2023-12-06,90,86,85,88,83,90.0,89.99997
1114,759,2023-12-09,86,86,84,90,87,90.0,89.99997
1115,759,2024-01-20,0,81,81,86,77,89.0,9.0
1116,759,2024-01-30,0,31,14,7,25,66.5,0.0
1117,759,2024-02-03,0,19,12,1,8,44.0,0.0
1118,759,2024-02-12,0,10,5,0,0,21.5,0.0
1119,759,2024-02-19,90,2,5,0,0,0.0,0.0
1120,759,2024-02-24,90,57,67,90,56,22.5,89.99997
1121,759,2024-03-02,90,71,74,83,69,45.0,89.99997
1122,759,2024-03-09,90,80,79,72,88,67.5,89.99997
1123,759,2024-09-21,90,70,77,90,72,90.0,89.99997
1124,759,2024-09-28,90,72,74,90,87,90.0,89.99997
1125,759,2024-10-05,90,83,88,90,88,90.0,89.99997
1126,759,2024-10-20,0,85,87,90,88,90.0,89.99997
1127,759,2024-10-26,0,27,11,31,26,67.5,0.0
1128,759,2024-11-02,0,14,-1,0,8,45.0,0.0
1129,759,2024-11-09,0,12,19,22,0,22.5,0.0
1130,759,2024-11-23,0,2,0,0,0,0.0,0.0
1131,759,2024-11-30,0,2,0,0,0,0.0,0.0
1132,759,2024-12-04,0,2,1,0,0,0.0,0.0
1133,759,2024-12-09,90,2,2,0,0,0.0,0.0
1134,759,2024-12-14,90,55,59,72,53,22.5,89.99997
1135,759,2024-12-22,0,68,75,86,71,45.0,89.99997
1136,759,2024-12-26,0,24,21,26,26,45.0,0.0
1137,759,2024-12-29,0,17,9,4,10,45.0,0.0
1138,759,2025-01-06,0,11,4,0,0,22.5,0.0
1139,759,2025-01-15,0,2,0,0,0,0.0,0.0
1140,759,2025-01-20,0,2,0,0,0,0.0,0.0
1141,759,2025-01-25,0,2,2,0,0,0.0,0.0
1142,759,2025-02-01,0,2,0,0,0,0.0,0.0
1143,759,2025-02-16,0,2,-1,0,0,0.0,0.0
1144,759,2025-02-22,0,2,-1,0,0,0.0,0.0
1145,759,2025-02-25,0,2,-1,0,0,0.0,0.0
1146,759,2025-03-08,0,2,0,0,0,0.0,0.0
1147,759,2025-03-15,0,2,0,0,0,0.0,0.0
1148,759,2025-04-01,0,2,-1,0,0,0.0,0.0
1149,759,2025-04-05,0,2,-1,0,0,0.0,0.0
1150,759,2025-04-13,0,2,1,0,0,0.0,0.0
1151,759,2025-04-20,0,2,0,0,1,0.0,0.0
1152,759,2025-04-26,0,2,-1,0,0,0.0,0.0
1153,759,2025-05-02,0,2,-1,0,0,0.0,0.0
1154,759,2025-05-10,0,2,-1,0,1,0.0,0.0
1155,759,2025-05-20,0,2,0,0,0,0.0,0.0
1156,763,2023-02-04,0,16,3,0,15,,0.0
1157,763,2023-03-01,0,2,0,0,0,0.0,0.0
1158,763,2023-03-04,0,2,-1,0,1,0.0,0.0
1159,763,2023-03-12,0,2,-1,0,0,0.0,0.0
1160,763,2023-03-18,0,2,-1,0,0,0.0,0.0
1161,763,2023-04-01,0,2,0,0,0,0.0,0.0
1162,763,2023-04-08,0,2,1,0,0,0.0,0.0
1163,763,2023-04-15,0,2,1,0,1,0.0,0.0
1164,763,2023-04-22,0,2,0,0,0,0.0,0.0
1165,763,2023-04-25,0,2,-1,0,0,0.0,0.0
1166,763,2023-04-29,0,2,0,0,0,0.0,0.0
1167,763,2023-05-06,0,2,0,0,0,0.0,0.0
1168,763,2023-05-13,90,2,1,0,0,0.0,0.0
1169,763,2023-05-20,90,60,65,90,64,22.5,89.99997
1170,763,2023-05-28,0,73,71,58,71,45.0,89.99997
1171,763,2023-08-14,0,57,56,54,59,45.0,89.99997
1172,763,2023-09-16,0,2,0,0,0,45.0,0.0
1173,763,2023-09-23,0,2,0,0,0,22.5,0.0
1174,763,2023-09-30,0,2,0,0,0,0.0,0.0
1175,763,2023-10-08,0,2,0,0,1,0.0,0.0
1176,763,2023-10-21,0,2,1,0,0,0.0,0.0
1177,763,2023-10-28,0,2,0,0,0,0.0,0.0
1178,763,2023-11-04,0,2,0,0,0,0.0,0.0
1179,763,2023-11-11,0,2,1,0,0,0.0,0.0
1180,763,2023-11-27,0,2,0,0,1,0.0,0.0
1181,763,2023-12-02,67,2,1,0,0,0.0,0.0
1182,763,2023-12-05,90,47,54,81,49,16.75,9.0
1183,763,2023-12-09,0,72,75,90,83,39.25,89.99997
1184,763,2023-12-17,90,27,44,49,27,39.25,0.0
1185,763,2023-12-24,0,68,60,61,66,61.75,89.99997
1186,763,2023-12-27,0,26,32,36,20,45.0,0.0
1187,763,2023-12-30,0,11,5,0,4,22.5,0.0
1188,763,2024-01-22,0,11,10,0,0,22.5,0.0
1189,763,2024-02-01,0,2,0,0,0,0.0,0.0
1190,763,2024-02-04,0,2,2,0,0,0.0,0.0
1191,763,2024-02-10,0,2,1,0,0,0.0,0.0
1192,763,2024-02-17,0,2,-1,0,0,0.0,0.0
1193,763,2024-02-25,0,2,1,0,0,0.0,0.0
1194,763,2024-03-02,45,2,0,0,0,0.0,0.0
1195,763,2024-03-09,0,30,26,5,28,11.25,9.0
1196,763,2024-03-30,0,8,8,0,6,11.25,0.0
1197,763,2024-04-02,0,6,0,0,3,11.25,0.0
1198,763,2024-04-06,0,7,9,0,0,11.25,0.0
1199,763,2024-04-13,0,2,0,0,0,0.0,0.0
1200,763,2024-04-20,0,2,1,0,0,0.0,0.0
1201,763,2024-04-24,0,2,0,0,0,0.0,0.0
1202,763,2024-04-27,0,2,0,0,0,0.0,0.0
1203,763,2024-05-04,0,2,0,0,0,0.0,0.0
1204,763,2024-05-11,90,1,0,0,1,0.0,0.0
1205,763,2024-05-19,0,54,67,90,50,22.5,89.99997
1206,763,2024-09-21,0,2,1,0,0,22.5,0.0
1207,763,2024-09-28,0,2,2,0,0,22.5,0.0
1208,763,2024-10-05,0,2,0,0,0,22.5,0.0
1209,763,2024-10-20,0,2,2,0,0,0.0,0.0
1210,763,2024-10-26,0,2,0,0,1,0.0,0.0
1211,763,2024-11-02,0,2,2,0,0,0.0,0.0
1212,763,2024-11-09,0,2,0,0,0,0.0,0.0
1213,763,2024-11-23,0,2,0,0,0,0.0,0.0
1214,763,2024-11-30,0,2,0,0,0,0.0,0.0
1215,763,2024-12-04,0,2,1,0,0,0.0,0.0
1216,763,2024-12-09,0,2,2,0,0,0.0,0.0
1217,763,2024-12-14,0,2,2,0,0,0.0,0.0
1218,763,2024-12-22,0,2,1,0,0,0.0,0.0
1219,763,2024-12-26,0,2,1,0,0,0.0,0.0
1220,763,2024-12-29,0,1,0,0,0,0.0,0.0
1221,763,2025-01-06,0,2,-1,0,0,0.0,0.0
1222,763,2025-01-15,0,2,0,0,0,0.0,0.0
1223,763,2025-01-20,0,2,0,0,0,0.0,0.0
1224,763,2025-01-25,0,2,2,0,0,0.0,0.0
1225,763,2025-02-01,0,2,0,0,0,0.0,0.0
1226,763,2025-02-16,0,2,-1,0,0,0.0,0.0
1227,763,2025-02-22,0,2,-1,0,0,0.0,0.0
1228,763,2025-02-25,0,2,-1,0,0,0.0,0.0
1229,763,2025-03-08,0,2,0,0,0,0.0,0.0
1230,763,2025-03-15,0,2,0,0,0,0.0,0.0
1231,763,2025-04-01,0,2,-1,0,0,0.0,0.0
1232,763,2025-04-05,0,2,-1,0,0,0.0,0.0
1233,763,2025-04-13,0,2,1,0,0,0.0,0.0
1234,763,2025-04-20,90,2,0,0,1,0.0,0.0
1235,763,2025-04-26,0,56,63,83,56,22.5,89.99997
1236,763,2025-05-02,0,20,17,4,16,22.5,0.0
1237,763,2025-05-10,0,12,5,0,5,22.5,0.0
1238,763,2025-05-20,90,12,3,0,0,22.5,0.0
1239,781,2022-08-06,90,77,88,90,87,,89.99997
1240,781,2022-08-31,90,89,86,90,89,90.0,89.99997
1241,781,2022-09-03,90,91,88,90,85,90.0,89.99997
1242,781,2022-09-17,90,88,88,90,84,90.0,89.99997
1243,781,2022-10-01,90,90,84,90,88,90.0,89.99997
1244,781,2022-10-08,90,89,90,90,89,90.0,89.99997
1245,781,2022-10-15,90,88,83,90,86,90.0,89.99997
1246,781,2022-10-18,90,92,87,90,91,90.0,89.99997
1247,781,2022-10-23,90,90,80,90,81,90.0,89.99997
1248,781,2022-10-29,90,84,73,69,86,90.0,89.99997
1249,781,2022-11-05,90,88,75,90,88,90.0,89.99997
1250,781,2022-11-12,90,88,87,90,85,90.0,89.99997
1251,781,2022-12-26,90,85,85,87,85,90.0,89.99997
1252,781,2022-12-31,90,86,81,90,88,90.0,89.99997
1253,781,2023-01-04,90,91,88,90,89,90.0,89.99997
1254,781,2023-01-14,90,86,83,78,86,90.0,89.99997
1255,781,2023-01-22,90,88,83,90,88,90.0,89.99997
1256,781,2023-02-04,90,89,83,90,87,90.0,89.99997
1257,781,2023-02-11,90,88,90,90,89,90.0,89.99997
1258,781,2023-02-18,90,89,82,90,87,90.0,89.99997
1259,781,2023-02-24,90,85,85,90,84,90.0,89.99997
1260,781,2023-03-01,90,87,77,90,88,90.0,89.99997
1261,781,2023-03-04,90,89,86,90,87,90.0,89.99997
1262,781,2023-03-12,90,90,83,90,90,90.0,89.99997
1263,781,2023-03-18,90,92,86,90,86,90.0,89.99997
1264,781,2023-04-01,90,85,85,90,83,90.0,89.99997
1265,781,2023-04-08,90,88,85,79,90,90.0,89.99997
1266,781,2023-04-15,90,88,87,90,83,90.0,89.99997
1267,781,2023-04-22,90,89,86,90,90,90.0,89.99997
1268,781,2023-04-25,90,92,89,90,83,90.0,89.99997
1269,781,2023-04-29,90,88,91,90,88,90.0,89.99997
1270,781,2023-05-06,90,86,82,90,84,90.0,89.99997
1271,781,2023-05-13,0,87,85,90,87,90.0,89.99997
1272,781,2023-05-20,0,35,32,20,26,67.5,0.0
1273,781,2023-05-28,90,19,17,5,10,45.0,0.0
1274,781,2023-08-14,90,33,32,43,25,45.0,0.0
1275,781,2023-09-16,90,94,85,90,86,45.0,89.99997
1276,781,2023-09-23,90,87,91,90,85,67.5,89.99997
1277,781,2023-09-30,90,87,84,83,88,90.0,89.99997
1278,781,2023-10-08,90,90,93,90,85,90.0,89.99997
1279,781,2023-10-21,90,87,87,85,90,90.0,89.99997
1280,781,2023-10-28,90,86,89,90,83,90.0,89.99997
1281,781,2023-11-04,90,85,82,90,85,90.0,89.99997
1282,781,2023-11-11,90,84,81,68,86,90.0,89.99997
1283,781,2023-11-27,90,85,89,81,83,90.0,89.99997
1284,781,2023-12-02,22,86,85,90,88,90.0,89.99997
1285,781,2023-12-05,0,48,55,72,35,73.0,9.0
1286,781,2023-12-09,90,22,14,0,14,50.5,0.0
1287,781,2023-12-17,0,64,65,57,68,50.5,89.99997
1288,781,2023-12-24,90,18,21,14,16,28.0,0.0
1289,781,2023-12-27,90,65,75,90,61,45.0,89.99997
1290,781,2023-12-30,90,80,84,90,66,67.5,89.99997
1291,781,2024-01-22,90,80,85,90,86,67.5,89.99997
1292,781,2024-02-01,90,91,89,90,88,90.0,89.99997
1293,781,2024-02-04,90,92,85,90,85,90.0,89.99997
1294,781,2024-02-10,90,86,91,90,87,90.0,89.99997
1295,781,2024-02-17,90,86,86,90,87,90.0,89.99997
1296,781,2024-02-25,90,86,85,90,86,90.0,89.99997
1297,781,2024-03-02,45,90,87,90,90,90.0,89.99997
1298,781,2024-03-09,90,62,69,90,47,78.75,9.0
1299,781,2024-03-30,90,80,76,90,93,78.75,89.99997
1300,781,2024-04-02,90,85,85,90,64,78.75,89.99997
1301,781,2024-04-06,90,84,83,90,91,78.75,89.99997
1302,781,2024-04-13,90,86,82,90,83,90.0,89.99997
1303,781,2024-04-20,90,92,91,90,91,90.0,89.99997
1304,781,2024-04-24,90,94,92,90,86,90.0,89.99997
1305,781,2024-04-27,90,88,94,90,87,90.0,89.99997
1306,781,2024-05-04,90,89,96,90,85,90.0,89.99997
1307,781,2024-05-11,0,89,88,90,87,90.0,89.99997
1308,781,2024-05-19,90,33,-1,0,25,67.5,0.0
1309,781,2024-09-21,0,16,2,11,10,67.5,0.0
1310,781,2024-09-28,0,11,17,9,0,45.0,0.0
1311,781,2024-10-05,0,2,0,0,0,22.5,0.0
1312,781,2024-10-20,90,2,2,0,0,22.5,0.0
1313,781,2024-10-26,90,56,50,41,57,22.5,89.99997
1314,781,2024-11-02,90,69,71,65,73,45.0,89.99997
1315,781,2024-11-09,90,78,82,89,87,67.5,89.99997
1316,781,2024-11-23,90,84,86,90,85,90.0,89.99997
1317,781,2024-11-30,90,85,88,87,84,90.0,89.99997
1318,781,2024-12-04,90,83,85,90,84,90.0,89.99997
1319,781,2024-12-09,0,79,67,67,85,90.0,89.99997
1320,781,2024-12-14,0,28,23,20,25,67.5,0.0
1321,781,2024-12-22,90,16,2,11,9,45.0,0.0
1322,781,2024-12-26,90,67,75,90,64,45.0,89.99997
1323,781,2024-12-29,90,78,81,90,75,45.0,89.99997
1324,781,2025-01-06,90,84,85,90,89,67.5,89.99997
1325,781,2025-01-15,90,84,79,90,84,90.0,89.99997
1326,781,2025-01-20,90,81,76,83,86,90.0,89.99997
1327,781,2025-01-25,90,82,97,90,88,90.0,89.99997
1328,781,2025-02-01,90,81,81,90,86,90.0,89.99997
1329,781,2025-02-16,90,85,87,90,88,90.0,89.99997
1330,781,2025-02-22,90,85,88,90,83,90.0,89.99997
1331,781,2025-02-25,90,88,85,90,89,90.0,89.99997
1332,781,2025-03-08,90,89,85,90,83,90.0,89.99997
1333,781,2025-03-15,90,83,86,90,86,90.0,89.99997
1334,781,2025-04-01,90,85,85,88,85,90.0,89.99997
1335,781,2025-04-05,90,85,92,90,84,90.0,89.99997
1336,781,2025-04-13,90,85,82,73,84,90.0,89.99997
1337,781,2025-04-20,0,83,83,90,81,90.0,89.99997
1338,781,2025-04-26,90,31,30,23,26,67.5,0.0
1339,781,2025-05-02,90,76,77,90,79,67.5,89.99997
1340,781,2025-05-10,90,79,74,90,63,67.5,89.99997
1341,781,2025-05-20,0,75,72,73,89,67.5,89.99997
1342,844,2023-09-17,0,2,0,0,0,,0.0
1343,844,2023-09-24,0,2,0,0,0,0.0,0.0
1344,844,2023-09-30,0,2,2,0,0,0.0,0.0
1345,844,2023-10-07,0,2,0,0,0,0.0,0.0
1346,844,2023-10-21,0,2,1,0,0,0.0,0.0
1347,844,2023-10-28,90,2,0,0,0,0.0,0.0
1348,844,2023-11-04,90,55,55,60,53,22.5,89.99997
1349,844,2023-11-11,0,70,59,39,71,45.0,89.99997
1350,844,2023-11-25,0,26,7,0,25,45.0,0.0
1351,844,2023-12-03,0,19,4,0,8,45.0,0.0
1352,844,2023-12-06,0,11,10,0,0,22.5,0.0
1353,844,2023-12-09,0,2,1,0,0,0.0,0.0
1354,844,2023-12-23,0,2,0,0,0,0.0,0.0
1355,844,2023-12-26,0,2,1,0,0,0.0,0.0
1356,844,2023-12-31,0,2,0,0,0,0.0,0.0
1357,844,2024-01-21,0,2,0,0,0,0.0,0.0
1358,844,2024-02-01,0,2,2,0,0,0.0,0.0
1359,844,2024-02-04,0,2,0,0,0,0.0,0.0
1360,844,2024-02-10,0,2,0,0,0,0.0,0.0
1361,844,2024-02-17,0,2,1,0,0,0.0,0.0
1362,844,2024-02-24,0,2,0,0,0,0.0,0.0
1363,844,2024-03-03,0,2,0,0,0,0.0,0.0
1364,844,2024-03-09,0,2,0,0,0,0.0,0.0
1365,844,2024-03-13,0,2,-1,0,0,0.0,0.0
1366,844,2024-03-30,0,2,1,0,0,0.0,0.0
1367,844,2024-04-02,0,2,2,0,0,0.0,0.0
1368,844,2024-04-06,0,2,3,0,0,0.0,0.0
1369,844,2024-04-13,0,2,2,0,0,0.0,0.0
1370,844,2024-04-21,0,2,1,0,0,0.0,0.0
1371,844,2024-04-24,0,2,1,0,0,0.0,0.0
1372,844,2024-04-28,0,2,0,0,0,0.0,0.0
1373,844,2024-05-04,0,2,0,0,0,0.0,0.0
1374,844,2024-05-11,0,2,0,0,0,0.0,0.0
1375,844,2024-05-19,0,2,1,0,0,0.0,0.0
1376,855,2022-08-07,0,2,0,0,0,,0.0
1377,855,2022-08-30,0,2,0,0,0,0.0,0.0
1378,855,2022-09-03,0,2,1,0,0,0.0,0.0
1379,855,2022-09-18,0,2,2,0,0,0.0,0.0
1380,855,2023-01-02,0,2,0,0,0,0.0,0.0
1381,855,2023-01-14,0,2,3,0,0,0.0,0.0
1382,855,2023-01-22,0,2,-1,0,0,0.0,0.0
1383,855,2023-02-04,0,2,-1,0,0,0.0,0.0
1384,855,2023-02-11,0,2,1,0,0,0.0,0.0
1385,855,2023-02-18,0,2,-1,0,0,0.0,0.0
1386,855,2023-03-06,0,2,0,0,0,0.0,0.0
1387,855,2023-03-11,0,2,0,0,0,0.0,0.0
1388,855,2023-03-15,0,2,-1,0,0,0.0,0.0
1389,855,2023-03-18,0,2,1,0,0,0.0,0.0
1390,855,2023-04-01,0,2,0,0,0,0.0,0.0
1391,855,2023-04-05,0,2,0,0,0,0.0,0.0
1392,855,2023-04-08,0,2,0,0,0,0.0,0.0
1393,855,2023-04-15,0,2,1,0,0,0.0,0.0
1394,855,2023-04-22,0,2,0,0,0,0.0,0.0
1395,855,2023-04-26,0,2,0,0,0,0.0,0.0
1396,855,2023-04-29,0,2,0,0,0,0.0,0.0
1397,855,2023-05-06,0,2,0,0,0,0.0,0.0
1398,855,2023-05-14,0,2,-1,0,1,0.0,0.0
1399,855,2023-05-20,0,2,0,0,0,0.0,0.0
1400,855,2023-05-28,0,2,-1,0,0,0.0,0.0
1401,855,2023-09-16,0,2,1,0,0,0.0,0.0
1402,855,2023-09-23,0,2,0,0,0,0.0,0.0
1403,855,2023-10-01,0,2,1,0,0,0.0,0.0
1404,855,2023-10-07,90,2,0,0,0,0.0,0.0
1405,855,2023-10-21,0,58,59,68,60,22.5,89.99997
1406,855,2023-10-28,0,17,10,0,16,22.5,0.0
1407,855,2023-11-04,45,10,1,0,6,22.5,0.0
1408,855,2023-11-12,0,36,37,14,24,33.75,9.0
1409,855,2023-11-25,0,8,4,0,4,11.25,0.0
1410,855,2023-12-02,0,6,3,0,2,11.25,0.0
1411,855,2023-12-06,0,7,0,0,0,11.25,0.0
1412,855,2023-12-09,0,2,-1,0,0,0.0,0.0
1413,855,2023-12-17,0,2,1,0,0,0.0,0.0
1414,855,2023-12-27,0,2,1,0,0,0.0,0.0
1415,855,2023-12-30,0,2,0,0,0,0.0,0.0
1416,855,2024-01-20,0,2,-1,0,0,0.0,0.0
1417,855,2024-01-31,0,2,1,0,0,0.0,0.0
1418,855,2024-02-05,0,2,1,0,0,0.0,0.0
1419,855,2024-02-10,0,2,0,0,0,0.0,0.0
1420,855,2024-02-17,0,2,0,0,0,0.0,0.0
1421,855,2024-02-20,0,2,0,0,0,0.0,0.0
1422,855,2024-02-26,0,2,0,0,0,0.0,0.0
1423,855,2024-03-02,0,2,0,0,0,0.0,0.0
1424,855,2024-03-09,0,2,0,0,0,0.0,0.0
1425,855,2024-03-16,0,2,0,0,0,0.0,0.0
1426,855,2024-03-30,0,2,1,0,0,0.0,0.0
1427,855,2024-04-03,0,2,0,0,0,0.0,0.0
1428,855,2024-04-06,0,2,0,0,0,0.0,0.0
1429,855,2024-04-13,0,2,0,0,0,0.0,0.0
1430,855,2024-04-20,0,2,-1,0,0,0.0,0.0
1431,855,2024-04-27,0,2,-1,0,0,0.0,0.0
1432,855,2024-05-04,0,2,0,0,0,0.0,0.0
1433,855,2024-05-11,0,2,0,0,0,0.0,0.0
1434,855,2024-05-19,0,2,0,0,0,0.0,0.0
1435,868,2022-08-07,0,2,0,0,0,,0.0
1436,868,2022-08-30,0,2,-1,0,0,0.0,0.0
1437,868,2022-09-04,0,2,0,0,0,0.0,0.0
1438,868,2022-10-01,0,2,0,0,0,0.0,0.0
1439,868,2022-10-08,0,2,1,0,0,0.0,0.0
1440,868,2022-10-14,0,2,1,0,0,0.0,0.0
1441,868,2022-10-18,0,2,0,0,0,0.0,0.0
1442,868,2022-10-22,0,2,0,0,0,0.0,0.0
1443,868,2022-10-29,0,1,0,0,0,0.0,0.0
1444,868,2022-11-05,0,2,-1,0,0,0.0,0.0
1445,868,2022-11-13,0,2,-1,0,0,0.0,0.0
1446,868,2022-12-26,0,2,0,0,0,0.0,0.0
1447,868,2022-12-31,0,2,3,0,0,0.0,0.0
1448,868,2023-01-03,0,2,2,0,0,0.0,0.0
1449,868,2023-01-14,0,2,1,0,0,0.0,0.0
1450,868,2023-01-21,0,2,0,0,0,0.0,0.0
1451,868,2023-02-04,0,2,2,0,0,0.0,0.0
1452,868,2023-02-11,0,2,-1,0,0,0.0,0.0
1453,868,2023-02-18,0,2,0,0,0,0.0,0.0
1454,868,2023-03-04,0,2,0,0,0,0.0,0.0
1455,868,2023-03-11,0,2,-1,0,0,0.0,0.0
1456,868,2023-03-15,0,2,-1,0,0,0.0,0.0
1457,868,2023-04-01,0,2,0,0,0,0.0,0.0
1458,868,2023-04-04,0,2,2,0,0,0.0,0.0
1459,868,2023-04-08,0,2,0,0,0,0.0,0.0
1460,868,2023-04-15,0,2,0,0,0,0.0,0.0
1461,868,2023-04-26,0,2,0,0,0,0.0,0.0
1462,868,2023-04-29,0,2,-1,0,0,0.0,0.0
1463,868,2023-05-04,0,2,1,0,0,0.0,0.0
1464,868,2023-05-08,0,1,0,0,0,0.0,0.0
1465,868,2023-05-14,0,2,3,0,0,0.0,0.0
1466,868,2023-05-18,0,2,1,0,0,0.0,0.0
1467,868,2023-05-21,0,2,0,0,0,0.0,0.0
1468,868,2023-05-24,0,2,2,0,0,0.0,0.0
1469,868,2023-05-28,0,2,0,0,0,0.0,0.0
1470,868,2023-09-16,0,2,2,0,0,0.0,0.0
1471,868,2023-09-24,0,2,1,0,0,0.0,0.0
1472,868,2023-09-30,0,2,2,0,0,0.0,0.0
1473,868,2023-10-08,0,2,0,0,0,0.0,0.0
1474,868,2023-10-21,0,2,2,0,0,0.0,0.0
1475,868,2023-10-29,0,2,0,0,0,0.0,0.0
1476,868,2023-11-04,0,2,1,0,0,0.0,0.0
1477,868,2023-11-12,0,2,-1,0,0,0.0,0.0
1478,868,2023-11-25,0,2,1,0,0,0.0,0.0
1479,868,2023-12-03,0,2,1,0,0,0.0,0.0
1480,868,2023-12-06,0,2,2,0,0,0.0,0.0
1481,868,2023-12-09,0,2,0,0,0,0.0,0.0
1482,868,2023-12-17,0,2,0,0,0,0.0,0.0
1483,868,2023-12-21,0,2,1,0,0,0.0,0.0
1484,868,2023-12-28,0,2,0,0,0,0.0,0.0
1485,868,2024-01-02,0,2,0,0,0,0.0,0.0
1486,868,2024-01-22,0,2,0,0,0,0.0,0.0
1487,868,2024-01-30,0,2,0,0,0,0.0,0.0
1488,868,2024-02-03,0,2,1,0,0,0.0,0.0
1489,868,2024-02-10,0,2,0,0,0,0.0,0.0
1490,868,2024-02-18,0,1,0,0,0,0.0,0.0
1491,868,2024-02-24,0,2,1,0,0,0.0,0.0
1492,868,2024-03-02,0,2,-1,0,0,0.0,0.0
1493,868,2024-03-10,0,2,5,0,0,0.0,0.0
1494,868,2024-03-31,0,2,0,0,0,0.0,0.0
1495,868,2024-04-03,0,2,0,0,0,0.0,0.0
1496,868,2024-04-06,0,2,0,0,0,0.0,0.0
1497,868,2024-04-13,0,2,-1,0,0,0.0,0.0
1498,868,2024-04-25,0,2,0,0,0,0.0,0.0
1499,868,2024-04-28,0,2,0,0,1,0.0,0.0
1500,868,2024-05-05,0,2,3,0,0,0.0,0.0
1501,868,2024-05-11,0,2,0,0,0,0.0,0.0
1502,868,2024-05-15,0,2,0,0,0,0.0,0.0
1503,868,2024-05-19,0,2,0,0,0,0.0,0.0
1504,935,2024-05-15,0,2,-1,0,0,,0.0
1505,935,2024-05-19,0,2,0,0,0,0.0,0.0
1506,937,2022-08-05,90,2,0,0,0,,0.0
1507,937,2022-08-30,90,85,88,90,83,90.0,89.99997
1508,937,2022-09-03,90,85,83,90,89,90.0,89.99997
1509,937,2022-10-01,90,91,91,90,85,90.0,89.99997
1510,937,2022-10-09,90,86,82,83,85,90.0,89.99997
1511,937,2022-10-15,90,86,88,90,88,90.0,89.99997
1512,937,2022-10-18,90,94,95,90,87,90.0,89.99997
1513,937,2022-10-22,90,90,86,90,85,90.0,89.99997
1514,937,2022-10-29,90,86,87,90,85,90.0,89.99997
1515,937,2022-11-06,90,91,92,82,88,90.0,89.99997
1516,937,2022-11-12,90,88,88,90,83,90.0,89.99997
1517,937,2022-12-26,90,85,87,90,85,90.0,89.99997
1518,937,2022-12-31,90,91,83,84,86,90.0,89.99997
1519,937,2023-01-04,90,88,83,90,83,90.0,89.99997
1520,937,2023-01-15,90,85,82,90,83,90.0,89.99997
1521,937,2023-01-18,90,89,88,90,89,90.0,89.99997
1522,937,2023-01-21,90,88,90,90,86,90.0,89.99997
1523,937,2023-02-04,90,91,88,90,90,90.0,89.99997
1524,937,2023-02-11,90,89,85,90,83,90.0,89.99997
1525,937,2023-02-18,90,88,88,90,90,90.0,89.99997
1526,937,2023-02-25,90,89,90,90,82,90.0,89.99997
1527,937,2023-03-04,90,87,84,90,87,90.0,89.99997
1528,937,2023-03-11,90,88,81,83,86,90.0,89.99997
1529,937,2023-03-15,0,87,88,90,85,90.0,89.99997
1530,937,2023-03-19,0,34,27,3,25,67.5,0.0
1531,937,2023-04-01,90,18,13,11,10,45.0,0.0
1532,937,2023-04-09,0,61,57,63,56,45.0,89.99997
1533,937,2023-04-15,0,16,16,0,15,22.5,0.0
1534,937,2023-04-22,0,11,9,0,4,22.5,0.0
1535,937,2023-04-25,0,11,13,0,0,22.5,0.0
1536,937,2023-04-29,0,2,1,0,0,0.0,0.0
1537,937,2023-05-06,0,2,0,0,0,0.0,0.0
1538,937,2023-05-13,0,2,-1,0,0,0.0,0.0
1539,937,2023-05-20,0,2,-1,0,0,0.0,0.0
1540,937,2023-05-28,0,2,0,0,0,0.0,0.0
1541,937,2023-09-16,0,2,-1,0,0,0.0,0.0
1542,937,2023-09-23,0,2,0,0,0,0.0,0.0
1543,937,2023-09-30,0,2,0,0,0,0.0,0.0
1544,937,2023-10-07,0,2,0,0,0,0.0,0.0
1545,937,2023-10-21,0,2,-1,0,0,0.0,0.0
1546,937,2023-10-27,0,2,0,0,0,0.0,0.0
1547,937,2023-11-04,0,2,0,0,0,0.0,0.0
1548,937,2023-11-11,0,2,-2,0,0,0.0,0.0
1549,937,2023-11-25,0,2,0,0,0,0.0,0.0
1550,937,2023-12-03,0,2,2,0,0,0.0,0.0
1551,937,2023-12-06,0,2,0,0,0,0.0,0.0
1552,937,2023-12-09,0,2,2,0,0,0.0,0.0
1553,937,2023-12-16,0,2,0,0,0,0.0,0.0
1554,937,2023-12-21,0,2,0,0,0,0.0,0.0
1555,937,2023-12-27,0,2,-1,0,0,0.0,0.0
1556,937,2023-12-30,0,2,0,0,0,0.0,0.0
1557,937,2024-01-20,0,2,1,0,0,0.0,0.0
1558,937,2024-01-30,0,2,-1,0,0,0.0,0.0
1559,937,2024-02-03,0,2,4,0,0,0.0,0.0
1560,937,2024-02-12,0,2,1,0,0,0.0,0.0
1561,937,2024-02-19,0,2,5,0,0,0.0,0.0
1562,937,2024-02-24,0,2,0,0,0,0.0,0.0
1563,937,2024-03-02,0,2,0,0,0,0.0,0.0
1564,937,2024-03-09,0,2,0,0,0,0.0,0.0
1565,937,2024-03-30,0,2,0,0,0,0.0,0.0
1566,937,2024-04-02,0,2,0,0,0,0.0,0.0
1567,937,2024-04-06,0,2,1,0,0,0.0,0.0
1568,937,2024-04-14,0,2,0,0,0,0.0,0.0
1569,937,2024-04-21,0,2,-1,0,0,0.0,0.0
1570,937,2024-04-24,0,2,-1,0,0,0.0,0.0
1571,937,2024-04-27,0,2,-1,0,0,0.0,0.0
1572,937,2024-05-06,0,2,0,0,0,0.0,0.0
1573,937,2024-05-11,0,2,1,0,0,0.0,0.0
1574,937,2024-05-19,0,2,-1,0,0,0.0,0.0
1575,1022,2023-09-23,90,81,67,72,82,,89.99997
1576,1022,2023-09-30,90,84,72,62,83,90.0,89.99997
1577,1022,2023-10-03,90,87,91,90,84,90.0,89.99997
1578,1022,2023-10-07,90,86,81,90,81,90.0,89.99997
1579,1022,2023-10-21,90,85,90,90,82,90.0,89.99997
1580,1022,2023-10-29,90,89,86,90,87,90.0,89.99997
1581,1022,2023-11-05,90,88,89,90,80,90.0,89.99997
1582,1022,2023-11-11,90,85,85,90,85,90.0,89.99997
1583,1022,2023-11-25,90,86,80,87,85,90.0,89.99997
1584,1022,2023-12-02,90,89,88,90,86,90.0,89.99997
1585,1022,2023-12-05,90,85,86,90,80,90.0,89.99997
1586,1022,2023-12-10,90,85,81,90,85,90.0,89.99997
1587,1022,2023-12-23,90,86,95,90,85,90.0,89.99997
1588,1022,2023-12-26,90,86,81,90,84,90.0,89.99997
1589,1022,2023-12-30,90,87,84,90,81,90.0,89.99997
1590,1022,2024-01-12,90,88,83,90,84,90.0,89.99997
1591,1022,2024-01-30,90,90,89,90,86,90.0,89.99997
1592,1022,2024-02-03,90,88,85,90,78,90.0,89.99997
1593,1022,2024-02-10,90,86,81,86,83,90.0,89.99997
1594,1022,2024-02-18,90,85,82,76,81,90.0,89.99997
1595,1022,2024-02-21,90,89,87,90,83,90.0,89.99997
1596,1022,2024-03-02,90,93,88,90,89,90.0,89.99997
1597,1022,2024-03-09,90,88,86,90,82,90.0,89.99997
1598,1022,2024-03-13,90,84,79,90,83,90.0,89.99997
1599,1022,2024-03-16,90,86,84,90,84,90.0,89.99997
1600,1022,2024-03-30,90,86,89,90,81,90.0,89.99997
1601,1022,2024-04-03,90,83,73,84,82,90.0,89.99997
1602,1022,2024-04-06,90,87,79,83,86,90.0,89.99997
1603,1022,2024-04-13,90,85,83,90,80,90.0,89.99997
1604,1022,2024-04-20,90,89,75,90,85,90.0,89.99997
1605,1022,2024-04-27,90,88,80,81,86,90.0,89.99997
1606,1022,2024-05-03,90,84,87,90,79,90.0,89.99997
1607,1022,2024-05-11,90,85,78,90,85,90.0,89.99997
1608,1022,2024-05-19,75,87,85,90,84,90.0,89.99997
1609,1025,2023-09-30,0,2,-1,0,0,,0.0
1610,1025,2023-10-03,0,2,-1,0,0,0.0,0.0
1611,1025,2023-10-07,0,2,-1,0,0,0.0,0.0
1612,1025,2023-10-21,0,2,0,0,0,0.0,0.0
1613,1025,2023-10-29,0,2,0,0,0,0.0,0.0
1614,1025,2023-11-05,0,2,-1,0,0,0.0,0.0
1615,1025,2023-11-11,0,2,0,0,0,0.0,0.0
1616,1025,2023-11-25,0,2,-1,0,0,0.0,0.0
1617,1025,2023-12-02,0,2,-1,0,0,0.0,0.0
1618,1025,2023-12-05,0,2,-1,0,0,0.0,0.0
1619,1025,2023-12-10,0,2,0,0,0,0.0,0.0
1620,1025,2023-12-23,0,2,0,0,0,0.0,0.0
1621,1025,2023-12-26,0,2,-1,0,0,0.0,0.0
1622,1025,2023-12-30,0,2,0,0,0,0.0,0.0
1623,1025,2024-01-12,0,2,0,0,0,0.0,0.0
1624,1025,2024-01-30,0,2,0,0,0,0.0,0.0
1625,1025,2024-02-03,0,2,-1,0,0,0.0,0.0
1626,1025,2024-02-10,0,2,0,0,0,0.0,0.0
1627,1025,2024-02-18,0,2,1,0,0,0.0,0.0
1628,1025,2024-02-21,0,2,1,0,0,0.0,0.0
1629,1025,2024-03-02,0,2,2,0,0,0.0,0.0
1630,1025,2024-03-09,0,2,-1,0,0,0.0,0.0
1631,1025,2024-03-13,0,2,-1,0,0,0.0,0.0
1632,1025,2024-03-16,0,2,0,0,0,0.0,0.0
1633,1025,2024-03-30,0,2,0,0,0,0.0,0.0
1634,1025,2024-04-03,0,2,0,0,0,0.0,0.0
1635,1025,2024-04-06,0,2,0,0,0,0.0,0.0
1636,1025,2024-04-13,0,2,-1,0,0,0.0,0.0
1637,1025,2024-04-20,0,2,0,0,0,0.0,0.0
1638,1025,2024-04-27,0,2,0,0,0,0.0,0.0
1639,1025,2024-05-03,0,2,-1,0,0,0.0,0.0
1640,1025,2024-05-11,0,2,0,0,0,0.0,0.0
1641,1025,2024-05-19,0,2,0,0,0,0.0,0.0
1642,1054,2023-09-23,0,2,6,0,0,,0.0
1643,1054,2023-09-30,0,2,0,0,0,0.0,0.0
1644,1054,2023-10-07,0,2,0,0,1,0.0,0.0
1645,1054,2023-10-21,0,2,2,0,0,0.0,0.0
1646,1054,2023-10-29,0,2,-1,0,0,0.0,0.0
1647,1054,2023-11-04,0,2,-1,0,1,0.0,0.0
1648,1054,2023-11-11,0,2,0,0,0,0.0,0.0
1649,1054,2023-11-26,0,2,-1,0,0,0.0,0.0
1650,1054,2023-12-02,0,2,-1,0,1,0.0,0.0
1651,1054,2023-12-06,0,2,-1,0,0,0.0,0.0
1652,1054,2023-12-09,0,2,-1,0,0,0.0,0.0
1653,1054,2023-12-17,0,2,0,0,0,0.0,0.0
1654,1054,2023-12-23,0,2,-1,0,1,0.0,0.0
1655,1054,2023-12-26,0,2,0,0,0,0.0,0.0
1656,1054,2023-12-30,0,2,-1,0,0,0.0,0.0
1657,1054,2024-01-14,0,2,0,0,0,0.0,0.0
1658,1054,2024-02-01,0,2,0,0,1,0.0,0.0
1659,1054,2024-02-04,0,2,2,0,0,0.0,0.0
1660,1054,2024-02-11,0,2,-1,0,1,0.0,0.0
1661,1054,2024-02-18,0,2,0,0,0,0.0,0.0
1662,1054,2024-02-24,0,2,4,0,0,0.0,0.0
1663,1054,2024-03-03,0,2,-1,0,1,0.0,0.0
1664,1054,2024-03-09,0,1,0,0,1,0.0,0.0
1665,1054,2024-03-30,0,2,-1,0,0,0.0,0.0
1666,1054,2024-04-04,0,2,-1,0,0,0.0,0.0
1667,1054,2024-04-07,0,2,0,0,1,0.0,0.0
1668,1054,2024-04-13,0,2,2,0,0,0.0,0.0
1669,1054,2024-04-24,0,2,3,0,0,0.0,0.0
1670,1054,2024-04-27,0,2,0,0,0,0.0,0.0
1671,1054,2024-05-06,0,2,0,0,0,0.0,0.0
1672,1054,2024-05-12,0,2,1,0,0,0.0,0.0
1673,1054,2024-05-15,0,2,-1,0,1,0.0,0.0
1674,1054,2024-05-19,0,2,0,0,0,0.0,0.0
1675,1063,2022-08-06,0,2,2,0,0,,0.0
1676,1063,2022-08-31,0,2,-1,0,0,0.0,0.0
1677,1063,2022-09-03,0,2,-1,0,0,0.0,0.0
1678,1063,2022-11-06,0,2,0,0,0,0.0,0.0
1679,1063,2022-11-12,0,2,0,0,0,0.0,0.0
1680,1063,2022-12-26,0,2,-1,0,0,0.0,0.0
1681,1063,2022-12-31,0,2,0,0,0,0.0,0.0
1682,1063,2023-01-03,0,2,-1,0,0,0.0,0.0
1683,1063,2023-01-15,0,2,-1,0,0,0.0,0.0
1684,1063,2023-01-21,0,2,-1,0,0,0.0,0.0
1685,1063,2023-09-16,0,2,0,0,0,0.0,0.0
1686,1063,2023-09-24,0,2,-1,0,0,0.0,0.0
1687,1063,2023-09-30,0,2,2,0,0,0.0,0.0
1688,1063,2023-10-08,0,2,-1,0,0,0.0,0.0
1689,1063,2023-10-21,0,2,3,0,0,0.0,0.0
1690,1063,2023-10-28,0,2,2,0,0,0.0,0.0
1691,1063,2023-11-04,0,2,0,0,0,0.0,0.0
1692,1063,2023-11-11,0,2,0,0,0,0.0,0.0
1693,1063,2023-11-25,0,2,0,0,0,0.0,0.0
1694,1063,2023-12-02,0,2,0,0,1,0.0,0.0
1695,1063,2023-12-07,0,2,-1,0,0,0.0,0.0
1696,1063,2023-12-10,0,2,0,0,0,0.0,0.0
1697,1063,2023-12-16,0,2,0,0,0,0.0,0.0
1698,1063,2023-12-23,0,2,-1,0,0,0.0,0.0
1699,1063,2023-12-26,0,2,-1,0,0,0.0,0.0
1700,1063,2024-01-01,0,2,1,0,0,0.0,0.0
1701,1063,2024-01-13,0,2,0,0,0,0.0,0.0
1702,1063,2024-01-30,0,2,-1,0,0,0.0,0.0
1703,1063,2024-02-03,0,2,0,0,0,0.0,0.0
1704,1063,2024-02-10,0,2,0,0,0,0.0,0.0
1705,1063,2024-02-17,0,2,0,0,0,0.0,0.0
1706,1063,2024-02-24,0,2,6,0,0,0.0,0.0
1707,1063,2024-03-02,0,2,2,0,0,0.0,0.0
1708,1063,2024-03-11,0,2,0,0,0,0.0,0.0
1709,1063,2024-03-30,0,2,0,0,0,0.0,0.0
1710,1063,2024-04-02,0,2,4,0,0,0.0,0.0
1711,1063,2024-04-06,0,2,-1,0,0,0.0,0.0
1712,1063,2024-04-13,0,2,0,0,0,0.0,0.0
1713,1063,2024-04-24,0,2,0,0,0,0.0,0.0
1714,1063,2024-04-27,0,2,-1,0,0,0.0,0.0
1715,1063,2024-05-04,0,2,2,0,0,0.0,0.0
1716,1063,2024-05-11,0,2,0,0,0,0.0,0.0
1717,1063,2024-05-15,0,2,1,0,0,0.0,0.0
1718,1063,2024-05-19,0,2,3,0,0,0.0,0.0
1719,1284,2022-08-30,90,90,93,90,89,,89.99997
1720,1284,2022-09-03,90,86,87,90,81,90.0,89.99997
1721,1284,2022-10-02,90,86,76,78,87,90.0,89.99997
1722,1284,2022-10-09,90,91,90,90,86,90.0,89.99997
1723,1284,2022-10-16,90,89,84,90,84,90.0,89.99997
1724,1284,2022-10-20,90,87,88,90,85,90.0,89.99997
1725,1284,2022-10-23,90,86,75,67,86,90.0,89.99997
1726,1284,2022-10-29,90,85,83,90,85,90.0,89.99997
1727,1284,2022-11-05,90,93,91,90,90,90.0,89.99997
1728,1284,2022-11-12,90,88,83,90,85,90.0,89.99997
1729,1284,2022-12-28,90,84,81,90,84,90.0,89.99997
1730,1284,2022-12-31,90,89,89,74,90,90.0,89.99997
1731,1284,2023-01-04,90,90,92,90,88,90.0,89.99997
1732,1284,2023-01-13,90,86,86,90,82,90.0,89.99997
1733,1284,2023-01-22,90,85,80,75,88,90.0,89.99997
1734,1284,2023-02-05,90,87,83,90,85,90.0,89.99997
1735,1284,2023-02-08,90,86,89,90,84,90.0,89.99997
1736,1284,2023-02-12,90,88,86,90,84,90.0,89.99997
1737,1284,2023-02-18,90,87,87,90,89,90.0,89.99997
1738,1284,2023-02-25,90,87,92,90,85,90.0,89.99997
1739,1284,2023-03-04,90,88,87,90,85,90.0,89.99997
1740,1284,2023-03-11,90,86,35,37,83,90.0,89.99997
1741,1284,2023-03-18,90,86,93,90,88,90.0,89.99997
1742,1284,2023-04-01,90,91,191,81,85,90.0,89.99997
1743,1284,2023-04-04,90,84,58,90,85,90.0,89.99997
1744,1284,2023-04-09,90,81,79,78,84,90.0,89.99997
1745,1284,2023-04-17,90,85,81,90,84,90.0,89.99997
1746,1284,2023-04-22,90,84,73,68,86,90.0,89.99997
1747,1284,2023-04-25,90,87,81,90,88,90.0,89.99997
1748,1284,2023-04-30,90,87,87,90,81,90.0,89.99997
1749,1284,2023-05-06,0,83,77,67,86,90.0,89.99997
1750,1284,2023-05-13,0,32,25,56,26,67.5,0.0
1751,1284,2023-05-21,0,18,0,0,8,45.0,0.0
1752,1284,2023-05-28,0,11,11,10,0,22.5,0.0
1753,1326,2022-08-31,0,2,0,0,0,,0.0
1754,1326,2022-09-03,0,2,0,0,0,0.0,0.0
1755,1326,2022-09-16,0,2,-1,0,0,0.0,0.0
1756,1326,2022-10-03,0,2,0,0,0,0.0,0.0
1757,1326,2022-10-10,0,2,1,0,0,0.0,0.0
1758,1326,2022-10-15,0,2,1,0,0,0.0,0.0
1759,1326,2022-10-18,0,2,0,0,0,0.0,0.0
1760,1326,2022-10-22,0,2,0,0,0,0.0,0.0
1761,1326,2022-10-30,0,2,0,0,0,0.0,0.0
1762,1326,2022-11-05,0,2,-1,0,0,0.0,0.0
1763,1326,2022-11-12,0,2,-1,0,0,0.0,0.0
1764,1326,2022-12-27,0,2,0,0,0,0.0,0.0
1765,1326,2023-01-01,0,2,1,0,0,0.0,0.0
1766,1326,2023-01-04,0,2,0,0,0,0.0,0.0
1767,1326,2023-01-14,0,2,-1,0,0,0.0,0.0
1768,1326,2023-01-21,0,2,0,0,0,0.0,0.0
1769,1326,2023-02-05,0,2,-1,0,0,0.0,0.0
1770,1326,2023-02-11,0,2,-1,0,0,0.0,0.0
1771,1326,2023-02-18,0,2,0,0,0,0.0,0.0
1772,1326,2023-02-25,0,2,0,0,0,0.0,0.0
1773,1326,2023-03-05,0,2,0,0,0,0.0,0.0
1774,1326,2023-03-11,0,2,0,0,0,0.0,0.0
1775,1326,2023-03-17,0,2,0,0,0,0.0,0.0
1776,1326,2023-04-01,0,2,1,0,0,0.0,0.0
1777,1326,2023-04-04,0,2,0,0,0,0.0,0.0
1778,1326,2023-04-08,0,2,0,0,0,0.0,0.0
1779,1326,2023-04-16,0,2,0,0,0,0.0,0.0
1780,1326,2023-04-22,0,2,0,0,0,0.0,0.0
1781,1326,2023-04-26,0,2,0,0,0,0.0,0.0
1782,1326,2023-04-29,0,2,-1,0,0,0.0,0.0
1783,1326,2023-05-08,0,2,-1,0,0,0.0,0.0
1784,1326,2023-05-13,0,2,2,0,0,0.0,0.0
1785,1326,2023-05-20,0,2,2,0,0,0.0,0.0
1786,1326,2023-05-28,0,2,1,0,0,0.0,0.0
1787,1336,2023-03-05,90,87,83,78,86,,89.99997
1788,1336,2023-03-11,90,83,83,90,81,90.0,89.99997
1789,1336,2023-03-17,90,87,78,86,87,90.0,89.99997
1790,1336,2023-04-01,90,86,85,90,84,90.0,89.99997
1791,1336,2023-04-04,90,82,75,70,82,90.0,89.99997
1792,1336,2023-04-08,90,86,86,90,86,90.0,89.99997
1793,1336,2023-04-16,90,85,82,90,81,90.0,89.99997
1794,1336,2023-04-22,90,87,86,90,86,90.0,89.99997
1795,1336,2023-04-26,90,85,83,84,84,90.0,89.99997
1796,1336,2023-04-29,90,85,90,90,85,90.0,89.99997
1797,1336,2023-05-08,90,88,82,90,83,90.0,89.99997
1798,1336,2023-05-13,90,84,80,87,82,90.0,89.99997
1799,1336,2023-05-20,90,85,78,90,85,90.0,89.99997
1800,1336,2023-05-28,0,89,92,90,86,90.0,89.99997
