minutes,predmin,datetime,player_id
90,49.88982100069012,2025-01-19,508
90,69.13365080821862,2025-01-25,508
0,70.38344372304833,2025-02-02,508
86,70.38740920806765,2025-02-15,508
13,63.833132485312134,2025-02-23,508
1,69.45850076930468,2025-02-26,508
0,65.54896773458104,2025-03-08,508
90,63.97230508987632,2025-03-15,508
90,70.62164384779354,2025-04-02,508
73,68.296928377575,2025-04-06,508
90,62.60305766756838,2025-04-12,508
90,74.81799708223457,2025-04-19,508
90,80.17212989415597,2025-04-22,508
83,64.82869823642145,2025-05-02,508
0,62.069750411798154,2025-05-10,508
90,49.17210114338994,2025-05-20,508
77,48.69843824463371,2022-08-07,508
6,68.0660285767572,2023-02-05,508
90,50.164569455660754,2023-02-12,508
90,50.395260974721396,2023-02-15,508
90,30.73035498667545,2023-02-18,508
54,36.83302500786505,2023-02-25,508
90,30.884243587041297,2023-03-04,508
90,35.94851112693321,2023-03-11,508
90,43.6349823419021,2023-04-01,508
90,40.96628227841268,2023-04-08,508
0,57.29016036943313,2023-04-15,508
71,48.94360003479112,2023-04-26,508
90,56.28279743522161,2023-04-30,508
0,59.74846171664858,2023-05-03,508
90,72.87813099588179,2023-05-06,508
77,62.51795836586972,2023-05-14,508
0,46.43358034204549,2023-05-21,508
90,50.4409083828252,2023-05-24,508
0,49.16353997795774,2023-05-28,508
89,69.96615462245902,2025-03-16,11
90,65.03834898808856,2025-04-01,11
19,69.01452526797209,2025-04-05,11
28,73.43210733714287,2025-04-12,11
90,80.71721029389013,2025-04-20,11
85,86.39368942292407,2025-04-23,11
90,91.77846204319323,2025-05-03,11
90,84.2308450405902,2025-05-11,11
90,73.92863145946643,2025-05-18,11
90,76.85096583114856,2023-08-12,11
90,74.19448762563508,2024-02-04,11
90,79.8995972375151,2024-02-11,11
90,76.29331800211361,2024-02-17,11
75,80.94301478165707,2024-02-24,11
90,70.95704353436352,2024-03-04,11
90,65.49394795380398,2024-03-09,11
90,64.94789283918595,2024-03-31,11
90,64.81725527705187,2024-04-03,11
88,70.78786796699939,2024-04-06,11
78,71.21565554438239,2024-04-14,11
90,74.45800472502958,2024-04-20,11
90,77.53816814500486,2024-04-23,11
88,78.79596027346406,2024-04-28,11
90,71.80770821836919,2024-05-04,11
90,70.57109397599955,2024-05-12,11
90,64.21423425793205,2024-05-19,11
90,67.35072408637683,2022-08-05,11
90,78.80257453591864,2023-02-11,11
90,76.76468629799672,2023-02-15,11
90,83.24859751516598,2023-02-18,11
83,78.84667127973748,2023-02-25,11
90,72.48281846349093,2023-03-01,11
90,73.63876403808344,2023-03-04,11
90,74.97496448796703,2023-03-12,11
90,67.84369168841745,2023-03-19,11
84,83.23953355906119,2023-04-01,11
79,76.85461216333215,2023-04-09,11
89,64.91508157134781,2023-04-16,11
90,81.46644599455375,2023-04-21,11
70,75.95191871048058,2023-04-26,11
90,63.43861387884439,2023-05-02,11
79,61.55949931497008,2023-05-07,11
76,61.84772674487094,2023-05-14,11
90,44.29771382821848,2023-05-20,11
74,55.890084305751586,2023-05-28,11
0,4.948015381379932,2025-01-16,639
0,3.7255777877170857,2025-01-19,639
0,3.1773070170751083,2025-01-25,639
0,3.6448563597879797,2025-02-01,639
0,0.6055505675355022,2025-02-15,639
0,-1.145741952761412,2025-02-22,639
0,0.08555990282842174,2025-02-25,639
0,-1.7559712702600194,2025-03-08,639
0,-1.1802174908180945,2025-03-15,639
0,1.1669354575378037,2025-04-02,639
0,4.203381033484874,2025-04-06,639
0,0.8793693411297596,2025-04-12,639
0,4.086552886434362,2025-04-19,639
0,1.3103832394251356,2025-04-26,639
0,1.8803867691992906,2025-05-03,639
0,2.3115013269120084,2025-05-10,639
0,2.3115013269120084,2025-05-18,639
3,2.3115013269120084,2023-05-28,639
0,14.193717021203796,2025-02-01,796
0,15.3243294509832,2025-02-16,796
0,13.62566141358846,2025-02-22,796
0,1.177504172412398,2025-02-25,796
0,21.65333044360625,2025-03-08,796
0,21.748353544626895,2025-03-15,796
0,9.84007233791877,2025-04-01,796
0,8.565837021612893,2025-04-05,796
0,13.464106100398467,2025-04-13,796
0,9.37331330596298,2025-04-20,796
1,0.39290085746135617,2025-04-26,796
0,3.406366662502748,2025-05-02,796
0,-6.134942649796372,2025-05-10,796
0,5.010954781386957,2025-05-20,796
0,2.3115013269120084,2025-01-15,265
0,2.3115013269120084,2025-01-18,265
0,2.3115013269120084,2025-01-26,265
0,2.3115013269120084,2025-02-02,265
0,2.3115013269120084,2025-02-15,265
0,2.3115013269120084,2025-02-22,265
0,2.3115013269120084,2025-02-25,265
0,2.3115013269120084,2025-03-08,265
0,2.3115013269120084,2025-04-02,265
0,2.3115013269120084,2025-04-05,265
0,2.3115013269120084,2025-04-12,265
0,2.3115013269120084,2025-04-16,265
0,2.3115013269120084,2025-04-19,265
0,2.3115013269120084,2025-04-23,265
0,2.3115013269120084,2025-05-05,265
0,2.3115013269120084,2025-05-11,265
0,2.3115013269120084,2025-05-20,265
0,2.3115013269120084,2023-08-12,265
14,38.19860323908986,2024-01-20,265
0,41.61578634362721,2024-01-30,265
10,37.632099720651695,2024-02-03,265
11,47.35107261541856,2024-02-12,265
18,50.51701678479289,2024-02-19,265
24,48.841981283316,2024-02-24,265
0,38.65935174834809,2024-03-02,265
20,20.616675281785533,2024-03-09,265
0,30.26395786585813,2024-03-30,265
0,27.626382511156635,2024-04-02,265
8,23.354119108183383,2024-04-06,265
0,20.5807714596815,2024-04-14,265
29,13.184371843114477,2024-04-21,265
0,36.93756540392586,2024-04-24,265
5,30.333662506126274,2024-04-27,265
0,26.46958865362251,2024-05-06,265
70,33.01050201071962,2024-05-11,265
0,47.35424901675036,2024-05-19,265
8,41.85924563064087,2023-02-04,265
65,48.7408765878328,2025-01-18,576
90,47.68466271652315,2025-01-25,576
86,56.191263833687785,2025-02-01,576
90,68.17397614145835,2025-02-15,576
69,67.30323325009617,2025-02-23,576
90,65.73058124255328,2025-02-26,576
90,79.74231056895803,2025-03-10,576
65,73.02116558737998,2025-04-02,576
71,52.92274645184973,2025-04-07,576
77,51.204993789850064,2025-04-13,576
61,53.457504148357245,2025-04-16,576
64,42.061765542759005,2025-04-19,576
66,53.295162765270945,2025-04-26,576
55,46.240097180934484,2025-05-04,576
90,28.247315103497428,2025-05-11,576
62,41.30365023183009,2025-05-18,576
4,39.94364802823581,2023-08-12,576
64,31.626708646620784,2024-04-24,576
65,28.291491700792378,2024-04-27,576
68,24.992851037235795,2024-05-04,576
67,19.117034375512745,2024-05-11,576
61,7.735900894791257,2024-05-15,576
67,33.521990769204834,2024-05-19,576
1,45.40467937634786,2022-08-06,576
9,27.897258308040023,2023-02-04,576
9,30.10780743952212,2023-02-11,576
26,29.4150284285125,2023-02-18,576
13,29.399837287643507,2023-03-04,576
84,25.954235710371634,2023-03-12,576
83,40.62085253816139,2023-03-17,576
67,63.204972800344834,2023-04-02,576
63,62.404779696196215,2023-04-05,576
45,43.32923486561121,2023-04-08,576
55,34.9494007385229,2023-04-15,576
65,44.150003549346806,2023-04-23,576
22,42.73961131392062,2023-04-27,576
68,23.696172074148265,2023-04-30,576
64,39.27439532542212,2023-05-07,576
0,25.542193041810023,2023-05-13,576
0,20.715226029773646,2023-05-18,576
13,26.391254752308598,2023-05-22,576
21,22.147094094942744,2023-05-28,576
90,35.83983775394334,2025-01-16,370
0,56.682716694891496,2025-01-19,370
11,40.05846882146635,2025-01-25,370
61,44.08569380219926,2025-02-01,370
0,50.458087207145596,2025-02-15,370
22,39.39128289213107,2025-02-22,370
24,37.62434767900646,2025-02-26,370
15,35.911265033381184,2025-03-08,370
10,22.225277416962086,2025-03-15,370
71,31.110754483306422,2025-04-02,370
64,34.136833859137624,2025-04-05,370
14,33.58122600064901,2025-04-13,370
0,30.283758031042765,2025-04-20,370
0,19.801068422059245,2025-04-26,370
0,35.047581958253815,2025-05-03,370
0,25.5237754736672,2025-05-10,370
19,34.496452690150804,2025-05-18,370
0,42.948611588097904,2025-01-18,454
0,30.535306831354703,2025-01-25,454
0,25.817397101509286,2025-02-01,454
2,19.694790764345584,2025-02-12,454
63,23.781406276879338,2025-02-16,454
65,46.53512793302228,2025-02-19,454
0,49.76067877318319,2025-02-23,454
61,45.54170489920648,2025-02-26,454
22,41.947541892405695,2025-03-08,454
74,40.75198784581514,2025-04-02,454
66,51.76064278206063,2025-04-06,454
59,41.71075785598826,2025-04-13,454
30,50.244726332377624,2025-04-20,454
22,32.284488026091196,2025-04-27,454
57,34.04353185604434,2025-05-04,454
11,50.10712584276908,2025-05-11,454
0,39.189060985179694,2025-05-19,454
65,56.080934228441755,2023-08-13,454
90,34.96061904955718,2024-01-21,454
67,40.283704823702365,2024-01-31,454
90,19.56596358517737,2024-02-04,454
90,48.118859900954206,2024-02-10,454
43,54.53281599486951,2024-02-17,454
0,26.62286000459629,2024-02-21,454
0,41.52658975914029,2024-03-02,454
0,37.641089269162066,2024-03-10,454
0,43.652083620132004,2024-03-31,454
0,37.17312468414512,2024-04-04,454
0,32.145270469688015,2024-04-07,454
24,20.315110957443125,2024-04-14,454
73,44.747020305035264,2024-04-21,454
0,47.3112036902686,2024-04-24,454
0,32.41316621161877,2024-04-27,454
0,37.98669319142108,2024-05-05,454
0,30.43277751948277,2024-05-13,454
0,31.398219772483543,2024-05-19,454
0,44.015390575266906,2022-08-06,454
20,-4.890829588196155,2023-02-13,454
31,14.870192799120517,2023-02-18,454
70,22.843505692747257,2023-02-25,454
75,36.020584291847186,2023-03-01,454
12,38.896218146148,2023-03-05,454
45,33.72487439271774,2023-03-11,454
69,42.578594030012255,2023-04-01,454
90,64.06054444961028,2023-04-04,454
60,59.82499135911499,2023-04-09,454
81,41.84767682068805,2023-04-17,454
80,42.022761977756176,2023-04-22,454
58,43.32316726910189,2023-04-26,454
27,42.217271488929,2023-04-30,454
7,42.49495097176528,2023-05-03,454
72,43.84807758139044,2023-05-06,454
16,48.27122268592133,2023-05-15,454
27,36.1919908120645,2023-05-20,454
90,48.015714498046975,2023-05-28,454
45,28.834186850027592,2025-01-15,700
72,23.52947769951821,2025-01-19,700
53,21.68726901907037,2025-01-26,700
22,31.028248687270306,2025-02-02,700
26,25.734511134216135,2025-02-16,700
0,25.038070636372822,2025-02-22,700
23,27.88066919219422,2025-02-26,700
90,19.789110693848343,2025-03-09,700
0,27.76339266546212,2025-03-16,700
26,24.538417736188123,2025-04-03,700
33,8.565051756105092,2025-04-06,700
54,24.29271025740202,2025-04-13,700
80,39.927483604073885,2025-04-21,700
45,30.88755883874576,2025-04-27,700
90,25.580464764384615,2025-05-04,700
90,36.261138458046375,2025-05-11,700
52,31.577663862046023,2025-05-16,700
15,27.271124202824595,2023-08-13,700
26,53.32141919045286,2024-02-03,700
79,51.290574702194576,2024-02-10,700
70,62.69990738606198,2024-02-17,700
8,65.10534464106655,2024-03-02,700
69,51.35233774446793,2024-03-10,700
65,50.1926151223667,2024-03-16,700
67,44.508565443173524,2024-03-30,700
20,51.12742478973732,2024-04-02,700
45,42.68581025979307,2024-04-07,700
33,53.21561013344633,2024-04-13,700
45,55.67331091229231,2024-04-28,700
62,59.43926444766087,2024-05-02,700
74,74.96888975416275,2024-05-05,700
87,75.96432348894433,2024-05-11,700
84,72.14329028546496,2024-05-14,700
65,70.89810750821704,2024-05-19,700
0,53.61477374696591,2022-08-06,700
0,13.706900058053535,2023-01-23,700
0,6.628433958765314,2023-02-05,700
25,7.873816098692558,2023-02-11,700
1,7.845661053795638,2023-02-19,700
0,2.817802441673095,2023-02-26,700
0,14.236128187578913,2023-03-04,700
1,13.823284997883448,2023-03-11,700
4,14.257152561738366,2023-03-18,700
0,17.40901292363789,2023-04-03,700
2,9.020783427511034,2023-04-08,700
0,11.147394134687659,2023-04-15,700
22,5.085899587282952,2023-04-23,700
0,18.73186206245174,2023-04-27,700
24,5.475030274806855,2023-04-30,700
0,10.328234277311466,2023-05-06,700
0,-0.2507735389163912,2023-05-13,700
0,4.4964561603377575,2023-05-20,700
23,11.078655816051608,2023-05-28,700
90,73.95500253411338,2025-01-14,86
90,74.17491796211411,2025-01-18,86
90,63.66845029914611,2025-01-25,86
79,65.95472228790928,2025-02-01,86
87,47.54378711033523,2025-02-15,86
59,56.60553813202125,2025-02-22,86
25,50.191869630299934,2025-02-25,86
70,50.51362473109023,2025-03-09,86
66,56.178178870237645,2025-03-15,86
57,58.25126392031944,2025-04-02,86
0,60.878880247298454,2025-04-05,86
0,42.59307411926521,2025-04-14,86
0,43.68517271811329,2025-04-19,86
0,23.365547296567442,2025-04-27,86
0,22.006347088745954,2025-05-03,86
0,13.53805927600267,2025-05-10,86
0,6.621360658788561,2025-05-20,86
66,-8.329212782809478,2023-08-12,86
90,66.35717705455012,2024-02-01,86
55,82.63908869899922,2024-02-04,86
90,63.469090589551485,2024-02-10,86
90,67.43662478705548,2024-02-17,86
87,62.44750701221839,2024-02-24,86
45,66.96433869776949,2024-03-03,86
73,61.37347776691601,2024-03-09,86
90,63.50513563801343,2024-03-13,86
0,67.16467895344064,2024-03-30,86
90,44.096412609436456,2024-04-02,86
90,56.76618677335263,2024-04-06,86
90,69.94905280259827,2024-04-13,86
75,64.1129678802841,2024-04-21,86
90,63.743645707629156,2024-04-24,86
23,72.87050699794585,2024-04-28,86
90,56.90263563576147,2024-05-04,86
80,64.20983674122442,2024-05-11,86
90,62.642655861244705,2024-05-19,86
4,65.42122357946451,2022-08-06,86
29,12.652799338411612,2023-02-04,86
0,22.49195432609781,2023-02-11,86
0,11.904631445600387,2023-02-18,86
0,8.622768874826463,2023-02-25,86
8,25.449848162715426,2023-03-04,86
20,32.08190569641185,2023-03-11,86
0,31.028109237644486,2023-03-18,86
45,32.56579565706119,2023-04-01,86
57,47.18705671306553,2023-04-04,86
90,36.94063987598294,2023-04-08,86
65,39.421806926658746,2023-04-15,86
60,30.85671474314786,2023-04-23,86
90,29.87859406844197,2023-04-27,86
90,38.98396109695689,2023-04-30,86
83,32.79071242927675,2023-05-06,86
59,31.51671561213996,2023-05-13,86
65,13.810290763815189,2023-05-20,86
64,10.405361438605993,2023-05-28,86
64,25.704617962300674,2025-04-19,203
81,30.729155749751854,2025-04-26,203
90,55.57128675101878,2025-05-04,203
58,66.145571986776,2025-05-10,203
17,66.18884895511523,2025-05-19,203
0,2.3115013269120084,2025-01-25,27
0,2.3115013269120084,2025-02-02,27
0,2.3115013269120084,2025-02-15,27
0,2.3115013269120084,2025-02-22,27
0,2.3115013269120084,2025-02-26,27
0,2.3115013269120084,2025-03-09,27
0,2.3115013269120084,2025-03-16,27
0,2.3115013269120084,2025-04-01,27
0,2.3115013269120084,2025-04-05,27
0,2.3115013269120084,2025-04-12,27
0,2.3115013269120084,2025-04-20,27
0,2.3115013269120084,2025-04-23,27
0,2.3115013269120084,2025-05-03,27
0,2.3115013269120084,2025-05-11,27
0,2.3115013269120084,2025-05-18,27
0,30.438304412270753,2025-04-06,712
0,17.638262188627635,2025-04-13,712
0,18.929285043100123,2025-04-21,712
0,10.21240746145989,2025-04-27,712
22,11.825159428981053,2025-05-04,712
71,28.486171634151717,2025-05-11,712
86,30.960184226367673,2025-05-16,712
0,39.50092807319943,2024-04-28,712
90,82.79561561856536,2023-02-11,266
90,84.0499741562142,2023-02-18,266
90,82.72014252165661,2023-02-25,266
61,83.83539837891962,2023-03-04,266
45,73.36690225247973,2023-03-15,266
90,66.73076719850202,2023-03-19,266
90,69.27254243673917,2023-04-01,266
79,74.464416591006,2023-04-09,266
84,70.48262278084982,2023-04-15,266
77,74.71306954720448,2023-04-22,266
0,58.442330860992286,2023-04-25,266
90,37.795068518030746,2023-04-29,266
90,61.4210982130056,2023-05-06,266
80,63.60202630226338,2023-05-13,266
90,66.94241142399454,2023-05-20,266
67,59.85203012155847,2023-05-28,266
72,29.43497485693915,2025-01-25,249
51,41.34381846219489,2025-02-03,249
69,47.955600287341596,2025-02-14,249
14,62.631219296713255,2025-02-22,249
67,56.06299742717915,2025-02-25,249
90,53.39981365625741,2025-03-09,249
75,68.69215625925509,2025-03-16,249
67,69.94212518747197,2025-04-03,249
90,62.79653471515792,2025-04-06,249
22,73.61768110287775,2025-04-13,249
45,51.10487021460547,2025-04-20,249
12,61.92622991982428,2025-04-26,249
18,60.92089498545919,2025-05-04,249
15,56.891852613302376,2025-05-11,249
0,51.01459331487801,2025-05-16,249
22,44.25826350824197,2023-08-14,249
89,0.1927606568664686,2022-08-07,249
60,32.50523395357723,2023-02-12,249
45,39.16650978617251,2023-02-19,249
0,38.69990003493655,2023-03-05,249
72,26.219982466964666,2023-03-12,249
28,44.73046019456126,2023-04-02,249
70,37.51248940126975,2023-04-05,249
76,34.29047907181882,2023-04-08,249
90,47.80598173649568,2023-04-16,249
60,74.56456136241307,2023-04-27,249
75,74.39243119347995,2023-04-30,249
14,70.51785999884171,2023-05-04,249
16,57.03132941763799,2023-05-07,249
81,54.008358758028024,2023-05-13,249
71,63.70397779916924,2023-05-20,249
90,80.37676531151527,2023-05-25,249
90,82.08449086499715,2023-05-28,249
0,2.3115013269120084,2025-02-15,155
0,2.3115013269120084,2025-02-21,155
0,2.3115013269120084,2025-02-26,155
0,2.3115013269120084,2025-03-08,155
0,2.3115013269120084,2025-03-15,155
0,2.3115013269120084,2025-04-02,155
0,2.3115013269120084,2025-04-06,155
0,2.3115013269120084,2025-04-12,155
0,2.3115013269120084,2025-04-19,155
0,2.3115013269120084,2025-05-01,155
0,2.3115013269120084,2025-05-04,155
0,2.3115013269120084,2025-05-10,155
0,2.3115013269120084,2025-05-18,155
0,2.3115013269120084,2025-01-16,167
0,2.3115013269120084,2025-01-19,167
0,2.3115013269120084,2025-01-25,167
0,2.3115013269120084,2025-02-01,167
0,2.3115013269120084,2025-02-14,167
0,2.3115013269120084,2025-02-22,167
0,2.3115013269120084,2025-02-25,167
0,2.3115013269120084,2025-03-08,167
0,2.3115013269120084,2025-03-15,167
0,2.3115013269120084,2025-04-02,167
0,2.3115013269120084,2025-04-05,167
0,2.3115013269120084,2025-04-12,167
0,2.3115013269120084,2025-04-19,167
0,2.3115013269120084,2025-04-26,167
0,2.3115013269120084,2025-05-04,167
0,2.3115013269120084,2025-05-10,167
0,2.3115013269120084,2025-05-19,167
0,2.3115013269120084,2022-12-26,167
0,2.3115013269120084,2023-05-07,167
0,2.3115013269120084,2023-05-14,167
0,2.3115013269120084,2023-05-20,167
0,2.3115013269120084,2023-05-28,167
90,63.884453920954094,2025-01-16,183
90,75.27492700185506,2025-01-19,183
90,73.23970157119837,2025-01-25,183
45,65.45486456039612,2025-02-01,183
90,56.600823478121704,2025-02-14,183
78,69.68626933990164,2025-02-22,183
90,67.94884322161965,2025-02-25,183
85,83.14574671642762,2025-03-08,183
82,64.78310471989286,2025-03-15,183
90,79.50312756751734,2025-04-02,183
62,81.03309748247767,2025-04-05,183
0,79.5085039146319,2025-04-12,183
25,77.1110102719324,2025-04-19,183
28,60.435271082730026,2025-04-26,183
0,45.53332728433536,2025-05-04,183
10,29.173114892166012,2025-05-10,183
25,23.386867441863657,2025-05-19,183
90,21.498573044806434,2025-01-14,611
73,26.8516511036932,2025-01-19,611
90,20.037980036146706,2025-01-25,611
90,44.51158962984343,2025-02-01,611
90,52.38570318087939,2025-02-15,611
90,43.654560689703075,2025-02-23,611
61,37.901136677059895,2025-02-26,611
79,25.75009536344224,2025-03-08,611
66,32.35625470229898,2025-03-15,611
84,37.09270258144606,2025-04-01,611
45,38.13272839315988,2025-04-05,611
31,14.274358890953394,2025-04-12,611
45,22.11226762236464,2025-04-21,611
90,42.56015277110954,2025-05-01,611
90,53.63507011982587,2025-05-05,611
90,57.93481445571826,2025-05-11,611
90,49.352695176537,2025-05-18,611
10,47.323603384258504,2023-08-12,611
0,76.36665859350695,2024-01-20,611
12,56.07629492611508,2024-01-30,611
77,39.591612145787934,2024-02-04,611
90,50.0552649406293,2024-02-10,611
90,73.06144236445905,2024-02-17,611
90,64.5674548383997,2024-02-24,611
90,67.49420197718052,2024-03-02,611
29,76.31198913843173,2024-03-10,611
90,63.68568418592241,2024-03-16,611
45,68.71256459103449,2024-03-30,611
82,54.15812469967402,2024-04-02,611
90,62.6776182308766,2024-04-07,611
0,60.28310364190378,2024-04-13,611
37,61.29364191903542,2024-04-21,611
73,53.83826865818101,2024-04-28,611
66,55.76581824206859,2024-05-04,611
18,42.836990215998526,2024-05-11,611
87,48.169657390454276,2024-05-19,611
1,58.155921131849894,2022-08-07,611
0,25.702706236388053,2023-02-04,611
0,27.000981439561528,2023-02-08,611
1,33.4654887510256,2023-02-12,611
21,22.23514960705613,2023-02-19,611
5,40.735866510084165,2023-03-05,611
0,14.12081651959842,2023-03-12,611
0,12.987684923427949,2023-04-02,611
0,2.797454986144544,2023-04-05,611
0,10.764786563944256,2023-04-08,611
0,10.477997158926101,2023-04-16,611
0,6.684490320578888,2023-04-27,611
0,1.9262879211366055,2023-04-30,611
0,13.98159692819236,2023-05-04,611
0,-3.4290811417384788,2023-05-07,611
0,13.71301119184615,2023-05-13,611
0,14.85688836252477,2023-05-20,611
0,21.71023359947587,2023-05-25,611
0,6.024937362749284,2023-05-28,611
65,43.7987271731878,2025-01-15,407
19,58.71848998412956,2025-01-18,407
13,49.42088937203151,2025-01-26,407
0,34.95038068506713,2025-02-01,407
5,31.822351493183945,2025-02-15,407
35,24.86508707677328,2025-02-21,407
90,43.89925933050014,2025-02-27,407
17,49.25805375389599,2025-03-09,407
26,33.35533201138642,2025-03-16,407
30,24.324313236659748,2025-04-02,407
45,12.796332758710903,2025-04-07,407
0,31.604371398822977,2025-04-12,407
29,27.223668451341823,2025-04-20,407
45,20.316637849005204,2025-04-26,407
0,10.970901799298176,2025-05-03,407
29,15.31787233345274,2025-05-11,407
0,20.061172868053873,2025-05-18,407
0,20.289271491168805,2023-08-12,407
64,67.32729007135578,2024-01-22,407
45,52.81547312697866,2024-01-30,407
79,51.58720574640209,2024-02-03,407
82,49.93943685514746,2024-02-10,407
65,48.52049209179235,2024-02-18,407
72,52.16780968458113,2024-02-24,407
31,42.20476115818501,2024-03-02,407
0,38.9461619829716,2024-03-10,407
20,35.04582096636136,2024-03-31,407
73,34.839225604616374,2024-04-03,407
27,41.203371586099934,2024-04-06,407
13,39.72273563837503,2024-04-13,407
0,37.42532806532479,2024-04-25,407
90,24.413833181558104,2024-04-28,407
60,48.41865171452865,2024-05-05,407
66,35.90306681869657,2024-05-11,407
69,45.87258997824647,2024-05-15,407
0,50.69585700404711,2024-05-19,407
0,45.43036938242882,2023-01-03,407
74,11.537883315433248,2023-05-24,407
90,19.003458896583894,2023-05-28,407
4,28.08446627369213,2025-01-15,771
0,19.289607436357997,2025-01-20,771
3,16.39185049051612,2025-01-25,771
17,25.349801938964404,2025-02-01,771
7,27.2427764258599,2025-02-16,771
1,18.05843015182633,2025-02-22,771
13,14.695347512267503,2025-02-25,771
1,30.64899274855756,2025-03-08,771
1,22.591383047824735,2025-03-15,771
0,26.730985994511585,2025-04-01,771
0,15.297069736467904,2025-04-05,771
0,11.540504724564101,2025-04-13,771
0,11.28250451047738,2025-04-20,771
0,13.451241544568404,2025-04-26,771
0,17.153283279361247,2025-05-02,771
0,18.21891915510089,2025-05-10,771
0,14.014709941940325,2025-05-20,771
0,8.837749959148184,2023-08-11,771
90,35.60866441872653,2024-01-22,771
81,50.956852534001015,2024-02-01,771
18,47.30119872863851,2024-02-04,771
27,57.46549008583678,2024-02-10,771
0,64.13541300301092,2024-02-17,771
13,56.567588534993725,2024-02-25,771
90,61.868568318116374,2024-03-02,771
79,42.06773147801695,2024-03-09,771
70,41.25755573206841,2024-03-30,771
0,37.327285611184735,2024-04-02,771
86,30.065569846832148,2024-04-06,771
90,29.099516482949426,2024-04-13,771
90,29.325660807543827,2024-04-20,771
54,31.7383800913167,2024-04-24,771
0,30.935105964576607,2024-04-27,771
0,17.088739291347935,2024-05-04,771
11,17.78978402641785,2024-05-11,771
6,23.191381638050387,2024-05-19,771
0,2.3115013269120084,2025-04-13,714
0,2.3115013269120084,2025-04-21,714
0,2.3115013269120084,2025-04-27,714
0,2.3115013269120084,2025-05-04,714
0,2.3115013269120084,2025-05-11,714
0,2.3115013269120084,2025-05-16,714
90,60.12295177228682,2025-01-14,602
90,45.970500033289184,2025-01-19,602
90,29.095224072657672,2025-01-25,602
81,37.96759812403242,2025-02-01,602
84,33.62539063089896,2025-02-15,602
76,47.75229352991849,2025-02-23,602
90,51.44674262570902,2025-02-26,602
90,61.53957944529343,2025-03-08,602
90,67.92757201152025,2025-03-15,602
66,84.76144553027412,2025-04-01,602
90,57.1314496357887,2025-04-05,602
90,62.35017558298901,2025-04-12,602
90,39.593863330651075,2025-04-21,602
60,54.42542641095321,2025-05-01,602
90,68.29597803999795,2025-05-05,602
90,71.44309230922875,2025-05-11,602
82,51.77797371117522,2025-05-18,602
1,63.02994400614312,2023-08-12,602
22,50.985284898379135,2024-05-19,602
0,58.371627081581735,2022-08-06,602
9,13.44116863026538,2023-02-04,602
6,31.996719033544466,2023-02-11,602
23,32.55290868483537,2023-02-18,602
0,40.30231172383628,2023-03-04,602
0,21.5506558156181,2023-03-12,602
45,31.214622922581256,2023-03-17,602
6,37.81784044638633,2023-04-02,602
0,28.51913395834076,2023-04-05,602
3,12.938127387084265,2023-04-08,602
10,14.431563133886002,2023-04-15,602
0,18.339062909772636,2023-04-23,602
3,13.843842227331294,2023-04-27,602
1,13.036149672129085,2023-04-30,602
9,2.8978160995824567,2023-05-07,602
3,24.01797969248085,2023-05-13,602
29,19.33767922134767,2023-05-18,602
76,25.525292000001542,2023-05-22,602
75,24.161585565666343,2023-05-28,602
60,39.43392570995867,2025-05-05,287
0,49.347082146830786,2025-05-20,287
62,38.023082960384556,2024-02-03,287
0,2.3115013269120084,2025-01-15,44
0,2.3115013269120084,2025-01-18,44
0,2.3115013269120084,2025-01-26,44
0,2.3115013269120084,2025-02-01,44
0,2.3115013269120084,2025-02-15,44
0,2.3115013269120084,2025-02-19,44
0,2.3115013269120084,2025-02-22,44
0,2.3115013269120084,2025-02-25,44
0,2.3115013269120084,2025-03-08,44
0,2.3115013269120084,2025-04-02,44
0,2.3115013269120084,2025-04-05,44
0,2.3115013269120084,2025-04-12,44
0,2.3115013269120084,2025-04-19,44
0,2.3115013269120084,2025-04-22,44
0,2.3115013269120084,2025-05-03,44
0,2.3115013269120084,2025-05-10,44
0,2.3115013269120084,2025-05-16,44
86,2.3115013269120084,2023-08-12,44
63,63.75757319467913,2024-01-14,44
62,77.03248378916238,2024-01-30,44
30,75.52195278171595,2024-02-03,44
25,65.42245936682323,2024-02-11,44
9,58.3312121529899,2024-02-17,44
1,42.56644606547617,2024-02-24,44
11,40.65902062280762,2024-03-02,44
32,34.40311877617347,2024-03-10,44
45,44.44301446294851,2024-03-17,44
87,52.163663136869815,2024-03-30,44
62,51.40615945874555,2024-04-03,44
1,33.75169678995381,2024-04-06,44
60,28.301540802270907,2024-04-14,44
90,43.84185078049309,2024-04-21,44
56,48.3244806950928,2024-04-27,44
72,42.32957247146106,2024-05-05,44
90,30.810224861537662,2024-05-13,44
86,37.32840587172656,2024-05-19,44
0,2.3115013269120084,2025-01-15,593
0,2.3115013269120084,2025-01-18,593
0,2.3115013269120084,2025-01-25,593
0,2.3115013269120084,2025-02-01,593
0,2.3115013269120084,2025-02-15,593
0,2.3115013269120084,2025-02-23,593
0,2.3115013269120084,2025-02-26,593
0,2.3115013269120084,2025-03-10,593
0,2.3115013269120084,2025-04-02,593
0,2.3115013269120084,2025-04-07,593
0,2.3115013269120084,2025-04-13,593
0,2.3115013269120084,2025-04-16,593
0,2.3115013269120084,2025-04-19,593
0,2.3115013269120084,2025-04-26,593
0,2.3115013269120084,2025-05-04,593
0,2.3115013269120084,2025-05-11,593
0,2.3115013269120084,2025-05-18,593
0,2.3115013269120084,2024-01-30,593
67,55.34297042634962,2025-01-25,473
90,54.3592413796307,2025-02-01,473
90,51.04717934894741,2025-02-12,473
90,53.95390784265906,2025-02-16,473
90,59.454597999347484,2025-02-19,473
90,56.159560784259384,2025-02-23,473
90,63.03817444775455,2025-02-26,473
45,61.83605774059276,2025-03-08,473
90,56.42062319509695,2025-04-02,473
54,79.28067173376942,2025-04-06,473
22,81.93043732349918,2025-04-13,473
70,87.61509186989622,2025-04-20,473
67,71.09159793142574,2025-04-27,473
21,64.97653346481638,2025-05-04,473
90,45.094312385778466,2025-05-11,473
63,60.37924200078262,2025-05-19,473
90,61.05894236941538,2023-08-13,473
68,53.07651580467221,2024-01-31,473
14,62.94989974182612,2024-03-02,473
60,46.16177851194993,2024-03-10,473
90,37.69027801552792,2024-03-31,473
72,54.12883554885143,2024-04-04,473
65,50.02335536935183,2024-04-07,473
45,58.89029655085065,2024-04-14,473
4,44.03197437354153,2024-04-21,473
62,42.742626145962106,2024-04-24,473
1,31.776024941692995,2024-04-27,473
7,31.835294570404628,2024-05-05,473
14,23.18335603733533,2024-05-13,473
9,27.118469814417026,2024-05-19,473
4,31.167450580995606,2025-01-15,791
73,23.29225347206885,2025-01-20,791
74,32.003398091459204,2025-01-25,791
78,30.027721932499773,2025-02-01,791
45,48.44633026881745,2025-02-16,791
10,52.71609453706749,2025-02-22,791
13,49.2016045057611,2025-02-25,791
45,38.98761699337835,2025-03-08,791
21,36.007816038959945,2025-03-15,791
19,25.96631741665719,2025-04-01,791
25,22.804348263893303,2025-04-05,791
48,23.945676710840104,2025-04-13,791
16,36.9155652424496,2025-04-20,791
13,28.965336571909248,2025-04-26,791
25,21.00501668249538,2025-05-02,791
31,27.76102969269725,2025-05-10,791
66,24.960325213765586,2025-05-20,791
62,26.33088664917193,2023-08-14,791
69,61.81536015322763,2024-01-22,791
27,48.93213776179873,2024-02-01,791
71,36.49774881283277,2024-02-04,791
90,43.90675257840688,2024-02-10,791
72,47.20839458799058,2024-02-17,791
89,63.33635540271743,2024-02-25,791
90,69.66580261412922,2024-03-02,791
90,58.69272060656609,2024-03-09,791
90,67.1101178801168,2024-03-30,791
82,61.09867862257391,2024-04-02,791
75,58.42044316185718,2024-04-06,791
87,49.59520478915955,2024-04-13,791
15,71.51738321120025,2024-04-20,791
63,47.16334796705405,2024-04-24,791
14,57.880180096647166,2024-04-27,791
14,57.60840523231822,2024-05-04,791
29,43.81214757869293,2024-05-11,791
0,52.94882909542291,2024-05-19,791
45,44.37256757315943,2023-01-22,791
0,2.3115013269120084,2025-01-15,765
0,2.3115013269120084,2025-01-20,765
0,2.3115013269120084,2025-01-25,765
0,2.3115013269120084,2025-02-01,765
0,2.3115013269120084,2025-02-16,765
0,2.3115013269120084,2025-02-22,765
0,2.3115013269120084,2025-02-25,765
0,2.3115013269120084,2025-03-08,765
0,2.3115013269120084,2025-03-15,765
0,2.3115013269120084,2025-04-01,765
0,2.3115013269120084,2025-04-05,765
0,2.3115013269120084,2025-04-13,765
0,2.3115013269120084,2025-04-20,765
0,2.3115013269120084,2025-04-26,765
0,2.3115013269120084,2025-05-02,765
0,2.3115013269120084,2025-05-10,765
0,2.3115013269120084,2025-05-20,765
0,2.3115013269120084,2023-12-02,765
26,23.768650168982447,2024-04-24,765
0,32.99516847877457,2024-04-27,765
3,24.583337972596823,2024-05-04,765
0,14.60861742440649,2024-05-11,765
0,15.297618778385967,2024-05-19,765
0,4.925610118903464,2025-01-14,607
0,5.686353745416241,2025-01-19,607
0,7.881101485088081,2025-01-25,607
0,4.475200136794513,2025-02-01,607
0,2.013593540430307,2025-02-15,607
0,1.145064377251387,2025-02-23,607
0,-1.0098168908437088,2025-02-26,607
0,-2.1545911010341143,2025-03-08,607
0,0.19301538818587005,2025-03-15,607
0,1.4576868906800797,2025-04-01,607
0,0.8793693411297596,2025-04-05,607
0,4.086552886434362,2025-04-12,607
0,1.3103832394251356,2025-04-21,607
0,1.8803867691992906,2025-05-01,607
0,2.3115013269120084,2025-05-05,607
0,2.3115013269120084,2025-05-11,607
0,2.3115013269120084,2025-05-18,607
0,3.027599638988491,2025-01-14,502
0,5.020161534856896,2025-01-19,502
0,2.1874327356328536,2025-01-25,502
0,0.8337764183628877,2025-02-02,502
0,1.8803867691992906,2025-02-15,502
0,2.3115013269120084,2025-02-23,502
0,2.3115013269120084,2025-02-26,502
0,2.3115013269120084,2025-03-08,502
0,2.3115013269120084,2025-03-15,502
0,2.3115013269120084,2025-04-02,502
0,2.3115013269120084,2025-04-06,502
0,2.3115013269120084,2025-04-12,502
0,2.3115013269120084,2025-04-19,502
0,2.3115013269120084,2025-04-22,502
0,2.3115013269120084,2025-05-02,502
0,2.3115013269120084,2025-05-10,502
7,2.3115013269120084,2025-05-20,502
76,49.888025977591795,2025-01-26,439
90,47.2773971956954,2025-02-01,439
90,53.92796776991554,2025-02-15,439
90,61.83000983599574,2025-02-21,439
90,77.39585988774144,2025-02-27,439
72,67.74706506353093,2025-03-09,439
90,61.231954535842675,2025-03-16,439
59,68.47929278220317,2025-04-02,439
73,63.265355148837735,2025-04-07,439
90,59.3500418563966,2025-04-12,439
90,65.13611378048802,2025-04-20,439
82,77.68951858719464,2025-04-26,439
83,72.18667331581128,2025-05-03,439
90,64.21595200603818,2025-05-11,439
90,64.41270955175158,2025-05-18,439
0,22.58773802145417,2025-01-14,150
0,12.638800091731198,2025-01-18,150
0,13.760995171192064,2025-01-26,150
6,8.019106897697483,2025-02-02,150
1,9.1253965029357,2025-02-15,150
18,11.787575880985415,2025-02-21,150
0,37.74342722857611,2025-02-26,150
0,16.843064378991997,2025-03-08,150
0,11.16668702363414,2025-03-15,150
0,5.8900615530876905,2025-04-02,150
0,11.89620281191847,2025-04-06,150
0,14.492108334620454,2025-04-12,150
0,14.64095796234163,2025-04-19,150
0,18.532838728018632,2025-05-01,150
0,16.19433924444563,2025-05-04,150
0,18.6392690845435,2025-05-10,150
0,-0.10140555072520385,2025-05-18,150
12,0.5461939704672005,2022-08-06,150
0,17.82522976862741,2023-02-13,150
0,8.273877853393458,2023-02-18,150
0,11.222692826531755,2023-02-25,150
0,17.599870106029286,2023-03-01,150
0,12.823771754811432,2023-03-05,150
2,9.441757827704265,2023-03-11,150
0,8.21028792952977,2023-04-01,150
0,7.81322446488501,2023-04-04,150
0,10.710918217255895,2023-04-09,150
0,6.8020677527958355,2023-04-17,150
0,4.191433054627751,2023-04-22,150
0,9.356125959536755,2023-04-26,150
0,-2.5660807832890384,2023-04-30,150
0,-1.4543537573117078,2023-05-03,150
0,3.6448569816070773,2023-05-06,150
6,0.605550238143806,2023-05-15,150
0,-0.5217210172017275,2023-05-20,150
0,-3.0541656285636094,2023-05-28,150
0,4.5596795730744475,2025-01-14,362
0,-0.4999619830227431,2025-01-18,362
0,0.5194345308810853,2025-01-26,362
0,3.7255777877170857,2025-02-01,362
0,3.1773070170751083,2025-02-15,362
0,3.6448563597879797,2025-02-22,362
0,0.6055505675355022,2025-02-25,362
0,-1.145741952761412,2025-03-08,362
0,0.08555990282842174,2025-03-16,362
0,-1.7559712702600194,2025-04-01,362
0,-1.1802174908180945,2025-04-06,362
0,1.1669354575378037,2025-04-14,362
0,4.203381033484874,2025-04-20,362
0,0.8793693411297596,2025-04-26,362
0,4.086552886434362,2025-05-03,362
7,1.3103832394251356,2025-05-10,362
0,12.133958073199977,2025-05-18,362
0,7.0679932439152395,2022-10-09,362
0,2.3115013269120084,2023-04-08,362
0,2.3115013269120084,2023-04-15,362
0,2.3115013269120084,2023-04-22,362
0,2.3115013269120084,2023-04-25,362
0,2.3115013269120084,2023-04-30,362
0,2.3115013269120084,2023-05-03,362
0,2.3115013269120084,2023-05-08,362
0,2.3115013269120084,2023-05-13,362
0,2.3115013269120084,2023-05-20,362
0,2.3115013269120084,2023-05-28,362
0,7.078342256463074,2025-01-14,139
0,1.8803867691992906,2025-01-18,139
0,2.3115013269120084,2025-01-26,139
0,2.3115013269120084,2025-02-02,139
0,2.3115013269120084,2025-02-15,139
0,2.3115013269120084,2025-02-21,139
0,2.3115013269120084,2025-02-26,139
0,2.3115013269120084,2025-03-08,139
0,2.3115013269120084,2025-03-15,139
0,2.3115013269120084,2025-04-02,139
0,2.3115013269120084,2025-04-06,139
0,2.3115013269120084,2025-04-12,139
0,2.3115013269120084,2025-04-19,139
0,2.3115013269120084,2025-05-01,139
0,2.3115013269120084,2025-05-04,139
0,2.3115013269120084,2025-05-10,139
0,2.3115013269120084,2025-05-18,139
0,2.3115013269120084,2023-08-13,139
0,25.65165936017563,2024-02-05,139
0,33.50990001922932,2024-02-10,139
27,26.516395175597623,2024-02-17,139
88,31.9784688462928,2024-02-20,139
72,42.51364759087538,2024-02-26,139
76,41.58262896674823,2024-03-02,139
77,61.427351260837966,2024-03-09,139
58,56.39621047426695,2024-03-16,139
0,36.94881216245476,2024-03-30,139
4,27.786924145216204,2024-04-03,139
4,17.100855206702036,2024-04-06,139
1,36.307117121324964,2024-04-13,139
0,36.7349480010093,2024-04-20,139
0,19.714379890820013,2024-04-27,139
8,23.115510365292593,2024-05-04,139
0,33.744796490907405,2024-05-11,139
0,30.704564403872865,2024-05-19,139
0,28.18540322575106,2022-08-07,139
0,21.644125228128814,2023-02-04,139
0,10.05808152743107,2023-02-11,139
0,6.098293836214722,2023-02-18,139
0,3.2445680330445157,2023-03-06,139
16,-8.612708996704626,2023-03-11,139
45,7.341064305033484,2023-03-15,139
0,26.266124377923617,2023-03-18,139
0,15.793517124828853,2023-04-01,139
0,14.085832335287066,2023-04-05,139
0,16.190136321432647,2023-04-08,139
0,30.1673150119842,2023-04-15,139
45,28.815465559251138,2023-04-22,139
61,24.48616794684503,2023-04-26,139
19,52.366722718857275,2023-04-29,139
71,38.43323544144967,2023-05-06,139
20,51.80462784793876,2023-05-14,139
45,46.54927421433325,2023-05-20,139
80,50.948663835735104,2023-05-28,139
90,29.72314069202291,2025-01-14,499
90,45.870918644106126,2025-01-19,499
90,45.8960089846898,2025-01-25,499
90,38.92900820543862,2025-02-02,499
3,31.475189631045637,2025-02-15,499
0,32.79063724562472,2025-02-23,499
90,45.62995212483317,2025-02-26,499
60,44.283236160917966,2025-03-08,499
0,34.92085883555393,2025-03-15,499
90,37.820258988083125,2025-04-02,499
90,43.82654310767525,2025-04-06,499
0,46.60763879071757,2025-04-12,499
90,45.08428830431893,2025-04-19,499
90,55.77541028428137,2025-04-22,499
90,64.7835553044729,2025-05-02,499
0,72.17971943127718,2025-05-10,499
90,59.431135539565474,2025-05-20,499
90,58.19227979568563,2023-08-14,499
90,0.7050817968778631,2024-01-31,499
0,21.685868351984837,2024-02-05,499
56,2.404335407197962,2024-02-10,499
0,23.50208703077739,2024-02-17,499
0,30.91371719307584,2024-02-20,499
62,26.928729285982527,2024-02-24,499
0,20.86657038697477,2024-03-03,499
0,14.389792340257287,2024-03-10,499
0,9.553146342197806,2024-03-31,499
15,20.872743018064696,2024-04-03,499
16,20.443007910803658,2024-04-06,499
90,36.951316701061316,2024-04-13,499
18,43.87012945914158,2024-04-25,499
1,51.06280582055325,2024-04-28,499
11,40.1800191280695,2024-05-04,499
0,44.909131778070616,2024-05-11,499
0,35.99682418569327,2024-05-14,499
0,52.96900875081849,2024-05-19,499
90,49.300923891799,2022-08-20,499
61,57.38546097738818,2023-02-18,499
75,59.42891858757061,2023-02-24,499
63,73.64510114278525,2023-03-01,499
66,77.53451422035563,2023-03-04,499
21,74.03493480649932,2023-03-12,499
0,65.20802408319476,2023-03-18,499
90,60.02727858858688,2023-04-01,499
90,64.36394165427414,2023-04-08,499
90,67.68499996919459,2023-04-15,499
80,68.28498182943717,2023-04-22,499
88,71.02092527671249,2023-04-25,499
90,81.05243315907208,2023-04-29,499
90,82.8063261280001,2023-05-06,499
90,68.58165204990058,2023-05-13,499
20,67.84910993126822,2023-05-20,499
45,71.44222031087355,2023-05-28,499
0,2.3115013269120084,2025-01-15,684
0,2.3115013269120084,2025-01-19,684
0,2.3115013269120084,2025-01-26,684
0,2.3115013269120084,2025-02-02,684
0,2.3115013269120084,2025-02-16,684
0,2.3115013269120084,2025-02-22,684
0,2.3115013269120084,2025-02-26,684
0,2.3115013269120084,2025-03-09,684
0,2.3115013269120084,2025-03-16,684
0,2.3115013269120084,2025-04-03,684
0,2.3115013269120084,2025-04-06,684
0,2.3115013269120084,2025-04-13,684
0,2.3115013269120084,2025-04-21,684
0,2.3115013269120084,2025-04-27,684
0,2.3115013269120084,2025-05-04,684
0,2.3115013269120084,2025-05-11,684
0,2.3115013269120084,2025-05-16,684
0,2.3115013269120084,2023-08-13,684
10,5.269145869809606,2024-01-14,684
0,13.523508034036638,2024-01-31,684
4,8.40001120019916,2024-02-03,684
0,16.46615929467208,2024-02-10,684
0,15.270190375972575,2024-02-17,684
0,15.042488627321788,2024-03-02,684
0,16.78461017644466,2024-03-10,684
0,20.31040867860993,2024-03-16,684
0,9.577810434084327,2024-03-30,684
0,11.243553141442575,2024-04-02,684
0,14.689846098142183,2024-04-07,684
0,4.356594545829921,2024-04-13,684
0,5.903453342012909,2024-04-28,684
12,0.20290861440297192,2024-05-02,684
0,13.396692435891097,2024-05-05,684
0,3.0777018234659863,2024-05-11,684
0,10.748177787836383,2024-05-14,684
0,6.994220282138414,2024-05-19,684
0,12.852089971075728,2022-08-06,684
0,1.1807011703713641,2023-01-23,684
0,4.8957284561262355,2023-02-05,684
0,-0.9560623429959492,2023-02-11,684
0,-1.8839672884299006,2023-02-19,684
0,-3.408134207273804,2023-02-26,684
0,2.9892667870426664,2023-03-04,684
0,-1.3056250839438661,2023-03-11,684
0,1.0026692517056262,2023-03-18,684
0,-2.7114364336484726,2023-04-03,684
0,-1.874674927210819,2023-04-08,684
0,3.3913206976554164,2023-04-15,684
0,-0.7776372920647248,2023-04-23,684
0,0.10692433704335258,2023-04-27,684
0,-0.4111563432661569,2023-04-30,684
0,6.340781363587752,2023-05-06,684
0,11.644311421662067,2023-05-13,684
0,6.813007027697225,2023-05-20,684
0,3.749529418325949,2023-05-28,684
0,-2.079661005389781,2025-05-11,757
0,-2.163103716193177,2025-05-18,757
0,0.6512124238526127,2024-01-02,757
45,35.20563526392117,2025-03-08,456
0,24.995065057238307,2025-04-02,456
35,2.8735784125300228,2025-04-06,456
0,16.153218116244915,2025-04-13,456
19,18.286093324435896,2025-04-20,456
14,15.329326053982157,2025-04-27,456
68,-1.1711252951982232,2025-05-04,456
7,12.716214577643015,2025-05-11,456
90,17.85781085430834,2025-05-19,456
13,39.31650862849902,2023-08-13,456
63,45.036672366295406,2024-01-21,456
21,50.18212348077233,2024-01-31,456
32,43.08066006984623,2024-02-04,456
45,43.33070792231949,2024-02-10,456
7,47.531757223874806,2024-02-17,456
90,42.09392368710952,2024-02-21,456
75,27.59148290421433,2024-03-02,456
90,30.51967548306169,2024-03-10,456
7,26.544146842277613,2024-03-31,456
30,15.375908002318269,2024-04-04,456
21,22.832583601653752,2024-04-07,456
8,26.89965759529227,2024-04-14,456
90,8.952843264698032,2024-04-21,456
27,21.67082181389651,2024-04-24,456
90,18.364857285951814,2024-04-27,456
82,33.81482148290489,2024-05-05,456
74,29.852443737410894,2024-05-13,456
80,35.930105707504836,2024-05-19,456
39,51.2625311007768,2022-08-06,456
1,41.53109062159844,2023-02-13,456
31,59.86777467171802,2023-02-18,456
45,54.4524153738228,2023-02-25,456
90,57.554538049280765,2023-03-01,456
84,79.44978268987688,2023-03-05,456
45,64.6607240270594,2023-03-11,456
69,69.85345650993042,2023-04-01,456
0,68.04240382694927,2023-04-04,456
0,41.63112043317493,2023-04-09,456
0,59.36171387083107,2023-04-17,456
0,57.98350138697286,2023-04-22,456
0,52.55023863702212,2023-04-26,456
62,39.207231203343255,2023-04-30,456
6,56.150519368259545,2023-05-03,456
0,41.29207120797298,2023-05-06,456
2,38.80309583815249,2023-05-15,456
9,23.99721964099527,2023-05-20,456
33,31.649830565703937,2023-05-28,456
89,42.79843282219606,2025-01-18,275
82,50.27672137910737,2025-01-26,275
87,52.49809407508036,2025-02-02,275
85,62.488514059390916,2025-02-15,275
89,69.5831605230147,2025-02-22,275
57,65.19247599152985,2025-02-25,275
0,65.54816335626685,2025-03-08,275
0,46.45353707853867,2025-04-02,275
8,26.003512378117577,2025-04-05,275
45,24.39278794119329,2025-04-12,275
56,33.00633840601512,2025-04-16,275
90,45.27658441977161,2025-04-19,275
27,56.03867398440659,2025-04-23,275
29,51.210580807545455,2025-05-05,275
86,43.87563406593057,2025-05-11,275
45,49.49676998374893,2025-05-20,275
0,35.77570919262554,2023-08-12,275
67,44.4114328745069,2024-01-20,275
90,55.01816629309875,2024-01-30,275
79,66.99147250680245,2024-02-03,275
78,60.1140092530452,2024-02-12,275
0,55.57899886163365,2024-02-19,275
0,30.40975030795262,2024-02-24,275
19,36.92679337068769,2024-03-02,275
9,39.50037308419411,2024-03-09,275
10,43.79206696490782,2024-03-30,275
69,37.963641431830595,2024-04-02,275
81,39.68371911892582,2024-04-06,275
76,43.24422563563182,2024-04-14,275
80,45.859291508075344,2024-04-21,275
90,49.08721240928567,2024-04-24,275
90,51.97798399431494,2024-04-27,275
67,47.83953633730903,2024-05-06,275
14,26.239234483104113,2024-05-11,275
0,31.866680117002673,2024-05-19,275
4,37.46772692853804,2022-08-05,275
71,17.665957973667034,2023-02-04,275
55,35.150488332731044,2023-02-11,275
0,28.16590751359952,2023-02-18,275
0,16.44792221076419,2023-02-25,275
15,7.366895505926735,2023-03-04,275
0,9.272021629917461,2023-03-11,275
0,13.65317642977844,2023-03-15,275
25,24.918421569412786,2023-03-19,275
9,9.643531027130578,2023-04-01,275
16,7.859508779564138,2023-04-09,275
16,13.467349496904575,2023-04-15,275
19,0.6805120693633597,2023-04-22,275
88,12.983173857549602,2023-04-25,275
0,2.9038327899441754,2023-04-29,275
16,-13.361980190090875,2023-05-06,275
76,-9.75093209569765,2023-05-13,275
90,9.386216542494111,2023-05-20,275
89,27.090262885879596,2023-05-28,275
90,42.34456470917188,2025-03-16,26
90,31.854035390387608,2025-04-01,26
90,36.26749584818816,2025-04-05,26
15,49.702127604601074,2025-04-12,26
56,51.869455761642925,2025-04-20,26
16,56.64349662096696,2025-05-03,26
78,55.14627032882484,2025-05-11,26
0,67.00923982435208,2025-05-18,26
80,47.36073423095263,2025-01-14,238
83,51.88159280137832,2025-01-20,238
90,42.192604140037204,2025-01-25,238
60,57.677616700771736,2025-02-03,238
20,57.66297615808288,2025-02-14,238
22,52.680236111540225,2025-04-03,238
58,50.888060919288094,2025-04-06,238
67,56.38239137666936,2025-04-13,238
45,66.06224866318254,2025-04-20,238
77,54.70013195069893,2025-04-26,238
90,43.583391385923164,2025-05-04,238
45,54.46781689541046,2025-05-11,238
90,53.2056135057273,2025-05-16,238
0,46.58855849688908,2023-08-13,238
0,49.38361906674963,2024-02-17,238
0,33.55895485292281,2024-03-02,238
0,35.2308946457981,2024-03-11,238
28,40.61691173910306,2024-03-30,238
1,34.53463758637636,2024-04-04,238
81,25.72329380332981,2024-04-07,238
71,42.363833313901395,2024-04-15,238
78,44.83974252375076,2024-04-23,238
90,42.336432792158135,2024-04-27,238
90,45.539556802980414,2024-05-02,238
75,61.149312550072445,2024-05-05,238
57,60.47865101146924,2024-05-11,238
68,42.97827919974151,2024-05-15,238
63,54.19793645547759,2024-05-19,238
45,55.35072712362443,2023-02-03,238
90,52.51348220486737,2025-01-14,138
90,61.04939554318182,2025-01-18,138
53,59.754518970000646,2025-01-26,138
83,58.04040783346484,2025-02-02,138
90,73.09682038240685,2025-02-15,138
45,91.63622987357192,2025-02-21,138
0,65.99649047444217,2025-02-26,138
90,68.27184589651857,2025-03-08,138
90,63.78056872351739,2025-03-15,138
90,67.88460214392853,2025-04-02,138
90,84.96166011326086,2025-04-06,138
90,82.74018416681224,2025-04-12,138
90,90.15036982539542,2025-04-19,138
90,87.00394076494781,2025-05-01,138
90,86.71075500576237,2025-05-04,138
90,84.34797302080165,2025-05-10,138
90,84.82434536211711,2025-05-18,138
71,87.79858946199914,2023-08-13,138
84,78.0637825855369,2024-02-10,138
62,91.79960551559999,2024-02-17,138
90,65.35752177553262,2024-02-20,138
90,82.47940992602527,2024-02-26,138
90,87.85295310570038,2024-03-02,138
33,81.62522797562377,2024-03-09,138
19,83.19473424979434,2024-04-20,138
77,65.0671464038226,2024-04-27,138
81,68.13678440539306,2024-05-04,138
62,63.66582620160551,2024-05-11,138
90,33.295699663793286,2024-05-19,138
72,38.949385554261056,2022-08-07,138
90,68.91558396683328,2023-02-04,138
90,75.3334717421079,2023-02-11,138
83,65.71173769934694,2023-02-18,138
90,65.62687510139644,2023-03-06,138
73,72.67671746509325,2023-03-11,138
90,66.72336570237414,2023-03-15,138
90,75.29599925977416,2023-03-18,138
90,70.24295445844496,2023-04-01,138
74,70.51744194580967,2023-04-05,138
80,60.21937758931588,2023-04-08,138
90,58.63738900969973,2023-04-15,138
45,61.72492938057691,2023-04-22,138
0,56.69448197584302,2023-04-26,138
0,63.46135853127841,2023-04-29,138
0,42.37885144568759,2023-05-06,138
0,20.87272768533967,2023-05-14,138
0,31.009987197788902,2023-05-20,138
0,17.592905815768404,2023-05-28,138
64,40.39911988417023,2025-01-18,464
85,31.677738555871585,2025-01-25,464
90,32.97305593079015,2025-02-01,464
87,49.56891627352654,2025-02-12,464
70,33.60766899914326,2025-02-16,464
9,39.838344829811376,2025-02-19,464
78,36.73411197912317,2025-02-23,464
86,47.95068935906845,2025-02-26,464
90,57.48599551558834,2025-03-08,464
85,51.38489512523515,2025-04-02,464
35,69.53954635138729,2025-04-06,464
90,56.933714420537484,2025-04-13,464
90,67.57235249578504,2025-04-20,464
75,60.74914289120865,2025-04-27,464
0,55.54028363127592,2025-05-04,464
78,42.779179377224466,2025-05-11,464
27,51.61442480539024,2025-05-19,464
76,57.08279734632409,2023-08-13,464
90,71.77833400119582,2024-01-31,464
90,57.97942916670873,2024-02-04,464
81,44.2772694862187,2024-02-10,464
90,56.82693192207816,2024-02-17,464
88,64.23661115949028,2024-02-21,464
90,49.48764213144496,2024-03-02,464
90,60.649762167798656,2024-03-10,464
88,57.053398062690775,2024-03-31,464
90,42.9912987086653,2024-04-04,464
90,50.121123053492866,2024-04-07,464
65,73.71770177293068,2024-04-14,464
73,53.02925938898643,2024-04-21,464
90,72.13537330535532,2024-04-24,464
78,74.37524428371194,2024-04-27,464
74,68.12858534944291,2024-05-05,464
75,63.74847187452127,2024-05-13,464
70,58.056304922865344,2024-05-19,464
77,61.46608123042515,2022-08-06,464
22,36.751317136186344,2025-01-14,143
24,36.049256503326916,2025-01-18,143
83,36.498579535558164,2025-01-26,143
90,36.388398763607114,2025-02-02,143
74,29.099346591415994,2025-02-15,143
86,43.08049839006571,2025-02-21,143
75,31.979847293278056,2025-02-26,143
90,20.16262753540427,2025-03-08,143
84,36.49448883471213,2025-03-15,143
90,45.37034950848154,2025-04-02,143
90,52.90731341844135,2025-04-06,143
90,63.3079588087317,2025-04-12,143
86,79.12237893283478,2025-04-19,143
67,75.2772632449057,2025-05-01,143
71,78.16762838654212,2025-05-04,143
71,66.10017304774296,2025-05-10,143
75,78.05698095841173,2025-05-18,143
18,67.24131834386873,2023-08-13,143
90,62.727801522065484,2025-01-14,135
90,71.53870960073765,2025-01-18,135
90,81.58353464281291,2025-01-26,135
90,90.62784222499391,2025-02-02,135
90,98.3234048952807,2025-02-15,135
90,102.68122369961279,2025-02-21,135
90,88.68403017918104,2025-02-26,135
90,79.54049016027348,2025-03-08,135
90,80.90809123239285,2025-03-15,135
90,83.02855346039209,2025-04-02,135
90,80.67011960500228,2025-04-06,135
90,89.59782365193402,2025-04-12,135
75,79.01931066799953,2025-04-19,135
45,54.54259418239944,2025-05-01,135
80,41.32020690936021,2025-05-04,135
90,57.30859272852851,2025-05-10,135
75,66.11768837185404,2025-05-18,135
0,54.07375789161256,2023-08-13,135
87,58.39260299439302,2024-01-31,135
14,52.979119307204186,2024-02-05,135
14,30.550696256742,2024-02-10,135
27,27.69640159687853,2024-02-17,135
12,26.16986979387532,2024-02-20,135
90,26.75351632320765,2024-02-26,135
0,58.08645390518253,2024-03-02,135
90,37.17877552723115,2024-03-09,135
31,40.242229965066585,2024-03-16,135
86,28.509064807288098,2024-03-30,135
72,37.30738820035438,2024-04-03,135
14,34.95029593715344,2024-04-06,135
11,33.96586599045247,2024-04-13,135
70,28.199839929822787,2024-04-20,135
22,36.23464795979626,2024-04-27,135
65,33.48831451577527,2024-05-04,135
62,46.950845543372836,2024-05-11,135
0,39.02620586166613,2024-05-19,135
31,28.42864976051105,2022-08-07,135
0,1.8803867691992906,2025-01-15,764
0,2.3115013269120084,2025-01-20,764
0,2.3115013269120084,2025-01-25,764
0,2.3115013269120084,2025-02-01,764
0,2.3115013269120084,2025-02-16,764
0,2.3115013269120084,2025-02-22,764
0,2.3115013269120084,2025-02-25,764
0,2.3115013269120084,2025-03-08,764
0,2.3115013269120084,2025-03-15,764
0,2.3115013269120084,2025-04-01,764
0,2.3115013269120084,2025-04-05,764
0,2.3115013269120084,2025-04-13,764
0,2.3115013269120084,2025-04-20,764
0,2.3115013269120084,2025-04-26,764
0,2.3115013269120084,2025-05-02,764
0,2.3115013269120084,2025-05-10,764
0,2.3115013269120084,2025-05-20,764
0,2.3115013269120084,2023-08-14,764
0,2.3115013269120084,2024-01-22,764
0,2.3115013269120084,2024-02-01,764
0,2.3115013269120084,2024-02-04,764
0,2.3115013269120084,2024-02-10,764
0,2.3115013269120084,2024-02-17,764
0,2.3115013269120084,2024-02-25,764
0,2.3115013269120084,2024-03-02,764
0,2.3115013269120084,2024-03-09,764
0,2.3115013269120084,2024-03-30,764
0,2.3115013269120084,2024-04-02,764
0,2.3115013269120084,2024-04-06,764
0,2.3115013269120084,2024-04-13,764
0,2.3115013269120084,2024-04-20,764
0,2.3115013269120084,2024-04-24,764
0,2.3115013269120084,2024-04-27,764
0,2.3115013269120084,2024-05-04,764
0,2.3115013269120084,2024-05-11,764
0,2.3115013269120084,2024-05-19,764
0,2.3115013269120084,2022-08-06,764
0,2.3115013269120084,2023-02-04,764
0,2.3115013269120084,2023-02-11,764
0,2.3115013269120084,2023-02-18,764
0,2.3115013269120084,2023-02-24,764
0,2.3115013269120084,2023-03-01,764
0,2.3115013269120084,2023-03-04,764
0,2.3115013269120084,2023-03-12,764
0,2.3115013269120084,2023-03-18,764
0,2.3115013269120084,2023-04-01,764
0,2.3115013269120084,2023-04-08,764
0,2.3115013269120084,2023-04-15,764
0,2.3115013269120084,2023-04-22,764
0,2.3115013269120084,2023-04-25,764
0,2.3115013269120084,2023-04-29,764
0,2.3115013269120084,2023-05-06,764
0,2.3115013269120084,2023-05-13,764
0,2.3115013269120084,2023-05-20,764
0,2.3115013269120084,2023-05-28,764
90,99.75969723370011,2025-01-14,243
83,92.32398290058026,2025-01-20,243
90,77.16820292857567,2025-01-25,243
89,78.69141359868985,2025-02-03,243
90,83.25432204930942,2025-02-14,243
90,79.84299078817602,2025-02-22,243
90,73.85214022918052,2025-02-25,243
72,68.71500775822095,2025-03-09,243
90,76.56399959579457,2025-04-03,243
31,89.81975237050327,2025-04-06,243
90,58.19198776228289,2025-04-13,243
90,69.19996072420608,2025-04-20,243
90,84.31980429356095,2025-04-26,243
90,95.13054489090811,2025-05-04,243
90,76.84237780349098,2025-05-11,243
90,78.2880675870907,2025-05-16,243
10,79.76287902992608,2023-08-11,243
84,53.79918002275595,2024-01-31,243
90,46.78801376124157,2024-02-04,243
90,51.02953535074823,2024-02-12,243
70,41.70992622910431,2024-02-17,243
90,51.86025984002721,2024-03-02,243
85,61.72283394215678,2024-03-11,243
90,81.1091175648744,2024-03-30,243
90,88.3909241348946,2024-04-04,243
73,73.74728710835319,2024-04-07,243
79,64.52372413650123,2024-04-15,243
90,63.46563008271174,2024-04-27,243
90,65.47022260012847,2024-05-02,243
88,65.09462471648152,2024-05-05,243
90,73.343435765085,2024-05-11,243
90,56.59488056619461,2024-05-15,243
88,76.96562049625376,2024-05-19,243
2,63.49345438004139,2022-08-07,243
0,53.582937323585085,2023-02-05,243
0,36.52182714208247,2023-02-12,243
0,32.070585772572926,2023-02-15,243
0,35.82646126815601,2023-02-18,243
0,31.00527091804031,2023-02-25,243
0,27.882905880652288,2023-03-04,243
0,22.32360588942437,2023-03-11,243
1,24.430205810173135,2023-04-01,243
0,24.995825821141267,2023-04-08,243
28,0.4892364406839391,2023-04-15,243
0,16.03544672419271,2023-04-26,243
0,5.823170722933625,2023-04-30,243
0,4.360483788914053,2023-05-03,243
0,1.5979175128162666,2023-05-06,243
0,-6.946552776732361,2023-05-14,243
90,-3.5471888712380206,2023-05-21,243
39,13.910982036809983,2023-05-24,243
90,23.454990207959824,2023-05-28,243
90,77.26849352896934,2025-01-19,198
74,74.95262766892962,2025-01-25,198
6,80.59135145848785,2025-02-14,198
66,63.07039676191579,2025-02-22,198
18,83.85802979958298,2025-02-25,198
68,71.77408569300083,2025-03-08,198
15,63.541282829391946,2025-03-15,198
90,50.30510632065565,2025-04-02,198
9,70.11130871507785,2025-04-05,198
90,47.60440481902272,2025-04-12,198
13,56.492466675849,2025-04-19,198
90,39.963647710806114,2025-04-26,198
21,38.48114601414049,2025-05-04,198
90,35.9604895434487,2025-05-10,198
73,30.64932673512557,2025-05-19,198
0,33.34690947466092,2023-08-12,198
0,2.3115013269120084,2024-01-22,198
0,2.3115013269120084,2024-01-30,198
0,2.3115013269120084,2024-02-03,198
0,2.3115013269120084,2024-02-10,198
0,2.3115013269120084,2024-02-18,198
0,2.3115013269120084,2024-02-24,198
0,2.3115013269120084,2024-03-02,198
0,2.3115013269120084,2024-03-10,198
0,2.3115013269120084,2024-03-31,198
0,2.3115013269120084,2024-04-03,198
0,2.3115013269120084,2024-04-06,198
0,2.3115013269120084,2024-04-13,198
0,2.3115013269120084,2024-04-25,198
0,2.3115013269120084,2024-04-28,198
0,2.3115013269120084,2024-05-05,198
0,2.3115013269120084,2024-05-11,198
0,2.3115013269120084,2024-05-15,198
0,2.3115013269120084,2024-05-19,198
0,2.3115013269120084,2023-02-04,198
0,28.050600556288387,2025-01-14,242
0,23.981360591575836,2025-01-20,242
29,27.54322023906829,2025-01-25,242
29,35.77789311513031,2025-02-03,242
90,46.11629041086299,2025-02-14,242
75,45.51976733671826,2025-02-22,242
82,48.50503866110954,2025-02-25,242
88,44.381662718387346,2025-03-09,242
75,53.83191286679302,2025-03-16,242
0,61.377038234092836,2025-04-03,242
45,54.68230119763149,2025-04-06,242
3,58.516928936351164,2025-04-13,242
0,44.37376851823019,2025-04-20,242
0,36.21101157959447,2025-04-26,242
0,31.618288807235857,2023-12-16,242
90,58.80963215241053,2025-01-15,64
90,64.4994648946574,2025-01-18,64
71,66.4247224961918,2025-01-26,64
90,76.21925724060227,2025-02-01,64
90,70.25345265652072,2025-02-15,64
90,71.18501402894414,2025-02-19,64
77,79.82131221076503,2025-02-22,64
90,56.82944822767526,2025-02-25,64
90,69.23447988369357,2025-03-08,64
87,72.9022290542992,2025-04-02,64
90,66.09662724794225,2025-04-05,64
84,71.91832078337205,2025-04-12,64
81,67.70597025925817,2025-04-19,64
85,67.98151755238386,2025-04-22,64
90,68.20519535756864,2025-05-03,64
88,68.9877620467927,2025-05-10,64
90,69.66319311457714,2025-05-16,64
9,62.86035127171046,2024-02-03,64
0,2.3115013269120084,2025-01-14,230
0,2.3115013269120084,2025-01-20,230
0,2.3115013269120084,2025-01-25,230
0,2.3115013269120084,2025-02-03,230
0,2.3115013269120084,2025-02-14,230
0,2.3115013269120084,2025-02-22,230
0,2.3115013269120084,2025-02-25,230
0,2.3115013269120084,2025-03-09,230
0,2.3115013269120084,2025-03-16,230
0,2.3115013269120084,2025-04-03,230
0,2.3115013269120084,2025-04-06,230
0,2.3115013269120084,2025-04-13,230
0,2.3115013269120084,2025-04-20,230
0,2.3115013269120084,2025-04-26,230
0,2.3115013269120084,2025-05-04,230
0,2.3115013269120084,2025-05-11,230
0,2.3115013269120084,2025-05-16,230
90,2.3115013269120084,2023-08-13,230
45,68.12374424047232,2024-01-31,230
90,56.80424328310213,2024-02-04,230
90,79.59186521751305,2024-02-12,230
90,82.01434293965384,2024-02-17,230
90,83.33378040425647,2024-03-02,230
90,84.37471756011531,2024-03-11,230
61,78.79894099444654,2024-03-30,230
88,90.75485974445048,2024-04-04,230
90,83.29833384465007,2024-04-07,230
90,83.6597011430299,2024-04-15,230
90,88.59701401434859,2024-04-23,230
90,76.15582561461669,2024-04-27,230
90,79.94562572749165,2024-05-02,230
90,81.0732849061524,2024-05-05,230
78,74.22352666624354,2024-05-11,230
90,78.04060553518492,2024-05-15,230
90,79.34771543383314,2024-05-19,230
1,73.3305211587244,2022-08-06,230
90,59.20350527608263,2023-02-03,230
11,54.87258316636127,2023-02-11,230
6,41.53943956151474,2023-02-18,230
0,37.0922692688205,2023-02-26,230
22,38.65561777134063,2023-03-04,230
45,45.69246692105125,2023-03-11,230
28,42.54130508354079,2023-03-18,230
10,29.786623777993128,2023-04-01,230
21,24.723758065631486,2023-04-04,230
90,37.95666469527657,2023-04-08,230
90,42.953271559485486,2023-04-15,230
45,53.09309693370194,2023-04-26,230
19,45.90875808909347,2023-05-02,230
90,37.08309501477255,2023-05-06,230
90,32.75410224715067,2023-05-13,230
68,41.93893147596408,2023-05-21,230
81,39.618337969462615,2023-05-25,230
69,29.491102827525992,2023-05-28,230
85,71.03236969973312,2025-01-15,780
90,67.56838073960127,2025-01-20,780
69,73.00305375682312,2025-01-25,780
0,66.28459079273094,2025-02-01,780
82,53.94453115426329,2025-02-16,780
45,54.47809769763933,2025-02-22,780
90,49.9544604717952,2025-02-25,780
90,55.44482662547645,2025-03-08,780
90,61.52865564859809,2025-03-15,780
90,64.08434799820111,2025-04-01,780
90,69.13290464943489,2025-04-05,780
82,70.2163251921409,2025-04-13,780
90,72.27368336922319,2025-04-20,780
90,66.88281978957895,2025-04-26,780
90,58.688826503440076,2025-05-02,780
59,64.0173865176214,2025-05-10,780
45,70.66495599988016,2025-05-20,780
87,80.76382812804715,2023-08-14,780
0,71.32704447573036,2024-01-22,780
8,77.09869499888556,2024-02-01,780
89,70.89988571561337,2024-02-04,780
62,73.29719397032977,2024-02-10,780
90,75.55728539893173,2024-02-17,780
90,83.24046649479362,2024-02-25,780
0,80.62601847783071,2024-03-02,780
90,78.38187127656434,2024-03-09,780
83,78.76502540434778,2024-03-30,780
90,88.03618153434314,2024-04-02,780
90,77.2158310793405,2024-04-06,780
58,73.92757597460371,2024-04-13,780
90,61.512965489826556,2024-04-20,780
63,67.53753205115123,2024-04-24,780
90,68.85347737289504,2024-04-27,780
90,83.65228380435133,2024-05-04,780
90,71.90878386499915,2024-05-11,780
90,68.23598460946056,2024-05-19,780
0,70.54949483854301,2023-02-04,780
6,14.03322276986944,2025-01-20,253
0,18.974530064737735,2025-01-25,253
0,15.613256241568848,2025-02-03,253
0,23.01418420811035,2025-02-14,253
0,23.29450222359415,2025-02-22,253
0,14.36365126022983,2025-02-25,253
0,9.965241275773366,2025-03-09,253
0,18.254703600117722,2025-03-16,253
0,23.745340309009336,2025-04-03,253
0,19.186465546242715,2025-04-06,253
0,16.21489665185875,2025-04-13,253
0,9.29660388902694,2025-04-20,253
0,11.635477150697554,2025-04-26,253
0,7.217595534967842,2025-05-04,253
0,14.99128444323533,2025-05-11,253
0,7.575448906975069,2025-05-16,253
0,5.071130134831932,2023-01-05,253
26,39.65538158494063,2023-05-25,253
31,40.095867366435186,2023-05-28,253
79,67.78106620901083,2025-01-18,466
79,75.8603365136481,2025-01-25,466
60,76.28878975261246,2025-02-01,466
90,66.14596171890045,2025-02-12,466
90,68.87771460670999,2025-02-16,466
80,60.627151959438535,2025-02-19,466
90,64.25026638485613,2025-02-23,466
86,68.58033006322208,2025-02-26,466
45,66.37663262584519,2025-03-08,466
90,68.32848120667809,2025-04-02,466
90,73.20829367321076,2025-04-06,466
90,72.11119941590384,2025-04-13,466
90,88.32646079286027,2025-04-20,466
82,88.55757972785014,2025-04-27,466
21,78.90129500508951,2025-05-04,466
24,51.1999609096856,2025-05-11,466
0,55.99106360490394,2025-05-19,466
90,43.973140715998284,2023-08-13,466
88,61.57976135677703,2024-02-21,466
90,63.50701506924393,2024-03-02,466
90,60.369537774231375,2024-03-10,466
90,65.17095382360489,2024-03-31,466
90,65.17624641889645,2024-04-04,466
90,66.52425195032674,2024-04-07,466
90,87.24787615654772,2024-04-14,466
16,81.5884464027103,2024-04-21,466
90,71.67222571733963,2024-04-24,466
90,69.77568237621473,2024-04-27,466
74,68.90039787003927,2024-05-05,466
90,76.21949203504525,2024-05-13,466
69,76.3122767322589,2024-05-19,466
90,68.07230088117643,2022-08-07,466
90,49.29547461183971,2023-02-11,466
90,77.44304404695994,2023-02-18,466
90,75.7605113084086,2023-03-04,466
90,69.5141794149021,2023-03-11,466
87,69.89418206137111,2023-03-15,466
90,77.25422250669045,2023-04-01,466
72,79.12626023872298,2023-04-04,466
90,73.62633533431,2023-04-08,466
90,79.52099770954622,2023-04-15,466
90,74.46688128055108,2023-04-26,466
25,83.86859596752024,2023-04-29,466
90,84.49522752961701,2023-05-04,466
90,75.71516184142162,2023-05-08,466
90,83.04457714736043,2023-05-14,466
34,86.07825280405687,2023-05-18,466
90,93.88814363689266,2023-05-21,466
38,81.88515705006704,2023-05-24,466
90,88.38262116935053,2023-05-28,466
0,2.3115013269120084,2025-01-14,614
0,2.3115013269120084,2025-01-19,614
0,2.3115013269120084,2025-01-25,614
0,2.3115013269120084,2025-02-01,614
0,2.3115013269120084,2025-02-15,614
0,2.3115013269120084,2025-02-23,614
0,2.3115013269120084,2025-02-26,614
0,2.3115013269120084,2025-03-08,614
0,2.3115013269120084,2025-03-15,614
0,2.3115013269120084,2025-04-01,614
0,2.3115013269120084,2025-04-05,614
0,2.3115013269120084,2025-04-12,614
0,2.3115013269120084,2025-04-21,614
0,2.3115013269120084,2025-05-01,614
0,2.3115013269120084,2025-05-05,614
0,2.3115013269120084,2025-05-11,614
0,2.3115013269120084,2025-05-18,614
0,2.3115013269120084,2023-08-12,614
0,2.3115013269120084,2024-02-04,614
0,2.3115013269120084,2024-02-10,614
0,2.3115013269120084,2024-02-17,614
0,2.3115013269120084,2024-02-24,614
0,2.3115013269120084,2024-03-02,614
0,2.3115013269120084,2024-03-10,614
0,2.3115013269120084,2024-03-16,614
0,2.3115013269120084,2024-03-30,614
0,2.3115013269120084,2024-04-02,614
0,2.3115013269120084,2024-04-07,614
0,2.3115013269120084,2024-04-13,614
0,2.3115013269120084,2024-04-21,614
0,2.3115013269120084,2024-04-28,614
0,2.3115013269120084,2024-05-04,614
0,2.3115013269120084,2024-05-11,614
0,2.3115013269120084,2024-05-19,614
7,2.3115013269120084,2022-08-06,614
0,1.8803867691992906,2023-05-08,614
0,2.3115013269120084,2023-05-13,614
0,2.3115013269120084,2023-05-20,614
0,2.3115013269120084,2023-05-28,614
0,2.3115013269120084,2025-01-14,127
0,2.3115013269120084,2025-01-18,127
0,2.3115013269120084,2025-01-26,127
0,2.3115013269120084,2025-02-02,127
0,2.3115013269120084,2025-02-15,127
0,2.3115013269120084,2025-02-21,127
0,2.3115013269120084,2025-02-26,127
0,2.3115013269120084,2025-03-08,127
0,2.3115013269120084,2025-03-15,127
0,2.3115013269120084,2025-04-02,127
0,2.3115013269120084,2025-04-06,127
0,2.3115013269120084,2025-04-12,127
0,2.3115013269120084,2025-04-19,127
0,2.3115013269120084,2025-05-01,127
0,2.3115013269120084,2025-05-04,127
0,2.3115013269120084,2025-05-10,127
0,2.3115013269120084,2025-05-18,127
0,2.3115013269120084,2023-08-13,127
60,21.75748517980911,2023-02-04,127
19,35.13633430818945,2023-02-11,127
62,25.450842876429775,2023-02-18,127
1,31.42455858994647,2023-03-06,127
28,27.008821541611027,2023-03-11,127
0,26.454824762581808,2023-03-15,127
29,23.933412293107736,2023-03-18,127
17,34.83868312374797,2023-04-01,127
28,42.65424170571451,2023-04-05,127
73,49.43877939523668,2023-04-08,127
60,53.17887132731322,2023-04-15,127
1,45.517665690554296,2023-04-22,127
0,43.60399220018131,2023-04-26,127
30,28.584651393601888,2023-04-29,127
18,30.457781944894407,2023-05-06,127
13,25.745671198937018,2023-05-14,127
1,23.097235220559455,2023-05-20,127
20,21.929964115147058,2023-05-28,127
90,64.77109722867978,2025-01-14,745
90,68.28496220209865,2025-01-18,745
90,71.9091069184534,2025-01-26,745
90,44.82217942688645,2025-02-03,745
45,42.60614251876842,2025-02-15,745
90,59.97429891637552,2025-02-22,745
89,53.982339442386674,2025-02-27,745
64,66.10123074872331,2025-03-10,745
90,61.70056893865828,2025-03-15,745
13,67.67394277873194,2025-04-01,745
53,76.63809625010356,2025-04-05,745
0,77.58139499515258,2025-04-13,745
10,70.29947406371261,2025-04-19,745
90,57.667234383300965,2025-04-26,745
79,85.37666055589516,2025-05-04,745
90,81.46935566227518,2025-05-11,745
57,84.06202212814618,2025-05-18,745
90,66.83638564368792,2023-08-12,745
90,60.03080129838992,2024-01-21,745
90,63.28562206263989,2024-02-01,745
71,77.11975226635815,2024-02-04,745
90,62.350596431298115,2024-02-11,745
7,69.1042546175216,2024-02-17,745
90,48.96049306847746,2024-02-26,745
90,49.82727025586432,2024-03-02,745
90,68.26499412097937,2024-03-10,745
90,83.94089257866419,2024-03-17,745
90,77.9598666109359,2024-03-30,745
90,77.29975468435802,2024-04-02,745
45,77.61887571953596,2024-04-06,745
21,84.91263174137526,2024-04-14,745
45,69.00663568789695,2024-04-21,745
73,73.42770504822153,2024-04-27,745
90,72.87252066224677,2024-05-05,745
90,81.98411446549854,2024-05-11,745
90,68.7950229000911,2024-05-19,745
0,34.72270966024264,2025-01-16,651
0,23.38468430527344,2025-01-19,651
2,30.655323502949344,2025-01-25,651
9,25.45868507535633,2025-02-01,651
0,26.052822125755185,2025-02-15,651
0,28.343629475722324,2025-02-22,651
0,18.681199551057873,2025-02-25,651
19,15.710818682386474,2025-03-08,651
0,17.525603989768925,2025-03-15,651
0,18.486971238752645,2025-04-02,651
0,3.8979459840083877,2025-04-06,651
0,1.156701857978348,2025-04-12,651
0,-2.768123945590972,2025-04-19,651
0,3.0988557478102337,2025-04-26,651
0,0.6558263966782079,2025-05-03,651
0,-3.217310640465044,2025-05-10,651
0,-3.5734860678657725,2025-05-18,651
0,-8.948581262817171,2023-08-12,651
18,75.74856193703258,2024-01-22,651
0,66.2958254075505,2024-01-30,651
2,72.9607527503172,2024-02-03,651
56,57.11018913698254,2024-02-10,651
0,60.49613628017971,2024-02-18,651
15,30.364126651980442,2024-02-24,651
58,38.889197599037345,2024-03-02,651
10,46.25646522301173,2024-03-10,651
7,28.003284013235813,2024-03-31,651
63,27.621737337278333,2024-04-03,651
0,44.668844256389846,2024-04-06,651
13,43.21700195276382,2024-04-13,651
45,51.153828763720966,2024-04-25,651
0,48.2195240633839,2024-04-28,651
0,38.389985134217156,2024-05-05,651
0,42.33564601036049,2024-05-11,651
0,47.29062501211531,2024-05-15,651
56,42.88725978698224,2024-05-19,651
75,63.27701379443499,2022-08-07,651
0,24.5622031084673,2023-05-08,651
0,18.556812190234623,2023-05-14,651
0,11.814506958697223,2023-05-18,651
0,17.414447526656048,2023-05-21,651
0,9.843841657183106,2023-05-24,651
0,22.148168722164954,2023-05-28,651
0,-0.27751817460585926,2025-01-16,171
0,1.8803867691992906,2025-01-19,171
0,2.3115013269120084,2025-01-25,171
0,2.3115013269120084,2025-02-01,171
0,2.3115013269120084,2025-02-14,171
0,2.3115013269120084,2025-02-22,171
0,2.3115013269120084,2025-02-25,171
0,2.3115013269120084,2025-03-08,171
0,2.3115013269120084,2025-03-15,171
0,2.3115013269120084,2025-04-02,171
0,2.3115013269120084,2025-04-05,171
0,2.3115013269120084,2025-04-12,171
0,2.3115013269120084,2025-04-19,171
0,2.3115013269120084,2025-04-26,171
0,2.3115013269120084,2025-05-04,171
0,2.3115013269120084,2025-05-10,171
0,2.3115013269120084,2025-05-19,171
16,2.3115013269120084,2023-08-12,171
90,37.01954743082922,2024-01-22,171
60,54.584918469622465,2024-01-30,171
90,54.779803653232946,2024-02-03,171
90,55.41485069757776,2024-02-10,171
90,44.77240183034995,2024-02-18,171
80,62.06812281019346,2024-02-24,171
0,47.71289660126841,2024-03-02,171
0,35.73738930088852,2024-03-10,171
0,31.17732851984468,2024-03-31,171
0,33.95341740748,2024-04-03,171
0,34.0243200993357,2024-04-06,171
0,38.39683681112878,2024-04-13,171
0,32.84296177542622,2024-04-25,171
90,30.329892508866266,2024-04-28,171
87,51.86245048788845,2024-05-05,171
86,56.39533857477639,2024-05-11,171
69,70.5282164049865,2024-05-15,171
9,73.60270685257548,2024-05-19,171
0,49.241705483367554,2022-08-06,171
0,14.951618197232804,2023-02-11,171
0,10.994076110304903,2023-02-18,171
0,19.19339916153099,2023-03-04,171
0,15.672536319281036,2023-03-11,171
0,22.71757370352738,2023-03-15,171
0,25.050120827595308,2023-04-01,171
0,14.746733447183146,2023-04-04,171
0,10.086869801358432,2023-04-08,171
0,2.052400628269311,2023-04-15,171
0,0.7191307687610617,2023-04-26,171
90,-3.063433870345122,2023-04-29,171
74,11.80270058127681,2023-05-04,171
12,14.804712317494236,2023-05-08,171
59,5.2836311662886,2023-05-14,171
55,23.193532455232642,2023-05-18,171
1,36.12180308575233,2023-05-21,171
51,21.43771143042092,2023-05-24,171
0,17.96840880729043,2023-05-28,171
0,9.386827642036337,2025-01-26,292
0,11.162409980518433,2025-02-02,292
0,2.5609321484997025,2025-02-15,292
0,2.3468188578624165,2025-02-22,292
0,7.111223837882662,2025-02-25,292
0,13.11022273495955,2025-03-08,292
0,4.086552573239814,2025-04-02,292
0,1.3103831685343863,2025-04-05,292
0,1.880386084488137,2025-04-12,292
0,2.3115013269120084,2025-04-16,292
0,2.3115013269120084,2025-04-19,292
0,2.3115013269120084,2025-04-23,292
0,2.3115013269120084,2025-05-05,292
0,2.3115013269120084,2025-05-11,292
0,2.3115013269120084,2025-05-20,292
19,77.16082742320378,2025-01-16,386
90,55.814069809158,2025-01-19,386
90,53.15169477641207,2025-01-25,386
90,52.19402696865822,2025-02-01,386
0,68.61488638273906,2025-02-15,386
10,50.4760326491877,2025-02-22,386
65,44.5161180934835,2025-02-26,386
0,41.116443372395935,2025-03-08,386
0,24.86914362518405,2025-03-15,386
81,17.631610209362023,2025-04-02,386
90,35.972305834774446,2025-04-05,386
90,33.613644197498516,2025-04-13,386
90,43.14597559684398,2025-04-20,386
90,38.187834906221795,2025-04-26,386
67,39.5675300884342,2025-05-03,386
90,27.64859343438188,2025-05-10,386
87,28.464872958660905,2025-05-18,386
90,41.39466913023141,2025-01-16,382
72,51.966928194415914,2025-01-19,382
78,56.19304801822818,2025-01-25,382
90,61.57110917335108,2025-02-01,382
90,56.62435366755318,2025-02-15,382
90,57.396266215772606,2025-02-22,382
65,71.69007250970178,2025-02-26,382
23,66.46487774040227,2025-03-08,382
90,59.678081045664584,2025-03-15,382
0,55.44473532281887,2025-04-02,382
0,51.157226955141525,2025-04-05,382
0,57.832897805268004,2025-04-13,382
0,72.09186338960973,2025-04-20,382
0,60.46713011210146,2025-04-26,382
90,56.0265826199663,2025-05-03,382
90,92.39394716666465,2025-05-10,382
90,82.12711053111138,2025-05-18,382
0,2.3115013269120084,2025-01-18,467
0,2.3115013269120084,2025-01-25,467
0,2.3115013269120084,2025-02-01,467
0,2.3115013269120084,2025-02-12,467
0,2.3115013269120084,2025-02-16,467
0,2.3115013269120084,2025-02-19,467
0,2.3115013269120084,2025-02-23,467
0,2.3115013269120084,2025-02-26,467
0,2.3115013269120084,2025-03-08,467
0,2.3115013269120084,2025-04-02,467
0,2.3115013269120084,2025-04-06,467
0,2.3115013269120084,2025-04-13,467
0,2.3115013269120084,2025-04-20,467
0,2.3115013269120084,2025-04-27,467
0,2.3115013269120084,2025-05-04,467
0,2.3115013269120084,2025-05-11,467
0,2.3115013269120084,2025-05-19,467
0,2.3115013269120084,2023-08-13,467
0,3.6448569816070773,2024-01-21,467
0,0.605550238143806,2024-01-31,467
0,-1.145742226951839,2024-02-04,467
1,0.08555972146209001,2024-02-10,467
0,-0.2514587798495711,2024-02-17,467
1,-13.162113428534738,2024-02-21,467
0,21.869118158185714,2024-03-02,467
0,31.0649267647685,2024-03-10,467
0,12.097162604452578,2024-03-31,467
0,1.0573680246723285,2024-04-04,467
0,9.576544100308453,2024-04-07,467
0,22.380567357620137,2024-04-14,467
0,15.859936449787227,2024-04-21,467
0,6.546161085154864,2024-04-24,467
0,12.151092341540746,2024-04-27,467
0,7.331584309810026,2024-05-05,467
0,10.533228558489483,2024-05-13,467
0,11.57931705095406,2024-05-19,467
0,2.3115013269120084,2024-01-20,808
0,2.3115013269120084,2024-01-30,808
0,2.3115013269120084,2024-02-04,808
0,2.3115013269120084,2024-02-11,808
0,2.3115013269120084,2024-02-17,808
0,2.3115013269120084,2024-02-24,808
0,2.3115013269120084,2024-03-04,808
0,2.3115013269120084,2024-03-09,808
0,2.3115013269120084,2024-03-31,808
0,2.3115013269120084,2024-04-03,808
0,2.3115013269120084,2024-04-06,808
0,2.3115013269120084,2024-04-14,808
0,2.3115013269120084,2024-04-20,808
0,2.3115013269120084,2024-04-23,808
0,2.3115013269120084,2024-04-28,808
0,2.3115013269120084,2024-05-04,808
0,2.3115013269120084,2024-05-12,808
0,2.3115013269120084,2024-05-19,808
0,2.3115013269120084,2022-08-05,808
0,-1.1802178187692078,2023-02-11,808
0,1.1669339913727157,2023-02-15,808
0,4.203378852052467,2023-02-18,808
0,0.8793679417336051,2023-02-25,808
0,4.086552573239814,2023-03-01,808
0,1.3103831685343863,2023-03-04,808
0,1.880386084488137,2023-03-12,808
0,2.3115013269120084,2023-03-19,808
0,2.3115013269120084,2023-04-01,808
0,2.3115013269120084,2023-04-09,808
0,2.3115013269120084,2023-04-16,808
0,2.3115013269120084,2023-04-21,808
0,2.3115013269120084,2023-04-26,808
0,2.3115013269120084,2023-05-02,808
0,2.3115013269120084,2023-05-07,808
0,2.3115013269120084,2023-05-14,808
0,2.3115013269120084,2023-05-20,808
0,2.3115013269120084,2023-05-28,808
0,2.3115013269120084,2024-01-30,1013
0,2.3115013269120084,2024-02-03,1013
0,2.3115013269120084,2024-02-10,1013
0,2.3115013269120084,2024-02-18,1013
0,2.3115013269120084,2024-02-21,1013
0,2.3115013269120084,2024-03-02,1013
0,2.3115013269120084,2024-03-09,1013
0,2.3115013269120084,2024-03-13,1013
0,2.3115013269120084,2024-03-16,1013
0,2.3115013269120084,2024-03-30,1013
0,2.3115013269120084,2024-04-03,1013
0,2.3115013269120084,2024-04-06,1013
0,2.3115013269120084,2024-04-13,1013
0,2.3115013269120084,2024-04-20,1013
0,2.3115013269120084,2024-04-27,1013
0,2.3115013269120084,2024-05-03,1013
0,2.3115013269120084,2024-05-11,1013
0,2.3115013269120084,2024-05-19,1013
0,6.703565374913865,2024-05-11,1132
0,10.921232761339454,2024-05-19,1132
0,-3.0387547187994244,2022-08-06,1132
0,28.913346388115627,2023-02-04,1132
12,26.43858055670563,2023-02-13,1132
16,24.215869851267527,2023-02-18,1132
8,28.816077936890494,2023-02-25,1132
11,33.65510498913294,2023-03-01,1132
1,36.47521599709296,2023-03-05,1132
10,29.32852443402706,2023-03-11,1132
0,29.458066279204928,2023-03-18,1132
7,20.323474921891247,2023-04-03,1132
30,18.88387092768184,2023-04-08,1132
21,33.44028182054386,2023-04-15,1132
0,27.050105824674574,2023-04-22,1132
0,23.869891629036488,2023-04-27,1132
0,18.982927913233965,2023-05-01,1132
0,26.57075987487741,2023-05-08,1132
0,31.40236266401243,2023-05-14,1132
0,20.342511706261433,2023-05-20,1132
0,14.03960037055252,2023-05-28,1132
0,2.3115013269120084,2024-01-20,1094
0,2.3115013269120084,2024-01-30,1094
0,2.3115013269120084,2024-02-04,1094
0,2.3115013269120084,2024-02-10,1094
0,2.3115013269120084,2024-02-17,1094
0,2.3115013269120084,2024-02-24,1094
0,2.3115013269120084,2024-03-02,1094
0,2.3115013269120084,2024-03-10,1094
0,2.3115013269120084,2024-03-16,1094
0,2.3115013269120084,2024-03-30,1094
0,2.3115013269120084,2024-04-02,1094
0,2.3115013269120084,2024-04-07,1094
0,2.3115013269120084,2024-04-13,1094
0,2.3115013269120084,2024-04-21,1094
0,2.3115013269120084,2024-04-28,1094
0,2.3115013269120084,2024-05-04,1094
0,2.3115013269120084,2024-05-11,1094
0,2.3115013269120084,2024-05-19,1094
0,2.3115013269120084,2022-10-16,1094
64,38.67013375666872,2023-04-08,1094
0,45.69787094963955,2023-04-16,1094
0,46.01125945400598,2023-04-22,1094
0,59.55654387657516,2023-04-26,1094
0,57.215118984532815,2023-04-29,1094
0,55.39484131726722,2023-05-08,1094
0,51.17772077279601,2023-05-13,1094
0,43.974499138546435,2023-05-20,1094
0,24.537188443426302,2023-05-28,1094
0,2.3115013269120084,2024-01-12,883
0,2.3115013269120084,2024-01-31,883
0,2.3115013269120084,2024-02-03,883
0,2.3115013269120084,2024-02-10,883
0,2.3115013269120084,2024-02-17,883
0,2.3115013269120084,2024-02-24,883
0,2.3115013269120084,2024-03-03,883
0,2.3115013269120084,2024-03-10,883
0,2.3115013269120084,2024-03-16,883
0,2.3115013269120084,2024-03-30,883
0,2.3115013269120084,2024-04-02,883
0,2.3115013269120084,2024-04-06,883
0,2.3115013269120084,2024-04-13,883
0,2.3115013269120084,2024-04-20,883
0,2.3115013269120084,2024-04-27,883
0,2.3115013269120084,2024-05-04,883
0,2.3115013269120084,2024-05-11,883
0,2.3115013269120084,2024-01-13,919
0,2.3115013269120084,2024-01-31,919
0,2.3115013269120084,2024-02-04,919
0,2.3115013269120084,2024-02-12,919
0,2.3115013269120084,2024-02-17,919
0,2.3115013269120084,2024-03-02,919
0,2.3115013269120084,2024-03-11,919
0,2.3115013269120084,2024-03-30,919
0,2.3115013269120084,2024-04-04,919
0,2.3115013269120084,2024-04-07,919
0,2.3115013269120084,2024-04-15,919
0,2.3115013269120084,2024-04-23,919
0,2.3115013269120084,2024-04-27,919
0,2.3115013269120084,2024-05-02,919
0,2.3115013269120084,2024-05-05,919
0,2.3115013269120084,2024-05-11,919
0,2.3115013269120084,2024-05-15,919
0,2.3115013269120084,2024-05-19,919
25,2.3115013269120084,2022-08-06,919
0,32.692678892865544,2023-04-04,919
29,43.82084610815993,2023-04-08,919
55,47.63266702314428,2023-04-15,919
0,62.10668779843713,2023-04-26,919
0,39.523635103709296,2023-05-02,919
0,34.74542746868383,2023-05-06,919
0,25.45019264396622,2023-05-13,919
5,35.98076341560338,2023-05-21,919
26,47.113603969507025,2023-05-25,919
2,62.007278851544925,2023-05-28,919
0,2.3115013269120084,2024-01-30,999
0,2.3115013269120084,2024-02-03,999
0,2.3115013269120084,2024-02-10,999
0,2.3115013269120084,2024-02-18,999
0,2.3115013269120084,2024-02-21,999
0,2.3115013269120084,2024-03-02,999
0,2.3115013269120084,2024-03-09,999
0,2.3115013269120084,2024-03-13,999
0,2.3115013269120084,2024-03-16,999
0,2.3115013269120084,2024-03-30,999
0,2.3115013269120084,2024-04-03,999
0,2.3115013269120084,2024-04-06,999
0,2.3115013269120084,2024-04-13,999
0,2.3115013269120084,2024-04-20,999
0,2.3115013269120084,2024-04-27,999
0,2.3115013269120084,2024-05-03,999
0,2.3115013269120084,2024-05-11,999
0,2.3115013269120084,2024-05-19,999
0,2.3115013269120084,2024-01-30,1008
0,2.3115013269120084,2024-02-03,1008
0,2.3115013269120084,2024-02-10,1008
0,2.3115013269120084,2024-02-18,1008
0,2.3115013269120084,2024-02-21,1008
0,2.3115013269120084,2024-03-02,1008
0,2.3115013269120084,2024-03-09,1008
0,2.3115013269120084,2024-03-13,1008
0,2.3115013269120084,2024-03-16,1008
0,2.3115013269120084,2024-03-30,1008
0,2.3115013269120084,2024-04-03,1008
0,2.3115013269120084,2024-04-06,1008
0,2.3115013269120084,2024-04-13,1008
0,2.3115013269120084,2024-04-20,1008
0,2.3115013269120084,2024-04-27,1008
0,2.3115013269120084,2024-05-03,1008
0,2.3115013269120084,2024-05-11,1008
0,2.3115013269120084,2024-05-19,1008
0,2.3115013269120084,2024-01-13,1069
0,2.3115013269120084,2024-01-30,1069
0,2.3115013269120084,2024-02-03,1069
0,2.3115013269120084,2024-02-10,1069
0,2.3115013269120084,2024-02-17,1069
0,2.3115013269120084,2024-02-24,1069
0,2.3115013269120084,2024-03-02,1069
0,2.3115013269120084,2024-03-11,1069
0,2.3115013269120084,2024-03-30,1069
0,2.3115013269120084,2024-04-02,1069
0,2.3115013269120084,2024-04-06,1069
0,2.3115013269120084,2024-04-13,1069
0,2.3115013269120084,2024-04-24,1069
0,2.3115013269120084,2024-04-27,1069
0,2.3115013269120084,2024-05-04,1069
0,2.3115013269120084,2024-05-11,1069
0,2.3115013269120084,2024-05-15,1069
0,2.3115013269120084,2024-05-19,1069
89,2.3115013269120084,2022-08-06,1069
63,49.23120947149006,2023-04-05,1069
12,28.756008857283845,2023-05-07,1069
17,23.355912597551068,2023-05-13,1069
1,30.916636333211912,2023-05-18,1069
22,31.417106656134067,2023-05-22,1069
68,47.71150714507151,2023-05-28,1069
6,26.717104823102233,2024-01-12,907
0,19.32407196901191,2024-01-31,907
3,21.45398261512325,2024-02-03,907
4,20.866787166857293,2024-02-10,907
10,18.96868754803903,2024-02-17,907
0,35.326050316060545,2024-02-24,907
68,15.690854203149613,2024-03-03,907
45,23.127585116796496,2024-03-10,907
68,26.069172841835567,2024-03-16,907
45,46.82922982899727,2024-03-30,907
72,34.23809090094926,2024-04-02,907
68,57.710908725215766,2024-04-06,907
85,57.41686695363569,2024-04-13,907
58,50.48230825552113,2024-04-20,907
71,33.42714088223282,2024-04-27,907
61,37.67239242914228,2024-05-04,907
80,26.047748750558213,2024-05-11,907
45,45.39878155772165,2024-05-19,907
0,31.53163052859564,2024-01-21,1121
0,36.15677230104464,2024-01-30,1121
40,32.306594391593265,2024-02-03,1121
90,27.854261679494442,2024-02-10,1121
78,42.48895069283962,2024-02-18,1121
18,34.538378484678304,2024-02-25,1121
73,34.18495047118482,2024-03-04,1121
90,56.159570238038086,2024-03-09,1121
90,44.78313938716923,2024-03-30,1121
28,44.034639987947926,2024-04-04,1121
90,27.193972609756187,2024-04-07,1121
90,57.28353935364634,2024-04-13,1121
90,50.616235144476875,2024-04-20,1121
90,54.40483923222247,2024-04-24,1121
90,52.35010023007723,2024-04-27,1121
90,46.776962306676594,2024-05-04,1121
0,60.64240915204887,2024-05-11,1121
4,59.7260478427469,2024-05-19,1121
22,43.192548783944986,2024-01-30,1020
22,34.30404973689083,2024-02-03,1020
0,26.821375769503064,2024-02-10,1020
0,17.537075659557985,2024-02-18,1020
45,24.331517183840432,2024-02-21,1020
6,44.06141632375066,2024-03-02,1020
0,31.07136822329707,2024-03-09,1020
22,24.058912870923407,2024-03-13,1020
59,24.5632098525502,2024-03-16,1020
90,28.460126502135623,2024-03-30,1020
53,49.30834623981592,2024-04-03,1020
0,41.048871929818645,2024-04-06,1020
13,42.03316087420532,2024-04-13,1020
9,57.23911352327565,2024-04-20,1020
0,51.3198801048796,2024-04-27,1020
0,37.91804954499689,2024-05-03,1020
0,19.590739187055775,2024-05-11,1020
20,24.40649025210992,2024-05-19,1020
19,52.03003248684915,2024-01-30,1021
0,42.02115755116124,2024-02-03,1021
37,18.818864021692747,2024-02-10,1021
67,37.596713957225774,2024-02-18,1021
62,35.88296802769504,2024-02-21,1021
83,47.05904619020862,2024-03-02,1021
87,44.81765273748931,2024-03-09,1021
72,52.829768213118555,2024-03-13,1021
90,43.314921701889574,2024-03-16,1021
73,51.08659674671243,2024-03-30,1021
37,25.185027347965146,2024-04-03,1021
79,17.603692876451845,2024-04-06,1021
90,27.217123937501228,2024-04-13,1021
70,33.393244454996946,2024-04-20,1021
90,43.54445818015273,2024-04-27,1021
86,40.199714368920795,2024-05-03,1021
90,50.802912230197734,2024-05-11,1021
90,63.27162131968317,2024-05-19,1021
0,54.84807851470081,2024-01-30,1120
0,60.75335473700489,2024-02-03,1120
9,56.0007053842121,2024-02-10,1120
11,58.74976526538856,2024-02-18,1120
81,55.1784690865241,2024-02-25,1120
16,68.23409175346214,2024-03-04,1120
10,56.67482674813057,2024-03-09,1120
5,40.21875863416085,2024-03-30,1120
0,29.902831026839053,2024-04-04,1120
0,32.42713390085228,2024-04-07,1120
0,32.105642603503895,2024-04-13,1120
12,30.634693627957063,2024-04-20,1120
12,29.470021441396142,2024-04-24,1120
0,33.38133617944453,2024-04-27,1120
0,18.070565782054885,2024-05-04,1120
0,25.36450427138176,2024-05-11,1120
0,28.74515890827064,2024-05-19,1120
0,2.3115013269120084,2024-02-24,958
0,2.3115013269120084,2024-03-02,958
0,2.3115013269120084,2024-03-09,958
0,2.3115013269120084,2024-03-30,958
0,2.3115013269120084,2024-04-02,958
0,2.3115013269120084,2024-04-06,958
0,2.3115013269120084,2024-04-15,958
0,2.3115013269120084,2024-04-21,958
0,2.3115013269120084,2024-04-24,958
0,2.3115013269120084,2024-04-27,958
0,2.3115013269120084,2024-05-03,958
0,2.3115013269120084,2024-05-11,958
0,2.3115013269120084,2024-05-19,958
0,2.3115013269120084,2024-01-30,1015
0,2.3115013269120084,2024-02-03,1015
0,2.3115013269120084,2024-02-10,1015
0,2.3115013269120084,2024-02-18,1015
0,2.3115013269120084,2024-02-21,1015
0,2.3115013269120084,2024-03-02,1015
0,2.3115013269120084,2024-03-09,1015
0,2.3115013269120084,2024-03-13,1015
0,2.3115013269120084,2024-03-16,1015
0,2.3115013269120084,2024-03-30,1015
0,2.3115013269120084,2024-04-03,1015
0,2.3115013269120084,2024-04-06,1015
0,2.3115013269120084,2024-04-13,1015
0,2.3115013269120084,2024-04-20,1015
0,2.3115013269120084,2024-04-27,1015
0,2.3115013269120084,2024-05-03,1015
0,2.3115013269120084,2024-05-11,1015
0,2.3115013269120084,2024-05-19,1015
0,2.3115013269120084,2024-01-21,1156
0,2.3115013269120084,2024-02-01,1156
0,2.3115013269120084,2024-02-04,1156
0,2.3115013269120084,2024-02-11,1156
0,2.3115013269120084,2024-02-17,1156
0,2.3115013269120084,2024-02-26,1156
0,2.3115013269120084,2024-03-02,1156
0,2.3115013269120084,2024-03-10,1156
0,2.3115013269120084,2024-03-17,1156
0,2.3115013269120084,2024-03-30,1156
0,2.3115013269120084,2024-04-02,1156
0,2.3115013269120084,2024-04-06,1156
0,2.3115013269120084,2024-04-14,1156
0,2.3115013269120084,2024-04-21,1156
0,2.3115013269120084,2024-04-27,1156
0,2.3115013269120084,2024-05-05,1156
0,2.3115013269120084,2024-05-11,1156
0,2.3115013269120084,2024-05-19,1156
1,2.3115013269120084,2022-08-07,1156
0,2.3115013269120084,2024-04-25,872
0,2.3115013269120084,2024-04-28,872
0,2.3115013269120084,2024-05-05,872
0,2.3115013269120084,2024-05-11,872
0,2.3115013269120084,2024-05-15,872
0,2.3115013269120084,2024-05-19,872
0,2.3115013269120084,2024-01-14,1146
0,2.3115013269120084,2024-01-31,1146
0,2.3115013269120084,2024-02-03,1146
0,2.3115013269120084,2024-02-10,1146
0,2.3115013269120084,2024-02-17,1146
0,2.3115013269120084,2024-03-02,1146
0,2.3115013269120084,2024-03-10,1146
0,2.3115013269120084,2024-03-16,1146
0,2.3115013269120084,2024-03-30,1146
0,2.3115013269120084,2024-04-02,1146
0,2.3115013269120084,2024-04-07,1146
0,2.3115013269120084,2024-04-13,1146
0,2.3115013269120084,2024-04-28,1146
0,2.3115013269120084,2024-05-02,1146
0,2.3115013269120084,2024-05-05,1146
0,2.3115013269120084,2024-05-11,1146
0,2.3115013269120084,2024-05-14,1146
0,2.3115013269120084,2024-05-19,1146
0,2.3115013269120084,2024-01-31,1037
0,2.3115013269120084,2024-02-05,1037
0,2.3115013269120084,2024-02-10,1037
0,2.3115013269120084,2024-02-17,1037
0,2.3115013269120084,2024-02-20,1037
0,2.3115013269120084,2024-02-24,1037
0,2.3115013269120084,2024-03-03,1037
0,2.3115013269120084,2024-03-10,1037
0,2.3115013269120084,2024-03-31,1037
0,2.3115013269120084,2024-04-03,1037
0,2.3115013269120084,2024-04-06,1037
0,2.3115013269120084,2024-04-13,1037
0,2.3115013269120084,2024-04-25,1037
0,2.3115013269120084,2024-04-28,1037
0,2.3115013269120084,2024-05-04,1037
0,2.3115013269120084,2024-05-11,1037
0,2.3115013269120084,2024-05-14,1037
0,2.3115013269120084,2024-05-19,1037
2,2.3115013269120084,2022-08-07,1037
58,34.914268133497444,2023-02-05,1037
84,36.9573759413434,2023-02-12,1037
60,47.81246851288587,2023-02-15,1037
0,43.867770722503366,2023-02-18,1037
18,49.393183119259405,2023-02-25,1037
0,54.543999678373936,2023-03-04,1037
0,59.543351408634045,2023-03-11,1037
90,59.41826170853471,2023-04-01,1037
55,76.64250304038946,2023-04-08,1037
90,72.12295716387946,2023-04-15,1037
18,76.11489472601461,2023-04-26,1037
82,51.81347280248053,2023-04-30,1037
90,75.37103789563541,2023-05-03,1037
90,61.43415377290288,2023-05-06,1037
90,58.968139984164154,2023-05-14,1037
73,51.0368445699813,2023-05-21,1037
90,49.81768169909638,2023-05-24,1037
90,59.32520117743178,2023-05-28,1037
0,2.3115013269120084,2024-01-21,978
0,2.3115013269120084,2024-01-31,978
0,2.3115013269120084,2024-02-04,978
0,2.3115013269120084,2024-02-10,978
0,2.3115013269120084,2024-02-17,978
0,2.3115013269120084,2024-02-21,978
0,2.3115013269120084,2024-03-02,978
0,2.3115013269120084,2024-03-10,978
0,2.3115013269120084,2024-03-31,978
0,2.3115013269120084,2024-04-04,978
0,2.3115013269120084,2024-04-07,978
0,2.3115013269120084,2024-04-14,978
0,2.3115013269120084,2024-04-21,978
0,2.3115013269120084,2024-04-24,978
0,2.3115013269120084,2024-04-27,978
0,2.3115013269120084,2024-05-05,978
0,2.3115013269120084,2024-05-13,978
0,2.3115013269120084,2024-05-19,978
90,2.3115013269120084,2022-08-06,978
58,40.459249395588344,2023-02-18,978
90,41.270015794521484,2023-02-25,978
11,55.726205837679935,2023-03-01,978
77,53.208966502671586,2023-03-05,978
25,63.36414672665409,2023-03-11,978
90,57.39938333124711,2023-04-01,978
90,67.14206593651541,2023-04-04,978
90,57.968827963370664,2023-04-09,978
80,58.64854825832104,2023-04-17,978
90,55.46828399271326,2023-04-22,978
58,49.33229008012796,2023-04-26,978
27,61.92357355371156,2023-04-30,978
90,52.61323287854114,2023-05-03,978
17,65.62187732589308,2023-05-06,978
73,41.94531215528815,2023-05-15,978
71,39.49368891599944,2023-05-20,978
33,63.02094216371312,2023-05-28,978
0,48.42134087418768,2024-04-24,948
0,45.52217015910372,2024-04-27,948
36,45.77710435565916,2024-05-03,948
24,33.306218508187,2024-05-11,948
0,30.32516489789562,2024-05-19,948
0,16.50737701520073,2022-08-06,948
0,2.3115013269120084,2023-02-04,948
0,2.3115013269120084,2023-02-13,948
0,2.3115013269120084,2023-02-18,948
0,2.3115013269120084,2023-02-25,948
0,2.3115013269120084,2023-03-01,948
0,2.3115013269120084,2023-03-05,948
0,2.3115013269120084,2023-03-11,948
0,2.3115013269120084,2023-03-18,948
0,2.3115013269120084,2023-04-03,948
0,2.3115013269120084,2023-04-08,948
0,2.3115013269120084,2023-04-15,948
0,2.3115013269120084,2023-04-22,948
0,2.3115013269120084,2023-04-27,948
0,2.3115013269120084,2023-05-01,948
0,2.3115013269120084,2023-05-08,948
0,2.3115013269120084,2023-05-14,948
0,2.3115013269120084,2023-05-20,948
0,2.3115013269120084,2023-05-28,948
0,2.3115013269120084,2024-05-02,1152
0,2.3115013269120084,2024-05-05,1152
0,2.3115013269120084,2024-05-11,1152
0,2.3115013269120084,2024-05-14,1152
0,2.3115013269120084,2024-05-19,1152
0,2.3115013269120084,2023-05-28,1152
0,2.3115013269120084,2024-01-21,980
0,2.3115013269120084,2024-01-31,980
5,2.3115013269120084,2024-02-04,980
0,13.479585736245454,2024-02-10,980
0,7.0679932439152395,2024-02-17,980
0,3.5406440540208592,2024-02-21,980
0,4.5596795730744475,2024-03-02,980
0,-0.4999619830227431,2024-03-10,980
0,0.5194345308810853,2024-03-31,980
0,3.7255777877170857,2024-04-04,980
0,3.1773070170751083,2024-04-07,980
0,3.6448563597879797,2024-04-14,980
0,0.6055505675355022,2024-04-21,980
0,-1.145741952761412,2024-04-24,980
0,0.08555990282842174,2024-04-27,980
0,-1.7559712702600194,2024-05-05,980
0,-1.1802174908180945,2024-05-13,980
0,1.1669354575378037,2024-05-19,980
50,4.203381033484874,2022-08-06,980
0,5.59195856944423,2023-02-04,1368
0,11.531476237156454,2023-02-11,1368
0,3.794261730076144,2023-02-19,1368
7,-4.401161935505186,2023-02-25,1368
15,4.370256520801391,2023-03-04,1368
0,5.823507319605298,2023-03-12,1368
0,4.568489866754462,2023-04-02,1368
0,-3.3840811123224057,2023-04-05,1368
0,-5.808700480287214,2023-04-08,1368
0,-6.6944761350732875,2023-04-16,1368
0,1.831284588175663,2023-04-23,1368
0,-0.8512045820371839,2023-04-26,1368
0,6.130060915172095,2023-04-29,1368
0,9.512317578051224,2023-05-03,1368
0,8.652533257997845,2023-05-07,1368
90,4.831234124546455,2023-05-14,1368
6,12.673083017134317,2023-05-21,1368
4,9.633550410623272,2023-05-28,1368
0,11.664301128360108,2023-02-04,1224
0,7.129588499561962,2023-02-11,1224
0,7.587749570817337,2023-02-18,1224
0,5.28898583386993,2023-02-25,1224
0,1.155464823622097,2023-03-04,1224
60,5.721046579612803,2023-03-11,1224
0,15.325990062013517,2023-03-15,1224
64,4.609722234154603,2023-03-19,1224
0,26.64777786995647,2023-04-01,1224
10,33.66953774149029,2023-04-09,1224
5,34.79752346256112,2023-04-15,1224
12,18.816265491737795,2023-04-22,1224
64,23.60685512924219,2023-04-25,1224
1,37.67106619665812,2023-04-29,1224
0,28.53874197060496,2023-05-06,1224
0,28.60517565946941,2023-05-13,1224
0,26.507807605022677,2023-05-20,1224
0,27.801976578711063,2023-05-28,1224
0,2.3115013269120084,2023-02-04,1233
0,2.3115013269120084,2023-02-13,1233
0,2.3115013269120084,2023-02-18,1233
0,2.3115013269120084,2023-02-25,1233
0,2.3115013269120084,2023-03-01,1233
0,2.3115013269120084,2023-03-05,1233
0,2.3115013269120084,2023-03-11,1233
0,2.3115013269120084,2023-03-18,1233
0,2.3115013269120084,2023-04-03,1233
0,2.3115013269120084,2023-04-08,1233
0,2.3115013269120084,2023-04-15,1233
0,2.3115013269120084,2023-04-22,1233
0,2.3115013269120084,2023-04-27,1233
0,2.3115013269120084,2023-05-01,1233
0,2.3115013269120084,2023-05-08,1233
0,2.3115013269120084,2023-05-14,1233
0,2.3115013269120084,2023-05-20,1233
0,2.3115013269120084,2023-05-28,1233
0,3.7255796082633736,2023-02-04,1379
0,3.1773087264851227,2023-02-11,1379
0,3.6448569816070773,2023-02-18,1379
0,0.605550238143806,2023-02-24,1379
0,-1.145742226951839,2023-03-01,1379
0,0.08555972146209001,2023-03-04,1379
0,-1.7559718003118405,2023-03-12,1379
0,-1.1802178187692078,2023-03-18,1379
0,1.1669339913727157,2023-04-01,1379
0,4.203378852052467,2023-04-08,1379
0,0.8793679417336051,2023-04-15,1379
0,4.086552573239814,2023-04-22,1379
0,1.3103831685343863,2023-04-25,1379
0,1.880386084488137,2023-04-29,1379
0,2.3115013269120084,2023-05-06,1379
0,2.3115013269120084,2023-05-13,1379
0,2.3115013269120084,2023-05-20,1379
0,2.3115013269120084,2023-05-28,1379
0,2.3115013269120084,2023-02-08,1286
0,2.3115013269120084,2023-02-12,1286
0,2.3115013269120084,2023-02-18,1286
0,2.3115013269120084,2023-02-25,1286
0,2.3115013269120084,2023-03-04,1286
0,2.3115013269120084,2023-03-11,1286
0,2.3115013269120084,2023-03-18,1286
0,2.3115013269120084,2023-04-01,1286
0,2.3115013269120084,2023-04-04,1286
0,2.3115013269120084,2023-04-09,1286
0,2.3115013269120084,2023-04-17,1286
0,2.3115013269120084,2023-04-22,1286
0,2.3115013269120084,2023-04-25,1286
0,2.3115013269120084,2023-04-30,1286
0,2.3115013269120084,2023-05-06,1286
0,2.3115013269120084,2023-05-13,1286
0,2.3115013269120084,2023-05-21,1286
0,2.3115013269120084,2023-05-28,1286
0,4.142933683822918,2023-05-06,1305
0,10.425783195196217,2023-05-15,1305
0,6.99218691794519,2023-05-20,1305
0,9.66405475386874,2023-05-28,1305
0,1.3103832394251356,2023-05-20,1240
0,1.8803867691992906,2023-05-28,1240
15,31.123992169686787,2023-02-19,1264
76,29.97237680246866,2023-02-25,1264
45,25.042522861469436,2023-03-04,1264
0,33.71059852396873,2023-03-11,1264
24,29.486125603011203,2023-03-18,1264
0,34.87857180250565,2023-04-01,1264
0,21.17927014796979,2023-04-04,1264
9,14.567955642811796,2023-04-08,1264
28,14.062645541140895,2023-04-15,1264
14,13.987486040503526,2023-04-22,1264
8,18.309421992513023,2023-04-25,1264
2,18.431790453302668,2023-05-01,1264
45,27.702080396249954,2023-05-08,1264
0,50.421354506549264,2023-05-15,1264
0,35.63234039077713,2023-05-22,1264
0,27.75845174129944,2023-05-28,1264
0,2.3115013269120084,2023-02-05,1329
0,2.3115013269120084,2023-02-11,1329
0,2.3115013269120084,2023-02-18,1329
0,2.3115013269120084,2023-02-25,1329
0,2.3115013269120084,2023-03-05,1329
0,2.3115013269120084,2023-03-11,1329
0,2.3115013269120084,2023-03-17,1329
0,2.3115013269120084,2023-04-01,1329
0,2.3115013269120084,2023-04-04,1329
0,2.3115013269120084,2023-04-08,1329
0,2.3115013269120084,2023-04-16,1329
0,2.3115013269120084,2023-04-22,1329
0,2.3115013269120084,2023-04-26,1329
0,2.3115013269120084,2023-04-29,1329
0,2.3115013269120084,2023-05-08,1329
0,2.3115013269120084,2023-05-13,1329
0,2.3115013269120084,2023-05-20,1329
0,2.3115013269120084,2023-05-28,1329
0,2.3115013269120084,2023-04-22,1231
0,2.3115013269120084,2023-04-25,1231
0,2.3115013269120084,2023-04-29,1231
0,2.3115013269120084,2023-05-06,1231
0,2.3115013269120084,2023-05-13,1231
0,2.3115013269120084,2023-05-20,1231
0,2.3115013269120084,2023-05-28,1231
0,2.3115013269120084,2023-02-18,1309
0,2.3115013269120084,2023-02-25,1309
0,2.3115013269120084,2023-03-04,1309
0,2.3115013269120084,2023-03-11,1309
0,2.3115013269120084,2023-04-01,1309
0,2.3115013269120084,2023-04-08,1309
0,2.3115013269120084,2023-04-15,1309
0,2.3115013269120084,2023-04-26,1309
0,2.3115013269120084,2023-04-30,1309
0,2.3115013269120084,2023-05-03,1309
0,2.3115013269120084,2023-05-06,1309
0,2.3115013269120084,2023-05-14,1309
0,2.3115013269120084,2023-05-21,1309
0,2.3115013269120084,2023-05-24,1309
0,2.3115013269120084,2023-05-28,1309
0,2.3115013269120084,2023-02-04,1237
0,2.3115013269120084,2023-02-13,1237
0,2.3115013269120084,2023-02-18,1237
0,2.3115013269120084,2023-02-25,1237
0,2.3115013269120084,2023-03-01,1237
0,2.3115013269120084,2023-03-05,1237
0,2.3115013269120084,2023-03-11,1237
0,2.3115013269120084,2023-03-18,1237
0,2.3115013269120084,2023-04-03,1237
0,2.3115013269120084,2023-04-08,1237
0,2.3115013269120084,2023-04-15,1237
0,2.3115013269120084,2023-04-22,1237
0,2.3115013269120084,2023-04-27,1237
0,2.3115013269120084,2023-05-01,1237
0,2.3115013269120084,2023-05-08,1237
0,2.3115013269120084,2023-05-14,1237
0,2.3115013269120084,2023-05-20,1237
0,2.3115013269120084,2023-05-28,1237
0,1.8803867691992906,2023-02-04,1340
0,2.3115013269120084,2023-02-11,1340
0,2.3115013269120084,2023-02-18,1340
0,2.3115013269120084,2023-02-25,1340
0,2.3115013269120084,2023-03-04,1340
0,2.3115013269120084,2023-03-12,1340
0,2.3115013269120084,2023-03-15,1340
0,2.3115013269120084,2023-03-18,1340
0,2.3115013269120084,2023-04-02,1340
0,2.3115013269120084,2023-04-08,1340
0,2.3115013269120084,2023-04-15,1340
0,2.3115013269120084,2023-04-21,1340
0,2.3115013269120084,2023-04-27,1340
0,2.3115013269120084,2023-04-30,1340
0,2.3115013269120084,2023-05-08,1340
0,2.3115013269120084,2023-05-13,1340
0,2.3115013269120084,2023-05-21,1340
0,2.3115013269120084,2023-05-28,1340
0,18.772235953013237,2023-02-04,1260
0,14.68690014736353,2023-02-11,1260
0,11.011272955239107,2023-02-19,1260
0,18.648166290200507,2023-02-25,1260
0,7.999994359633504,2023-03-04,1260
0,6.064567333134804,2023-03-11,1260
0,16.069475429649415,2023-03-18,1260
0,8.234938318111958,2023-04-01,1260
0,2.621177627157209,2023-04-04,1260
0,5.398318415432755,2023-04-08,1260
0,3.4039064579251885,2023-04-15,1260
0,-6.786848025242705,2023-04-22,1260
0,-7.8857870127342125,2023-04-25,1260
0,3.014545557715067,2023-05-01,1260
0,7.77994327690692,2023-05-08,1260
0,-1.1055403336253278,2023-05-15,1260
0,3.2691418247060398,2023-05-22,1260
0,1.8803867691992906,2023-05-28,1260
45,15.576949596993842,2023-02-05,1325
0,57.52955742917269,2023-02-11,1325
57,42.81151377993997,2023-02-18,1325
90,12.939861469725557,2023-02-25,1325
69,32.18913632896137,2023-03-05,1325
0,40.1657826502192,2023-03-11,1325
0,40.50675474512251,2023-03-17,1325
0,39.64679506560729,2023-04-01,1325
0,33.57408282157856,2023-04-04,1325
0,31.703030460871773,2023-04-08,1325
0,24.960388563602677,2023-04-16,1325
0,21.61724989235914,2023-04-22,1325
0,20.071951041639892,2023-04-26,1325
0,19.225676546238944,2023-04-29,1325
0,18.724116262261305,2023-05-08,1325
0,10.555881506895219,2023-05-13,1325
0,12.146501959044286,2023-05-20,1325
0,11.897659597272238,2023-05-28,1325
13,9.130714261474182,2023-03-04,1361
6,29.17823804313089,2023-03-11,1361
0,29.387007134931082,2023-03-18,1361
6,22.664233677995384,2023-04-03,1361
0,23.930351741711476,2023-04-08,1361
0,24.29133699012452,2023-04-15,1361
0,34.54406372345521,2023-04-23,1361
0,20.574161833289708,2023-04-27,1361
1,12.27064545390094,2023-04-30,1361
0,19.45018069647425,2023-05-06,1361
0,10.308063289598834,2023-05-13,1361
24,8.528705241232288,2023-05-20,1361
1,11.385006861500642,2023-05-28,1361
84,43.259137913572985,2023-03-12,1339
32,47.234196465389715,2023-03-15,1339
90,45.01847143661459,2023-03-18,1339
71,43.65761178842493,2023-04-02,1339
79,32.696843315398255,2023-04-08,1339
61,45.04716533723068,2023-04-15,1339
76,40.22942846402087,2023-04-21,1339
60,39.11118200105871,2023-04-27,1339
26,49.60668772776083,2023-04-30,1339
60,41.70130225175019,2023-05-08,1339
61,49.32892324334419,2023-05-13,1339
90,43.76831380965551,2023-05-21,1339
76,60.33332519070227,2023-05-28,1339
27,29.858208524731467,2023-02-08,1291
17,37.17298331181419,2023-02-12,1291
29,40.931674444044646,2023-02-18,1291
74,46.87150506678829,2023-02-25,1291
67,67.5629390364893,2023-03-04,1291
83,71.92297772014618,2023-03-11,1291
80,63.19250818568296,2023-03-18,1291
64,66.14385933896523,2023-04-01,1291
73,51.79914019845488,2023-04-04,1291
59,50.647595101710536,2023-04-09,1291
65,58.96252554653356,2023-04-17,1291
64,62.635800143580404,2023-04-22,1291
22,69.48582979331849,2023-04-25,1291
0,71.83493283232332,2023-04-30,1291
10,63.6847490396298,2023-05-06,1291
3,58.57874307701244,2023-05-13,1291
28,44.54004161091434,2023-05-21,1291
31,57.491980514339346,2023-05-28,1291
