,minutes,predmin,datetime,player_id
0,90,73.35883398154786,2025-01-14,108
1,90,73.99027367216217,2025-01-18,108
2,90,71.94924062722322,2025-01-25,108
3,90,67.55377939041693,2025-02-01,108
4,90,60.15952899941925,2025-02-15,108
5,90,60.67924690065735,2025-02-22,108
6,90,67.41322806636643,2025-02-25,108
7,90,55.49213656395318,2025-03-09,108
8,90,74.58170555142908,2025-03-15,108
9,90,72.6903428274675,2025-04-02,108
10,90,90.0,2025-04-05,108
11,90,90.0,2025-04-14,108
12,90,90.0,2025-04-19,108
13,90,0.0,2025-04-27,108
14,90,0.0,2025-05-03,108
15,90,0.0,2025-05-10,108
16,90,0.0,2025-05-20,108
17,0,13.212640048226902,2025-01-15,8
18,0,12.563860672022074,2025-01-18,8
19,0,24.317754300268064,2025-01-25,8
20,0,18.111448214974857,2025-02-02,8
21,0,15.396493450366776,2025-02-15,8
22,0,0.0,2025-02-22,8
23,0,0.0,2025-02-26,8
24,0,0.0,2025-03-09,8
25,0,27.113591403164747,2025-03-16,8
26,74,27.95239991778712,2025-04-01,8
27,90,40.51027165407754,2025-04-05,8
28,90,57.09419436985101,2025-04-12,8
29,90,60.85699016082643,2025-04-20,8
30,90,30.865073591658728,2025-04-23,8
31,90,46.88064743080943,2025-05-03,8
32,90,53.00762867046009,2025-05-11,8
33,90,57.111796612067735,2025-05-18,8
34,0,69.20074277326844,2023-08-12,8
35,9,21.027584253782436,2024-01-20,8
36,1,18.74927960581182,2024-01-30,8
37,45,0.0,2024-02-04,8
38,90,23.88471745249994,2024-02-11,8
39,90,26.753457707399978,2024-02-17,8
40,90,27.009123227894605,2024-02-24,8
41,90,45.45959786435108,2024-03-04,8
42,78,52.72854338317464,2024-03-09,8
43,65,52.68200843073487,2024-03-31,8
44,0,46.529594505880596,2024-04-03,8
45,0,32.95921789309634,2024-04-06,8
46,0,0.0,2024-04-14,8
47,90,16.586491827321794,2024-04-20,8
48,0,30.166043201420905,2024-04-23,8
49,1,33.88358191897396,2024-04-28,8
50,0,14.1790358278096,2024-05-04,8
51,1,27.92103989960691,2024-05-12,8
52,0,31.10517814144154,2024-05-19,8
53,0,27.256025038653405,2023-02-04,8
54,45,74.55698957892193,2025-05-04,545
55,51,68.85753439325737,2025-05-11,545
56,0,46.742635315602854,2025-05-16,545
57,90,59.44007433885932,2024-03-10,504
58,0,44.65606502626372,2024-03-31,504
59,0,31.134281196288725,2024-04-03,504
60,90,32.3140443058231,2024-04-06,504
61,0,44.24677391691125,2024-04-13,504
62,0,44.74842212372462,2024-04-25,504
63,0,0.0,2024-04-28,504
64,21,43.61715548517208,2024-05-04,504
65,0,52.42114399375109,2024-05-11,504
66,0,40.50609664572909,2024-05-14,504
67,0,30.690243640663,2024-05-19,504
68,0,30.44190937044897,2022-08-07,504
69,55,75.42726371857108,2023-04-08,504
70,45,39.90735155025607,2023-04-15,504
71,90,55.946497939619434,2023-04-26,504
72,90,59.52169036532701,2023-04-30,504
73,90,70.54888813717787,2023-05-03,504
74,0,63.18925935652672,2023-05-06,504
75,0,66.70552862904358,2023-05-14,504
76,33,44.933423587421714,2023-05-21,504
77,83,55.03176479359428,2023-05-24,504
78,0,59.166354875671914,2023-05-28,504
79,0,0.0,2025-01-15,596
80,0,0.0,2025-01-18,596
81,0,0.0,2025-01-25,596
82,0,0.0,2025-02-01,596
83,0,0.0,2025-02-15,596
84,0,0.0,2025-02-23,596
85,0,0.0,2025-02-26,596
86,0,0.0,2025-03-10,596
87,0,0.0,2025-04-02,596
88,0,0.0,2025-04-07,596
89,0,0.0,2025-04-13,596
90,0,0.0,2025-04-16,596
91,0,0.0,2025-04-19,596
92,0,0.0,2025-04-26,596
93,0,0.0,2025-05-04,596
94,0,0.0,2025-05-11,596
95,0,0.0,2025-05-18,596
96,90,90.0,2025-01-14,739
97,90,90.0,2025-01-18,739
98,90,90.0,2025-01-26,739
99,90,90.0,2025-02-03,739
100,90,78.19421658636799,2025-02-15,739
101,90,90.0,2025-02-22,739
102,90,77.68524098218259,2025-02-27,739
103,90,90.0,2025-03-10,739
104,90,90.0,2025-03-15,739
105,90,72.45744105648197,2025-04-01,739
106,90,90.0,2025-04-05,739
107,90,90.0,2025-04-13,739
108,90,79.4718628433092,2025-04-19,739
109,90,90.0,2025-04-26,739
110,90,90.0,2025-05-04,739
111,90,90.0,2025-05-11,739
112,90,90.0,2025-05-18,739
113,90,90.0,2023-08-14,739
114,90,0.0,2024-01-22,739
115,90,0.0,2024-02-01,739
116,90,0.0,2024-02-04,739
117,90,0.0,2024-02-10,739
118,90,0.0,2024-02-17,739
119,90,0.0,2024-02-25,739
120,90,0.0,2024-03-02,739
121,90,0.0,2024-03-09,739
122,90,0.0,2024-03-30,739
123,90,0.0,2024-04-02,739
124,90,0.0,2024-04-06,739
125,90,0.0,2024-04-13,739
126,90,0.0,2024-04-20,739
127,90,0.0,2024-04-24,739
128,90,0.0,2024-04-27,739
129,90,0.0,2024-05-04,739
130,90,0.0,2024-05-11,739
131,90,0.0,2024-05-19,739
132,90,0.0,2022-08-06,739
133,90,0.0,2023-02-04,739
134,90,0.0,2023-02-11,739
135,90,0.0,2023-02-18,739
136,90,0.0,2023-02-24,739
137,90,0.0,2023-03-01,739
138,90,0.0,2023-03-04,739
139,90,0.0,2023-03-12,739
140,90,0.0,2023-03-18,739
141,90,0.0,2023-04-01,739
142,90,0.0,2023-04-08,739
143,90,0.0,2023-04-15,739
144,90,0.0,2023-04-22,739
145,90,0.0,2023-04-25,739
146,90,0.0,2023-04-29,739
147,90,0.0,2023-05-06,739
148,90,0.0,2023-05-13,739
149,0,0.0,2023-05-20,739
150,67,63.721799386761774,2023-05-28,739
151,0,0.0,2025-01-16,387
152,0,0.0,2025-01-19,387
153,0,0.0,2025-01-25,387
154,0,0.0,2025-02-01,387
155,0,0.0,2025-02-15,387
156,0,0.0,2025-02-22,387
157,0,0.0,2025-02-26,387
158,0,0.0,2025-03-08,387
159,0,0.0,2025-03-15,387
160,0,0.0,2025-04-02,387
161,0,0.0,2025-04-05,387
162,0,0.0,2025-04-13,387
163,0,0.0,2025-04-20,387
164,0,0.0,2025-04-26,387
165,0,0.0,2025-05-03,387
166,0,0.0,2025-05-10,387
167,0,0.0,2025-05-18,387
168,87,23.993887155388492,2025-01-19,323
169,90,19.673628962503784,2025-01-25,323
170,90,49.68735965242081,2025-02-01,323
171,90,71.6884730550897,2025-02-12,323
172,90,62.390554676154125,2025-02-15,323
173,90,64.72741931411554,2025-02-22,323
174,90,62.11858151844797,2025-02-26,323
175,90,64.8309640474275,2025-03-08,323
176,90,71.5464714992998,2025-03-15,323
177,90,74.50966350276798,2025-04-02,323
178,90,58.31937995668912,2025-04-05,323
179,90,63.34029168016124,2025-04-12,323
180,90,72.4719859448245,2025-04-19,323
181,90,72.92228821125269,2025-04-26,323
182,90,65.87123130534212,2025-05-03,323
183,0,90.0,2025-05-10,323
184,90,38.719829119224386,2025-05-18,323
185,0,66.72780911111519,2023-08-12,323
186,0,0.0,2024-01-20,323
187,0,0.0,2024-01-30,323
188,0,0.0,2024-02-03,323
189,0,0.0,2024-02-12,323
190,0,0.0,2024-02-19,323
191,0,0.0,2024-02-24,323
192,0,0.0,2024-03-02,323
193,0,0.0,2024-03-09,323
194,0,0.0,2024-03-30,323
195,0,0.0,2024-04-02,323
196,0,0.0,2024-04-06,323
197,0,0.0,2024-04-14,323
198,0,0.0,2024-04-21,323
199,0,0.0,2024-04-24,323
200,0,0.0,2024-04-27,323
201,0,0.0,2024-05-06,323
202,0,0.0,2024-05-11,323
203,0,0.0,2024-05-19,323
204,90,90.0,2025-01-14,340
205,90,90.0,2025-01-18,340
206,90,78.19421658636799,2025-01-26,340
207,90,90.0,2025-02-01,340
208,90,77.68524098218259,2025-02-15,340
209,90,90.0,2025-02-22,340
210,14,90.0,2025-02-25,340
211,90,35.44506782534978,2025-03-08,340
212,90,73.96229258827694,2025-03-16,340
213,0,90.0,2025-04-01,340
214,90,48.30759319308865,2025-04-06,340
215,90,65.38109225340114,2025-04-14,340
216,90,66.70090546396924,2025-04-20,340
217,90,71.5562621187299,2025-04-26,340
218,90,76.07193276894475,2025-05-03,340
219,90,53.73470613182735,2025-05-10,340
220,90,61.785802837192335,2025-05-18,340
221,0,71.91428058256315,2023-08-12,340
222,0,51.093866638270555,2024-01-30,340
223,0,25.82861616319002,2024-02-03,340
224,0,20.69706893959535,2024-02-10,340
225,14,12.11025029097,2024-02-17,340
226,90,25.647882829828916,2024-02-24,340
227,90,64.74232324233634,2024-03-02,340
228,90,67.13344099145357,2024-03-09,340
229,90,72.00886239012496,2024-03-16,340
230,90,67.66119991216374,2024-03-30,340
231,90,64.14599886124466,2024-04-02,340
232,90,71.8300649828642,2024-04-06,340
233,90,74.0129552756261,2024-04-14,340
234,90,79.65759500846397,2024-04-21,340
235,90,69.87200708645099,2024-04-27,340
236,90,58.11599856176059,2024-05-04,340
237,90,71.91341771555494,2024-05-11,340
238,90,74.76330940651957,2024-05-19,340
239,0,0.0,2025-01-19,509
240,0,0.0,2025-01-25,509
241,0,0.0,2025-02-02,509
242,0,0.0,2025-02-15,509
243,0,0.0,2025-02-23,509
244,0,0.0,2025-02-26,509
245,0,0.0,2025-03-08,509
246,0,0.0,2025-03-15,509
247,0,0.0,2025-04-02,509
248,0,0.0,2025-04-06,509
249,0,0.0,2025-04-12,509
250,0,0.0,2025-04-19,509
251,0,0.0,2025-04-22,509
252,0,0.0,2025-05-02,509
253,0,0.0,2025-05-10,509
254,0,0.0,2025-05-20,509
255,63,0.0,2023-08-12,509
256,0,49.901855363712,2024-01-30,509
257,0,33.68768198944451,2024-02-03,509
258,0,31.45443494343769,2024-02-10,509
259,0,26.07523514088072,2024-02-18,509
260,16,20.91924643073655,2024-02-21,509
261,90,32.20530034601629,2024-03-02,509
262,90,27.135681844702276,2024-03-09,509
263,90,35.60077777880045,2024-03-13,509
264,90,46.41711928732968,2024-03-16,509
265,90,37.86377049166916,2024-03-30,509
266,90,49.17420311613955,2024-04-03,509
267,90,41.76824799700279,2024-04-06,509
268,0,46.04385674193375,2024-04-13,509
269,34,30.993548894392777,2024-04-20,509
270,0,25.688007557248056,2024-04-27,509
271,0,29.950186074875944,2024-05-03,509
272,0,13.548900650174572,2024-05-11,509
273,0,13.483673384410892,2024-05-19,509
274,0,75.56535136214163,2025-01-15,413
275,0,39.447887522681725,2025-01-18,413
276,3,32.59924789317793,2025-01-26,413
277,0,39.40495618212435,2025-02-01,413
278,0,32.08039947746778,2025-02-15,413
279,7,26.08290873876274,2025-02-21,413
280,0,11.29243478727841,2025-02-27,413
281,90,18.438330711376665,2025-03-09,413
282,90,59.99192594620314,2025-03-16,413
283,90,65.8123094066957,2025-04-02,413
284,90,78.72253794044406,2025-04-07,413
285,90,59.260963986343256,2025-04-12,413
286,90,76.65481475456428,2025-04-20,413
287,90,75.78182226661366,2025-04-26,413
288,90,73.52807144083079,2025-05-03,413
289,90,90.0,2025-05-11,413
290,90,79.42730972051979,2025-05-18,413
291,0,74.61354632736419,2022-08-06,413
292,90,73.72904988082914,2023-02-04,413
293,90,90.0,2023-02-13,413
294,90,78.19421658636799,2023-02-18,413
295,90,90.0,2023-02-25,413
296,0,77.68524098218259,2023-03-01,413
297,0,33.673431249751786,2023-03-05,413
298,0,0.0,2023-03-11,413
299,0,0.0,2023-03-18,413
300,0,35.87843158882109,2023-04-03,413
301,0,40.8507815900816,2023-04-08,413
302,0,24.7905603624599,2023-04-15,413
303,0,21.963182390046796,2023-04-22,413
304,0,21.719845737880107,2023-04-27,413
305,0,19.565180491286213,2023-05-01,413
306,0,0.0,2023-05-08,413
307,34,0.0,2023-05-14,413
308,0,16.705242666982244,2023-05-20,413
309,90,26.88052786765093,2023-05-28,413
310,0,0.0,2025-01-16,186
311,0,0.0,2025-01-19,186
312,0,0.0,2025-01-25,186
313,0,0.0,2025-02-01,186
314,0,0.0,2025-02-14,186
315,0,0.0,2025-02-22,186
316,0,0.0,2025-02-25,186
317,0,0.0,2025-03-08,186
318,0,0.0,2025-03-15,186
319,0,0.0,2025-04-02,186
320,0,0.0,2025-04-05,186
321,0,0.0,2025-04-12,186
322,0,0.0,2025-04-19,186
323,0,0.0,2025-04-26,186
324,0,0.0,2025-05-04,186
325,0,0.0,2025-05-10,186
326,0,0.0,2025-05-19,186
327,0,0.0,2024-04-03,186
328,0,0.0,2025-01-14,747
329,0,0.0,2025-01-18,747
330,0,0.0,2025-01-26,747
331,0,0.0,2025-02-03,747
332,0,0.0,2025-02-15,747
333,0,0.0,2025-02-22,747
334,0,0.0,2025-02-27,747
335,0,0.0,2025-03-10,747
336,0,0.0,2025-03-15,747
337,0,0.0,2025-04-01,747
338,0,0.0,2025-04-05,747
339,0,0.0,2025-04-13,747
340,0,0.0,2025-04-19,747
341,0,0.0,2025-04-26,747
342,0,0.0,2025-05-04,747
343,0,0.0,2025-05-11,747
344,0,0.0,2025-05-18,747
345,90,0.0,2023-08-12,747
346,90,52.421838600157685,2024-02-04,747
347,45,64.20709456977303,2024-02-11,747
348,90,61.680097735793424,2024-02-17,747
349,90,68.74355337100224,2024-02-26,747
350,90,64.93559396743052,2024-03-02,747
351,0,74.25067027212333,2024-03-10,747
352,90,70.9077064061982,2024-03-17,747
353,90,69.60925162956406,2024-03-30,747
354,90,90.0,2024-04-02,747
355,90,70.6356789775237,2024-04-06,747
356,30,90.0,2024-04-14,747
357,90,55.04036502694976,2024-04-21,747
358,90,69.24558938280717,2024-04-27,747
359,90,90.0,2024-05-05,747
360,90,78.40813549259431,2024-05-11,747
361,90,90.0,2024-05-19,747
362,90,90.0,2022-08-07,747
363,90,37.296182253163664,2023-04-05,747
364,90,43.80043879261805,2023-04-08,747
365,90,39.250261410248214,2023-04-16,747
366,90,29.387246879419735,2023-04-23,747
367,90,27.099882825975328,2023-04-26,747
368,18,26.75744088680972,2023-04-29,747
369,0,17.611562958824408,2023-05-03,747
370,0,0.0,2023-05-07,747
371,0,12.831431610558198,2023-05-14,747
372,45,44.75100554480642,2023-05-21,747
373,0,53.3620446433024,2023-05-28,747
374,90,0.0,2025-01-18,475
375,90,0.0,2025-01-25,475
376,90,0.0,2025-02-01,475
377,90,0.0,2025-02-12,475
378,90,0.0,2025-02-16,475
379,90,0.0,2025-02-19,475
380,90,0.0,2025-02-23,475
381,90,0.0,2025-02-26,475
382,90,0.0,2025-03-08,475
383,90,0.0,2025-04-02,475
384,90,0.0,2025-04-06,475
385,90,0.0,2025-04-13,475
386,90,0.0,2025-04-20,475
387,90,0.0,2025-04-27,475
388,90,0.0,2025-05-04,475
389,90,0.0,2025-05-11,475
390,0,0.0,2025-05-19,475
391,90,63.721799386761774,2023-08-13,475
392,90,90.0,2024-02-04,475
393,90,90.0,2024-02-10,475
394,90,90.0,2024-02-17,475
395,90,0.0,2024-02-21,475
396,90,0.0,2024-03-02,475
397,90,0.0,2024-03-10,475
398,90,0.0,2024-03-31,475
399,90,0.0,2024-04-04,475
400,90,0.0,2024-04-07,475
401,90,0.0,2024-04-14,475
402,90,0.0,2024-04-21,475
403,90,0.0,2024-04-24,475
404,90,0.0,2024-04-27,475
405,90,0.0,2024-05-05,475
406,90,0.0,2024-05-13,475
407,90,0.0,2024-05-19,475
408,90,0.0,2022-08-06,475
409,90,78.67530541695203,2023-03-01,475
410,90,64.60504554143148,2023-03-05,475
411,90,64.75437604662733,2023-03-11,475
412,90,70.25726746275436,2023-04-01,475
413,0,57.98248415808115,2023-04-04,475
414,90,41.626219291808354,2023-04-09,475
415,90,33.59272121133529,2023-04-17,475
416,90,47.11656106975397,2023-04-22,475
417,90,59.56027781508391,2023-04-26,475
418,90,60.352988592870815,2023-04-30,475
419,90,68.81807634576757,2023-05-03,475
420,90,68.69297288208273,2023-05-06,475
421,90,77.42987110202381,2023-05-15,475
422,90,75.42941009896731,2023-05-20,475
423,0,72.86174961517648,2023-05-28,475
424,0,12.422656121038273,2025-05-11,256
425,0,13.108583207107271,2025-05-16,256
426,0,0.0,2024-03-11,256
427,0,22.671561311655537,2025-01-14,141
428,0,34.59884755963125,2025-01-18,141
429,0,20.455995447480007,2025-01-26,141
430,0,29.94978129290044,2025-02-02,141
431,30,0.0,2025-02-15,141
432,90,22.75186564259508,2025-02-21,141
433,90,32.36619711321836,2025-02-26,141
434,90,46.9091866136454,2025-03-08,141
435,90,39.41485632776704,2025-03-15,141
436,82,42.65157895721654,2025-04-02,141
437,0,40.05499223740338,2025-04-06,141
438,0,43.09662145294118,2025-04-12,141
439,0,19.399454375641312,2025-04-19,141
440,0,23.12709134004956,2025-05-01,141
441,0,25.711147317333996,2025-05-04,141
442,0,17.33644793862655,2025-05-10,141
443,0,16.901039421267342,2025-05-18,141
444,90,17.548568347535465,2023-08-13,141
445,90,0.0,2024-01-31,141
446,90,0.0,2024-02-05,141
447,90,0.0,2024-02-10,141
448,1,0.0,2024-04-13,141
449,90,63.721799386761774,2024-04-20,141
450,90,73.19066384786043,2024-04-27,141
451,90,90.0,2024-05-04,141
452,90,90.0,2024-05-11,141
453,90,90.0,2024-05-19,141
454,0,90.0,2022-08-07,141
455,90,61.54266003387798,2023-02-04,141
456,90,68.71997797532347,2023-02-11,141
457,90,59.35576701606172,2023-02-18,141
458,90,90.0,2023-03-06,141
459,90,77.0994540071487,2023-03-11,141
460,90,90.0,2023-03-15,141
461,90,90.0,2023-03-18,141
462,90,90.0,2023-04-01,141
463,90,0.0,2023-04-05,141
464,90,0.0,2023-04-08,141
465,90,0.0,2023-04-15,141
466,90,0.0,2023-04-22,141
467,90,0.0,2023-04-26,141
468,90,0.0,2023-04-29,141
469,90,0.0,2023-05-06,141
470,90,0.0,2023-05-14,141
471,90,0.0,2023-05-20,141
472,90,0.0,2023-05-28,141
473,90,42.11881559006886,2025-01-18,59
474,37,52.71367523893355,2025-01-26,59
475,74,38.76309384861688,2025-02-15,59
476,90,50.516446156351975,2025-02-19,59
477,59,46.68535161858222,2025-02-22,59
478,90,53.99971051315407,2025-03-08,59
479,0,47.46952370204053,2025-04-02,59
480,90,40.780760517918054,2025-04-05,59
481,90,36.53558040171709,2025-04-12,59
482,90,44.686263254259075,2025-04-19,59
483,0,50.647731090827165,2025-04-22,59
484,0,35.8146099716875,2025-05-03,59
485,69,31.945009785755303,2025-05-10,59
486,0,51.29178913930198,2025-05-16,59
487,30,47.69919962087312,2023-08-12,59
488,90,76.64949481314139,2023-02-04,59
489,0,90.0,2023-02-12,59
490,90,61.638838482891344,2023-02-18,59
491,90,90.0,2023-02-25,59
492,90,90.0,2023-03-04,59
493,90,90.0,2023-03-12,59
494,90,90.0,2023-03-18,59
495,90,90.0,2023-04-01,59
496,90,78.19421658636799,2023-04-04,59
497,90,90.0,2023-04-08,59
498,90,77.68524098218259,2023-04-15,59
499,90,90.0,2023-04-22,59
500,90,90.0,2023-04-25,59
501,90,72.45744105648197,2023-04-30,59
502,90,90.0,2023-05-06,59
503,90,90.0,2023-05-13,59
504,90,79.4718628433092,2023-05-20,59
505,90,90.0,2023-05-28,59
506,0,22.73958825520525,2025-01-16,374
507,0,24.156314340634793,2025-01-19,374
508,0,34.047781269800964,2025-01-25,374
509,0,34.9326130160681,2025-02-01,374
510,0,38.7376144337608,2025-02-15,374
511,0,37.85044841846491,2025-02-22,374
512,0,29.184364167294063,2025-02-26,374
513,0,17.851061951446653,2025-03-08,374
514,0,16.305339290400937,2025-03-15,374
515,0,16.486770415057634,2025-04-02,374
516,0,21.27225526957446,2025-04-05,374
517,0,12.215493690619924,2025-04-13,374
518,0,15.000685663341471,2025-04-20,374
519,0,10.265415923251169,2025-04-26,374
520,0,11.081428723576336,2025-05-03,374
521,0,0.0,2025-05-10,374
522,0,0.0,2025-05-18,374
523,90,90.0,2025-01-15,760
524,73,90.0,2025-01-20,760
525,86,76.39392498523623,2025-01-25,760
526,72,90.0,2025-02-01,760
527,90,68.53341509505316,2025-02-16,760
528,79,66.37844465712683,2025-02-22,760
529,90,68.2658336379954,2025-02-25,760
530,90,76.50441794573922,2025-03-08,760
531,79,69.61436137847676,2025-03-15,760
532,81,90.0,2025-04-01,760
533,87,90.0,2025-04-05,760
534,69,90.0,2025-04-13,760
535,81,90.0,2025-04-20,760
536,76,71.21259596770975,2025-04-26,760
537,90,58.90074351431244,2025-05-02,760
538,90,77.04819461859682,2025-05-10,760
539,90,90.0,2025-05-20,760
540,76,59.82169312283682,2023-08-14,760
541,0,66.56642047351016,2024-01-22,760
542,36,53.20551764058493,2024-02-01,760
543,86,58.8424989702668,2024-02-04,760
544,90,61.85776032006231,2024-02-10,760
545,90,63.571637164675195,2024-02-17,760
546,76,55.74408788072523,2024-02-25,760
547,90,55.16096567991303,2024-03-02,760
548,90,55.8015477124934,2024-03-09,760
549,63,57.97368327552866,2024-03-30,760
550,90,58.95550953790817,2024-04-02,760
551,54,48.94019689191205,2024-04-06,760
552,0,35.79902462322448,2024-04-13,760
553,15,10.1104679262055,2024-04-20,760
554,90,16.451520885956313,2024-04-24,760
555,84,36.050881905003195,2024-04-27,760
556,90,35.17587450371107,2024-05-04,760
557,60,43.48523124047702,2024-05-11,760
558,77,33.69133630708288,2024-05-19,760
559,90,63.497415388616275,2022-08-06,760
560,45,52.524755336805555,2023-02-11,760
561,28,48.12861145906405,2023-02-18,760
562,0,38.422499435109586,2023-02-24,760
563,66,40.73905920698547,2023-03-01,760
564,0,50.892249596138214,2023-03-04,760
565,21,44.76720178205659,2023-03-12,760
566,0,43.69366141627239,2023-03-18,760
567,0,57.84809586016729,2023-04-01,760
568,0,36.887250786216555,2023-04-08,760
569,0,33.73772295436339,2023-04-15,760
570,0,0.0,2023-04-22,760
571,0,0.0,2023-04-25,760
572,0,0.0,2023-04-29,760
573,0,0.0,2023-05-06,760
574,0,0.0,2023-05-13,760
575,0,0.0,2023-05-20,760
576,45,0.0,2023-05-28,760
577,0,19.06268446091778,2025-04-02,511
578,0,12.88062839066282,2025-04-06,511
579,0,0.0,2025-04-12,511
580,0,0.0,2025-04-19,511
581,0,0.0,2025-04-22,511
582,0,0.0,2025-05-02,511
583,0,0.0,2025-05-10,511
584,0,0.0,2025-05-20,511
585,0,0.0,2025-01-14,237
586,0,0.0,2025-01-20,237
587,0,0.0,2025-01-25,237
588,0,0.0,2025-02-03,237
589,0,0.0,2025-02-14,237
590,0,0.0,2025-02-22,237
591,0,0.0,2025-02-25,237
592,0,0.0,2025-03-09,237
593,0,0.0,2025-03-16,237
594,0,0.0,2025-04-03,237
595,0,0.0,2025-04-06,237
596,0,0.0,2025-04-13,237
597,0,0.0,2025-04-20,237
598,0,0.0,2025-04-26,237
599,0,0.0,2025-05-04,237
600,0,0.0,2025-05-11,237
601,0,0.0,2025-05-16,237
602,0,0.0,2023-08-13,237
603,0,0.0,2024-01-13,237
604,0,0.0,2024-01-31,237
605,0,0.0,2024-02-04,237
606,0,0.0,2024-02-12,237
607,0,0.0,2024-02-17,237
608,0,0.0,2024-03-02,237
609,0,0.0,2024-03-11,237
610,0,0.0,2024-03-30,237
611,0,0.0,2024-04-04,237
612,0,0.0,2024-04-07,237
613,0,0.0,2024-04-15,237
614,0,0.0,2024-04-23,237
615,0,0.0,2024-04-27,237
616,0,0.0,2024-05-02,237
617,0,0.0,2024-05-05,237
618,0,0.0,2024-05-11,237
619,0,0.0,2024-05-15,237
620,0,0.0,2024-05-19,237
621,0,0.0,2022-08-06,237
622,0,0.0,2023-02-03,237
623,0,0.0,2023-02-11,237
624,0,0.0,2023-02-18,237
625,0,0.0,2023-02-26,237
626,0,0.0,2023-03-04,237
627,0,0.0,2023-03-11,237
628,0,0.0,2023-03-18,237
629,0,0.0,2023-04-01,237
630,0,0.0,2023-04-04,237
631,0,0.0,2023-04-08,237
632,0,0.0,2023-04-15,237
633,0,0.0,2023-04-26,237
634,0,0.0,2023-05-02,237
635,0,0.0,2023-05-06,237
636,0,0.0,2023-05-13,237
637,0,0.0,2023-05-21,237
638,0,0.0,2023-05-25,237
639,0,0.0,2023-05-28,237
640,90,67.49436167729624,2025-01-15,15
641,90,79.70524701251222,2025-01-25,15
642,90,77.33228567037483,2025-02-02,15
643,90,90.0,2025-02-15,15
644,85,90.0,2025-02-22,15
645,90,90.0,2025-02-26,15
646,90,90.0,2025-03-09,15
647,90,90.0,2025-03-16,15
648,90,90.0,2025-04-01,15
649,90,90.0,2025-04-05,15
650,90,90.0,2025-04-12,15
651,90,78.19421658636799,2025-04-20,15
652,90,90.0,2025-04-23,15
653,90,77.68524098218259,2025-05-03,15
654,90,90.0,2025-05-11,15
655,45,90.0,2025-05-18,15
656,90,59.677420601378174,2023-08-12,15
657,90,0.0,2024-01-20,15
658,90,0.0,2024-01-30,15
659,90,0.0,2024-02-04,15
660,90,0.0,2024-02-11,15
661,90,0.0,2024-02-17,15
662,90,0.0,2024-02-24,15
663,90,0.0,2024-03-04,15
664,90,0.0,2024-03-09,15
665,90,0.0,2024-03-31,15
666,90,0.0,2024-04-03,15
667,90,0.0,2024-04-06,15
668,90,0.0,2024-04-14,15
669,90,0.0,2024-04-20,15
670,90,0.0,2024-04-23,15
671,90,0.0,2024-04-28,15
672,90,0.0,2024-05-04,15
673,90,0.0,2024-05-12,15
674,90,0.0,2024-05-19,15
675,90,0.0,2022-08-05,15
676,90,77.68524098218259,2023-02-11,15
677,90,90.0,2023-02-15,15
678,90,90.0,2023-02-18,15
679,90,72.45744105648197,2023-02-25,15
680,90,90.0,2023-03-01,15
681,90,90.0,2023-03-04,15
682,90,79.4718628433092,2023-03-12,15
683,0,90.0,2023-03-19,15
684,0,53.393866677452,2023-04-01,15
685,0,18.130610032001087,2023-04-09,15
686,0,20.54362261525507,2023-04-16,15
687,0,29.701350861851836,2023-04-21,15
688,0,34.59884755963125,2023-04-26,15
689,0,20.455995447480007,2023-05-02,15
690,0,29.94978129290044,2023-05-07,15
691,0,0.0,2023-05-14,15
692,0,10.46333087484085,2023-05-20,15
693,0,0.0,2023-05-28,15
694,0,23.565667646510875,2025-01-15,60
695,0,24.81321419026375,2025-01-18,60
696,0,0.0,2025-01-26,60
697,7,0.0,2025-02-01,60
698,0,0.0,2025-02-15,60
699,0,0.0,2025-02-19,60
700,0,0.0,2025-02-22,60
701,0,0.0,2025-02-25,60
702,0,0.0,2025-03-08,60
703,0,0.0,2025-04-02,60
704,0,0.0,2025-04-05,60
705,0,0.0,2025-04-12,60
706,0,0.0,2025-04-19,60
707,0,0.0,2025-04-22,60
708,0,0.0,2025-05-03,60
709,0,20.308633946363827,2025-05-10,60
710,0,16.237321211692986,2025-05-16,60
711,0,0.0,2025-04-13,715
712,0,0.0,2025-04-21,715
713,0,0.0,2025-04-27,715
714,0,0.0,2025-05-04,715
715,0,0.0,2025-05-11,715
716,0,0.0,2025-05-16,715
717,0,0.0,2025-01-14,231
718,0,0.0,2025-01-20,231
719,0,0.0,2025-01-25,231
720,0,0.0,2025-02-03,231
721,0,0.0,2025-02-14,231
722,0,0.0,2025-02-22,231
723,0,0.0,2025-02-25,231
724,0,0.0,2025-03-09,231
725,0,0.0,2025-03-16,231
726,0,0.0,2025-04-03,231
727,0,0.0,2025-04-06,231
728,0,0.0,2025-04-13,231
729,0,0.0,2025-04-20,231
730,0,0.0,2025-04-26,231
731,0,0.0,2025-05-04,231
732,0,0.0,2025-05-11,231
733,0,0.0,2025-05-16,231
734,0,0.0,2023-09-17,231
735,0,42.03050000173008,2024-02-17,231
736,0,14.45693954508603,2024-03-02,231
737,0,0.0,2024-03-11,231
738,3,0.0,2024-03-30,231
739,15,13.478790305907324,2024-04-04,231
740,0,43.361165767921705,2024-04-07,231
741,2,33.60934262795536,2024-04-15,231
742,77,23.46093035334033,2024-04-23,231
743,0,24.838566906930765,2024-04-27,231
744,84,25.070855062483503,2024-05-02,231
745,1,46.53055462424345,2024-05-05,231
746,0,26.112943965184513,2024-05-11,231
747,0,19.65010067830548,2024-05-15,231
748,0,26.062725316732553,2024-05-19,231
749,0,37.204986187433406,2023-05-21,231
750,86,54.66014444878658,2025-01-14,142
751,90,42.87974167417863,2025-01-18,142
752,90,50.113530565653605,2025-01-26,142
753,0,49.73324240870184,2025-02-02,142
754,0,36.64284844718827,2025-02-15,142
755,0,17.70484559676173,2025-02-21,142
756,0,29.134769639576888,2025-02-26,142
757,0,37.99189304994388,2025-03-08,142
758,0,38.48760939568524,2025-03-15,142
759,0,24.98047276836394,2025-04-02,142
760,0,17.85196064238238,2025-04-06,142
761,0,0.0,2025-04-12,142
762,0,0.0,2025-04-19,142
763,0,0.0,2025-05-01,142
764,0,0.0,2025-05-04,142
765,0,0.0,2025-05-10,142
766,0,15.194121313893746,2025-05-18,142
767,18,0.0,2023-08-13,142
768,77,56.772870150555974,2024-01-31,142
769,75,56.531451103452184,2024-02-05,142
770,90,50.6115676995702,2024-02-10,142
771,62,59.651889157201936,2024-02-17,142
772,88,66.28401257690086,2024-02-20,142
773,17,59.72818215243757,2024-02-26,142
774,90,57.77565586281096,2024-03-02,142
775,90,50.27277568867533,2024-03-09,142
776,58,65.97989948593249,2024-03-16,142
777,86,62.46117613401856,2024-03-30,142
778,90,52.40626034851772,2024-04-03,142
779,90,57.31043049067057,2024-04-06,142
780,90,63.22770034955184,2024-04-13,142
781,14,49.98909600208788,2024-04-20,142
782,6,41.25632363764521,2024-04-27,142
783,45,30.005618718762463,2024-05-04,142
784,28,41.871678173025,2024-05-11,142
785,62,55.247274005158374,2024-05-19,142
786,0,69.26067827549352,2022-08-07,142
787,29,59.65869114335649,2023-02-04,142
788,90,51.8892243081884,2023-02-11,142
789,0,37.27122658234185,2023-02-18,142
790,1,50.207805522663875,2023-03-06,142
791,0,20.53271905406996,2023-03-11,142
792,0,17.765504743807284,2023-03-15,142
793,0,28.558285525726006,2023-03-18,142
794,0,17.588886909739898,2023-04-01,142
795,74,23.345071559375413,2023-04-05,142
796,0,62.45342314506894,2023-04-08,142
797,0,38.02246757644926,2023-04-15,142
798,0,46.07487766198295,2023-04-22,142
799,90,36.17631082172386,2023-04-26,142
800,0,54.26457128026573,2023-04-29,142
801,0,42.42517774021647,2023-05-06,142
802,5,31.990539266563616,2023-05-14,142
803,1,22.42143125053269,2023-05-20,142
804,1,35.74546014756774,2023-05-28,142
805,90,70.91983190333463,2025-01-25,191
806,90,77.20454379670852,2025-02-01,191
807,90,90.0,2025-02-14,191
808,90,74.205531071009,2025-02-22,191
809,90,90.0,2025-02-25,191
810,90,75.83698637068062,2025-03-08,191
811,90,79.4718628433092,2025-03-15,191
812,90,90.0,2025-04-02,191
813,90,90.0,2025-04-05,191
814,0,90.0,2025-04-12,191
815,90,60.508292093790885,2025-04-19,191
816,90,70.86012168651845,2025-05-04,191
817,90,90.0,2025-05-10,191
818,90,90.0,2025-05-19,191
819,90,90.0,2023-08-12,191
820,90,44.52893520955618,2024-01-22,191
821,90,42.87802408017219,2024-01-30,191
822,90,54.47984751326922,2024-02-03,191
823,90,74.36070354739701,2024-02-10,191
824,90,73.88860435858203,2024-02-18,191
825,90,75.0425460333432,2024-02-24,191
826,90,75.39902398923971,2024-03-02,191
827,90,90.0,2024-03-10,191
828,90,90.0,2024-03-31,191
829,90,90.0,2024-04-03,191
830,90,0.0,2024-04-06,191
831,90,0.0,2024-04-13,191
832,90,0.0,2024-04-25,191
833,0,0.0,2024-04-28,191
834,0,63.721799386761774,2024-05-05,191
835,0,19.356805599708498,2024-05-11,191
836,0,18.78503347469828,2024-05-15,191
837,0,22.671561311655537,2024-05-19,191
838,0,34.59884755963125,2022-08-07,191
839,0,18.305769022315076,2023-02-11,191
840,0,17.490195403952896,2023-02-18,191
841,0,0.0,2023-03-04,191
842,2,15.770964442463509,2023-03-11,191
843,0,0.0,2023-03-15,191
844,0,12.16400147338976,2023-04-01,191
845,0,0.0,2023-04-04,191
846,0,0.0,2023-04-08,191
847,4,0.0,2023-04-15,191
848,0,0.0,2023-04-26,191
849,0,0.0,2023-04-29,191
850,0,0.0,2023-05-04,191
851,0,11.42397143400008,2023-05-08,191
852,0,12.009307519261796,2023-05-14,191
853,90,0.0,2023-05-18,191
854,1,32.189856948377724,2023-05-21,191
855,90,25.004612653293066,2023-05-24,191
856,25,53.34017370470079,2023-05-28,191
857,0,0.0,2025-01-14,95
858,0,0.0,2025-01-18,95
859,0,0.0,2025-01-25,95
860,0,0.0,2025-02-01,95
861,0,0.0,2025-02-15,95
862,0,0.0,2025-02-22,95
863,0,0.0,2025-02-25,95
864,0,0.0,2025-03-09,95
865,0,0.0,2025-03-15,95
866,0,0.0,2025-04-02,95
867,0,0.0,2025-04-05,95
868,0,0.0,2025-04-14,95
869,0,0.0,2025-04-19,95
870,0,0.0,2025-04-27,95
871,0,0.0,2025-05-03,95
872,0,0.0,2025-05-10,95
873,0,0.0,2025-05-20,95
874,30,0.0,2023-08-12,95
875,0,12.436277302152147,2024-02-10,95
876,0,18.896367821970287,2024-02-17,95
877,0,18.9272410026514,2024-02-24,95
878,78,29.62464466913022,2024-03-03,95
879,90,41.65757346673351,2024-03-09,95
880,90,40.52355874860183,2024-03-13,95
881,90,47.77173583395958,2024-03-30,95
882,0,62.01677599788641,2024-04-02,95
883,0,55.20084327878237,2024-04-06,95
884,0,41.08791658340595,2024-04-13,95
885,0,34.20017499046901,2024-04-21,95
886,0,41.0035339080778,2024-04-24,95
887,0,32.93321125955313,2024-04-28,95
888,0,26.81828379024435,2024-05-04,95
889,0,30.28211301443528,2024-05-11,95
890,0,34.73721172351287,2024-05-19,95
891,90,31.467102587774804,2022-08-06,95
892,90,29.125548710989705,2023-02-04,95
893,37,65.31078404525977,2023-02-11,95
894,9,40.62616892663763,2023-02-18,95
895,90,50.88988248353107,2023-02-25,95
896,90,47.96545361014114,2023-03-04,95
897,0,57.10133945553761,2023-03-11,95
898,0,34.729112685927305,2023-03-18,95
899,0,27.575373388879,2023-04-01,95
900,0,14.54063391219401,2023-04-04,95
901,90,0.0,2023-04-08,95
902,90,40.726004319571246,2023-04-15,95
903,90,17.788173499709757,2023-04-23,95
904,90,26.165383622744116,2023-04-27,95
905,0,25.019550269284338,2023-04-30,95
906,0,15.449334983795538,2023-05-06,95
907,90,10.363820580920065,2023-05-13,95
908,0,27.68796494354191,2023-05-20,95
909,0,41.28788757201926,2023-05-28,95
910,0,0.0,2025-01-15,779
911,0,0.0,2025-01-20,779
912,0,0.0,2025-01-25,779
913,0,0.0,2025-02-01,779
914,0,0.0,2025-02-16,779
915,0,0.0,2025-02-22,779
916,0,0.0,2025-02-25,779
917,0,0.0,2025-03-08,779
918,0,0.0,2025-03-15,779
919,0,0.0,2025-04-01,779
920,0,0.0,2025-04-05,779
921,0,0.0,2025-04-13,779
922,0,0.0,2025-04-20,779
923,0,0.0,2025-04-26,779
924,0,0.0,2025-05-02,779
925,0,0.0,2025-05-10,779
926,0,0.0,2025-05-20,779
927,0,0.0,2023-08-14,779
928,0,0.0,2024-01-22,779
929,0,0.0,2024-02-01,779
930,0,0.0,2024-02-04,779
931,0,0.0,2024-02-10,779
932,0,0.0,2024-02-17,779
933,0,0.0,2024-02-25,779
934,0,0.0,2024-03-02,779
935,0,0.0,2024-03-09,779
936,0,0.0,2024-03-30,779
937,0,0.0,2024-04-02,779
938,0,0.0,2024-04-06,779
939,0,0.0,2024-04-13,779
940,0,0.0,2024-04-20,779
941,0,0.0,2024-04-24,779
942,0,0.0,2024-04-27,779
943,0,0.0,2024-05-04,779
944,0,0.0,2024-05-11,779
945,0,0.0,2024-05-19,779
946,90,73.43005681536803,2025-01-14,493
947,90,66.87452873012728,2025-01-19,493
948,90,68.11119745043715,2025-01-25,493
949,90,70.81074140101688,2025-02-02,493
950,86,72.45744105648197,2025-02-15,493
951,90,90.0,2025-02-23,493
952,90,90.0,2025-02-26,493
953,90,79.63133068022304,2025-03-08,493
954,90,90.0,2025-03-15,493
955,90,90.0,2025-04-02,493
956,90,90.0,2025-04-06,493
957,90,90.0,2025-04-12,493
958,90,90.0,2025-04-19,493
959,90,77.68524098218259,2025-04-22,493
960,90,90.0,2025-05-02,493
961,90,90.0,2025-05-10,493
962,90,72.45744105648197,2025-05-20,493
963,11,90.0,2023-08-11,493
964,90,45.32495418249425,2024-01-31,493
965,90,71.53310665012472,2024-02-05,493
966,0,56.354827028733325,2024-02-10,493
967,0,55.233091528816146,2024-02-17,493
968,0,44.47436424958059,2024-02-20,493
969,0,48.45503227464249,2024-02-24,493
970,0,56.531579292134865,2024-03-03,493
971,0,43.83176259886554,2024-03-10,493
972,90,42.67400290072405,2024-03-31,493
973,90,73.31388173507088,2024-04-03,493
974,45,64.88902508996566,2024-04-06,493
975,90,61.603934536172375,2024-04-13,493
976,90,59.96179827317002,2024-04-25,493
977,90,90.0,2024-04-28,493
978,90,73.49334405480437,2024-05-04,493
979,90,70.62331354770816,2024-05-11,493
980,90,90.0,2024-05-14,493
981,90,90.0,2024-05-19,493
982,0,36.13236296166025,2025-01-14,123
983,0,36.88159071249842,2025-01-18,123
984,0,38.95111880764861,2025-01-26,123
985,75,38.794370547214186,2025-02-02,123
986,90,51.269425248317106,2025-02-15,123
987,83,52.38444769713044,2025-02-21,123
988,80,43.68097939492236,2025-02-26,123
989,90,47.298039259220815,2025-03-08,123
990,71,53.690682896995696,2025-03-15,123
991,7,42.316131162325405,2025-04-02,123
992,82,22.68627533345378,2025-04-06,123
993,68,45.29811069182924,2025-04-12,123
994,24,42.73695068920048,2025-04-19,123
995,6,29.721174273109852,2025-05-01,123
996,9,47.70834702556536,2025-05-04,123
997,0,48.747227175122504,2025-05-10,123
998,27,42.46992729194551,2025-05-18,123
999,83,37.755941440625435,2023-08-13,123
1000,90,69.68383419312147,2024-02-26,123
1001,90,90.0,2024-03-02,123
1002,90,90.0,2024-03-09,123
1003,90,90.0,2024-03-16,123
1004,90,79.18394835038924,2024-03-30,123
1005,90,90.0,2024-04-03,123
1006,90,90.0,2024-04-06,123
1007,75,77.02187999264493,2024-04-20,123
1008,83,69.19920727667173,2024-04-27,123
1009,45,79.88400627918614,2024-05-04,123
1010,61,71.48382359430374,2024-05-11,123
1011,0,64.68111421029238,2024-05-19,123
1012,0,46.11739982550285,2022-08-07,123
1013,0,37.14240965306678,2023-02-04,123
1014,90,32.54055471267114,2023-02-11,123
1015,0,42.45998527339958,2023-02-18,123
1016,0,19.86127257209884,2023-03-06,123
1017,0,11.80871585343374,2023-03-11,123
1018,0,16.93243755825509,2023-03-15,123
1019,0,12.325171812884465,2023-03-18,123
1020,0,24.013548649297405,2023-04-01,123
1021,0,23.128613386451036,2023-04-05,123
1022,0,21.89522367166134,2023-04-08,123
1023,0,10.965755224687385,2023-04-15,123
1024,0,22.939016168867923,2023-04-22,123
1025,0,0.0,2023-04-26,123
1026,0,0.0,2023-04-29,123
1027,0,10.767974254832325,2023-05-06,123
1028,0,17.37165959631257,2023-05-14,123
1029,0,0.0,2023-05-20,123
1030,0,0.0,2023-05-28,123
1031,0,49.69538755639746,2025-01-16,371
1032,90,41.94666909843795,2025-01-19,371
1033,0,65.11553817086138,2025-01-25,371
1034,0,62.196280833307895,2025-02-01,371
1035,0,56.53965022234533,2025-02-15,371
1036,0,52.15957661860759,2025-02-22,371
1037,0,42.09148047848129,2025-02-26,371
1038,0,30.957852019135174,2025-03-08,371
1039,45,35.502053499922965,2025-03-15,371
1040,90,33.04976449544583,2025-04-02,371
1041,90,41.210951609991895,2025-04-05,371
1042,90,44.26616786559904,2025-04-13,371
1043,55,68.8976065129888,2025-04-20,371
1044,90,54.111814656947445,2025-04-26,371
1045,90,57.446907302005,2025-05-03,371
1046,90,48.91099535565442,2025-05-10,371
1047,0,51.64414446436231,2025-05-18,371
1048,0,0.0,2025-01-14,620
1049,0,0.0,2025-01-19,620
1050,0,0.0,2025-01-25,620
1051,0,0.0,2025-02-01,620
1052,0,0.0,2025-02-15,620
1053,0,0.0,2025-02-23,620
1054,0,0.0,2025-02-26,620
1055,0,0.0,2025-03-08,620
1056,0,0.0,2025-03-15,620
1057,0,0.0,2025-04-01,620
1058,0,0.0,2025-04-05,620
1059,0,0.0,2025-04-12,620
1060,0,0.0,2025-04-21,620
1061,0,0.0,2025-05-01,620
1062,0,0.0,2025-05-05,620
1063,0,0.0,2025-05-11,620
1064,0,0.0,2025-05-18,620
1065,0,0.0,2023-08-12,620
1066,0,0.0,2024-01-20,620
1067,0,0.0,2024-01-30,620
1068,0,0.0,2024-02-04,620
1069,0,0.0,2024-02-10,620
1070,0,0.0,2024-02-17,620
1071,0,0.0,2024-02-24,620
1072,0,0.0,2024-03-02,620
1073,0,0.0,2024-03-10,620
1074,0,0.0,2024-03-16,620
1075,0,0.0,2024-03-30,620
1076,0,0.0,2024-04-02,620
1077,0,0.0,2024-04-07,620
1078,0,0.0,2024-04-13,620
1079,0,0.0,2024-04-21,620
1080,0,0.0,2024-04-28,620
1081,0,0.0,2024-05-04,620
1082,0,0.0,2024-05-11,620
1083,0,0.0,2024-05-19,620
1084,0,0.0,2025-05-11,718
1085,0,0.0,2025-05-16,718
1086,0,10.692635745341008,2025-01-14,133
1087,0,13.852210484204704,2025-01-18,133
1088,0,0.0,2025-01-26,133
1089,0,12.187031280353835,2025-02-02,133
1090,0,20.248163030758363,2025-02-15,133
1091,0,0.0,2025-02-21,133
1092,0,0.0,2025-02-26,133
1093,1,0.0,2025-03-08,133
1094,0,0.0,2025-03-15,133
1095,0,0.0,2025-04-02,133
1096,0,0.0,2025-04-06,133
1097,0,0.0,2025-04-12,133
1098,0,18.896912431130303,2025-04-19,133
1099,0,15.728805915068447,2025-05-01,133
1100,0,16.8268977029434,2025-05-04,133
1101,0,11.328618145230053,2025-05-10,133
1102,0,23.257908078341487,2025-05-18,133
1103,0,0.0,2025-01-16,652
1104,0,0.0,2025-01-19,652
1105,0,0.0,2025-01-25,652
1106,0,0.0,2025-02-01,652
1107,0,0.0,2025-02-15,652
1108,0,0.0,2025-02-22,652
1109,0,0.0,2025-02-25,652
1110,0,0.0,2025-03-08,652
1111,0,0.0,2025-03-15,652
1112,0,0.0,2025-04-02,652
1113,0,0.0,2025-04-06,652
1114,0,0.0,2025-04-12,652
1115,0,0.0,2025-04-19,652
1116,0,0.0,2025-04-26,652
1117,0,0.0,2025-05-03,652
1118,0,0.0,2025-05-10,652
1119,0,0.0,2025-05-18,652
1120,0,0.0,2022-09-03,652
1121,0,25.43777403184589,2023-03-12,652
1122,0,20.2709119050522,2023-03-15,652
1123,0,30.2897065402461,2023-03-18,652
1124,0,0.0,2023-04-02,652
1125,0,0.0,2023-04-08,652
1126,0,0.0,2023-04-15,652
1127,0,0.0,2023-04-21,652
1128,0,0.0,2023-04-27,652
1129,0,0.0,2023-04-30,652
1130,0,0.0,2023-05-08,652
1131,0,0.0,2023-05-13,652
1132,0,0.0,2023-05-21,652
1133,0,0.0,2023-05-28,652
1134,90,42.31489828048052,2025-01-15,6
1135,90,63.030810049801715,2025-01-18,6
1136,90,72.42920588178558,2025-01-25,6
1137,90,66.4023076944413,2025-02-02,6
1138,90,63.79380097629152,2025-02-15,6
1139,90,49.38751759180059,2025-02-22,6
1140,84,65.36900003462091,2025-02-26,6
1141,90,68.16690817848888,2025-03-09,6
1142,90,75.02517056478177,2025-03-16,6
1143,76,90.0,2025-04-01,6
1144,29,69.3039759587991,2025-04-05,6
1145,21,34.69004026322261,2025-04-12,6
1146,0,34.83868908871156,2025-04-20,6
1147,90,39.29516174882187,2025-04-23,6
1148,0,66.24847103641642,2025-05-03,6
1149,0,59.442710280747065,2025-05-11,6
1150,0,27.267910648741008,2025-05-18,6
1151,49,37.79079073872637,2023-08-12,6
1152,0,0.0,2024-01-20,6
1153,0,0.0,2024-01-30,6
1154,0,0.0,2024-02-04,6
1155,0,0.0,2024-02-11,6
1156,0,0.0,2024-02-17,6
1157,0,0.0,2024-02-24,6
1158,0,0.0,2024-03-04,6
1159,0,0.0,2024-03-09,6
1160,0,0.0,2024-03-31,6
1161,0,0.0,2024-04-03,6
1162,0,0.0,2024-04-06,6
1163,0,0.0,2024-04-14,6
1164,0,0.0,2024-04-20,6
1165,0,0.0,2024-04-23,6
1166,0,0.0,2024-04-28,6
1167,0,0.0,2024-05-04,6
1168,0,0.0,2024-05-12,6
1169,21,0.0,2024-05-19,6
1170,0,0.0,2025-01-25,327
1171,0,0.0,2025-02-01,327
1172,0,0.0,2025-02-12,327
1173,0,0.0,2025-02-15,327
1174,0,0.0,2025-02-22,327
1175,0,0.0,2025-02-26,327
1176,0,0.0,2025-03-08,327
1177,0,0.0,2025-03-15,327
1178,0,0.0,2025-04-02,327
1179,0,0.0,2025-04-05,327
1180,0,0.0,2025-04-12,327
1181,0,0.0,2025-04-19,327
1182,0,0.0,2025-04-26,327
1183,0,0.0,2025-05-03,327
1184,0,0.0,2025-05-10,327
1185,0,0.0,2025-05-18,327
1186,0,0.0,2025-01-14,349
1187,0,0.0,2025-01-18,349
1188,0,0.0,2025-01-26,349
1189,0,0.0,2025-02-01,349
1190,0,0.0,2025-02-15,349
1191,0,0.0,2025-02-22,349
1192,0,0.0,2025-02-25,349
1193,0,0.0,2025-03-08,349
1194,0,0.0,2025-03-16,349
1195,0,0.0,2025-04-01,349
1196,0,0.0,2025-04-06,349
1197,0,0.0,2025-04-14,349
1198,0,0.0,2025-04-20,349
1199,0,0.0,2025-04-26,349
1200,0,0.0,2025-05-03,349
1201,0,0.0,2025-05-10,349
1202,0,0.0,2025-05-18,349
1203,0,0.0,2023-08-12,349
1204,0,0.0,2024-02-03,349
1205,0,0.0,2024-02-10,349
1206,0,0.0,2024-02-17,349
1207,0,0.0,2024-02-24,349
1208,0,0.0,2024-03-02,349
1209,0,0.0,2024-03-09,349
1210,0,0.0,2024-03-16,349
1211,0,0.0,2024-03-30,349
1212,0,0.0,2024-04-14,349
1213,0,0.0,2024-04-21,349
1214,0,0.0,2024-04-27,349
1215,0,0.0,2024-05-04,349
1216,0,0.0,2024-05-11,349
1217,0,0.0,2024-05-19,349
1218,0,0.0,2022-08-06,349
1219,0,33.662153277536845,2023-01-23,349
1220,0,31.531522030289267,2023-02-03,349
1221,0,23.56705171953287,2023-02-11,349
1222,0,17.8822002122581,2023-02-18,349
1223,0,0.0,2023-02-24,349
1224,0,14.921806344705033,2023-03-06,349
1225,0,10.540288351889105,2023-03-12,349
1226,0,0.0,2023-04-01,349
1227,0,0.0,2023-04-08,349
1228,0,0.0,2023-04-15,349
1229,0,0.0,2023-04-22,349
1230,0,0.0,2023-04-25,349
1231,0,0.0,2023-04-30,349
1232,0,0.0,2023-05-03,349
1233,0,0.0,2023-05-08,349
1234,0,0.0,2023-05-13,349
1235,0,0.0,2023-05-20,349
1236,0,0.0,2023-05-28,349
1237,90,52.15866724478508,2023-08-13,706
1238,90,58.0773211340443,2024-04-07,706
1239,90,90.0,2024-04-13,706
1240,90,68.96420171011994,2024-04-28,706
1241,90,73.56014240798709,2024-05-02,706
1242,90,77.53226419783704,2024-05-05,706
1243,90,63.277654833513054,2024-05-11,706
1244,90,63.47028033842247,2024-05-14,706
1245,90,56.16416697270415,2024-05-19,706
1246,89,67.0682249000771,2025-01-14,616
1247,90,64.01661394932427,2025-01-19,616
1248,65,60.72940282540091,2025-01-25,616
1249,90,57.81647233067977,2025-02-01,616
1250,90,60.6139673059368,2025-02-15,616
1251,90,62.04592723980528,2025-02-23,616
1252,90,72.88862265667092,2025-02-26,616
1253,90,67.44444445525951,2025-03-08,616
1254,90,55.6390770651318,2025-03-15,616
1255,90,61.8325149514163,2025-04-01,616
1256,90,50.39394590153171,2025-04-05,616
1257,90,67.02027725584219,2025-04-12,616
1258,90,72.06178365455489,2025-04-21,616
1259,90,65.65650867892896,2025-05-01,616
1260,90,64.0351285099079,2025-05-05,616
1261,90,79.9097774719113,2025-05-11,616
1262,90,77.102834514385,2025-05-18,616
1263,18,72.79279334919181,2023-08-12,616
1264,77,51.92183124216925,2024-02-04,616
1265,90,52.64389085278626,2024-02-10,616
1266,90,46.9766432453049,2024-02-17,616
1267,90,48.13712855358057,2024-02-24,616
1268,90,46.87195899520074,2024-03-02,616
1269,90,54.01691350649014,2024-03-10,616
1270,90,52.11188865402357,2024-03-16,616
1271,90,41.68842257219535,2024-03-30,616
1272,90,45.613153367936064,2024-04-02,616
1273,86,32.22063787287459,2024-04-07,616
1274,90,31.801615920325617,2024-04-13,616
1275,90,45.843444320889944,2024-04-21,616
1276,34,73.42071606108303,2024-04-28,616
1277,90,39.52257569977888,2022-08-06,616
1278,89,16.63373001923064,2023-02-05,616
1279,0,30.766794959568895,2023-02-11,616
1280,32,20.16754273704234,2023-02-18,616
1281,90,38.71873024845547,2023-02-25,616
1282,0,29.901857877096916,2023-03-05,616
1283,17,21.728540781866187,2023-03-11,616
1284,11,21.097849204810174,2023-03-17,616
1285,90,24.58071633705157,2023-04-01,616
1286,90,28.646368490010815,2023-04-04,616
1287,90,27.114793853342263,2023-04-08,616
1288,90,26.098193471924674,2023-04-16,616
1289,90,53.308652976173505,2023-04-22,616
1290,64,48.06830045154683,2023-04-26,616
1291,45,66.68406267527698,2025-02-15,592
1292,0,69.50357291052597,2025-02-23,592
1293,21,46.78591094519288,2025-02-26,592
1294,90,61.84328765730697,2025-03-10,592
1295,88,66.47525087217446,2025-04-02,592
1296,86,50.15281285849386,2025-04-07,592
1297,77,50.438448603823275,2025-04-13,592
1298,78,36.93162225533729,2025-04-16,592
1299,75,43.730199756566435,2025-04-19,592
1300,90,55.62237712886463,2025-04-26,592
1301,90,67.13361130515483,2025-05-04,592
1302,0,63.22567712601739,2025-05-11,592
1303,0,38.70307051522104,2025-05-18,592
1304,90,24.05081352371772,2023-08-12,592
1305,90,60.53976481704862,2024-02-03,592
1306,90,78.01475511260136,2024-02-10,592
1307,90,90.0,2024-02-17,592
1308,90,90.0,2024-02-24,592
1309,51,90.0,2024-03-02,592
1310,1,58.35085602732789,2024-05-11,592
1311,62,36.947964386494505,2024-05-15,592
1312,9,64.58938344724567,2024-05-19,592
1313,90,54.663867778875584,2022-08-06,592
1314,90,39.24217261845695,2023-02-04,592
1315,90,42.90109374896275,2023-02-11,592
1316,63,57.208644108666306,2023-02-18,592
1317,90,47.03838582996758,2023-03-04,592
1318,90,62.9108958840917,2023-03-12,592
1319,90,71.0063492942725,2023-03-17,592
1320,90,72.92867770766395,2023-04-02,592
1321,86,72.10217381939609,2023-04-05,592
1322,90,70.85046463559195,2023-04-08,592
1323,90,70.71377137221535,2023-04-15,592
1324,69,66.94549773176044,2023-04-23,592
1325,90,39.668926921286385,2023-04-27,592
1326,90,55.08368476000007,2023-04-30,592
1327,90,58.397302351875936,2023-05-07,592
1328,90,52.30625170817024,2023-05-13,592
1329,90,74.08518939503085,2023-05-18,592
1330,90,66.05155775152241,2023-05-22,592
1331,90,71.2140389343133,2023-05-28,592
1332,79,75.24163111361497,2025-01-15,420
1333,90,64.94398612543719,2025-01-18,420
1334,90,90.0,2025-01-26,420
1335,75,90.0,2025-02-01,420
1336,43,72.82636321528238,2025-02-15,420
1337,0,69.25357149733114,2025-02-21,420
1338,90,53.1176934141765,2025-02-27,420
1339,83,78.10633382648626,2025-03-09,420
1340,81,76.70597313061742,2025-03-16,420
1341,90,61.78177748907163,2025-04-02,420
1342,73,64.33259274028958,2025-04-07,420
1343,90,64.63018849757245,2025-04-12,420
1344,7,60.464027203377015,2025-04-20,420
1345,45,35.64716883072083,2025-04-26,420
1346,90,15.71822419881282,2025-05-03,420
1347,90,38.65375239045008,2025-05-11,420
1348,63,41.05982437725885,2025-05-18,420
1349,90,35.95575192637074,2022-08-07,420
1350,0,0.0,2025-02-26,590
1351,0,0.0,2025-03-10,590
1352,0,0.0,2025-04-07,590
1353,0,0.0,2025-04-13,590
1354,0,0.0,2025-04-16,590
1355,8,0.0,2025-04-19,590
1356,0,16.884510737239225,2023-08-12,590
1357,22,0.0,2023-04-15,590
1358,0,34.886348142944996,2023-04-23,590
1359,67,35.83179962584248,2023-04-27,590
1360,0,44.66526349994098,2023-04-30,590
1361,8,41.07405476823058,2023-05-07,590
1362,0,30.649303019796804,2023-05-13,590
1363,1,43.42766866811721,2023-05-18,590
1364,0,31.69506696811527,2023-05-22,590
1365,74,32.03408049311787,2023-05-28,590
1366,90,0.0,2025-01-14,125
1367,90,0.0,2025-01-18,125
1368,90,0.0,2025-01-26,125
1369,90,0.0,2025-02-02,125
1370,90,0.0,2025-02-15,125
1371,90,0.0,2025-02-21,125
1372,90,0.0,2025-02-26,125
1373,90,0.0,2025-03-08,125
1374,90,0.0,2025-03-15,125
1375,90,0.0,2025-04-02,125
1376,90,0.0,2025-04-06,125
1377,90,0.0,2025-04-12,125
1378,90,0.0,2025-04-19,125
1379,90,0.0,2025-05-01,125
1380,90,0.0,2025-05-04,125
1381,90,0.0,2025-05-10,125
1382,90,0.0,2025-05-18,125
1383,90,0.0,2023-08-13,125
1384,0,76.13628210707151,2024-02-20,125
1385,29,54.89967630925321,2024-02-26,125
1386,90,43.146678561767715,2024-03-02,125
1387,90,63.38860621351387,2024-03-09,125
1388,90,61.67383825423485,2024-03-16,125
1389,90,77.95284184381845,2024-03-30,125
1390,90,90.0,2024-04-03,125
1391,90,90.0,2024-04-06,125
1392,90,90.0,2024-04-13,125
1393,90,90.0,2024-04-20,125
1394,90,78.33781315450761,2024-04-27,125
1395,90,90.0,2024-05-04,125
1396,90,77.29563722922987,2024-05-11,125
1397,90,90.0,2022-08-06,125
1398,0,30.82295002407207,2023-02-24,125
1399,0,32.75967992925908,2023-03-01,125
1400,45,43.58416228019868,2023-03-04,125
1401,15,46.23817693841792,2023-03-12,125
1402,45,45.087008777854294,2023-03-18,125
1403,0,41.548989934850056,2023-04-01,125
1404,1,23.910590616910383,2023-04-08,125
1405,0,23.28265926839865,2023-04-15,125
1406,0,24.592727129743057,2023-04-22,125
1407,1,10.64579905159556,2023-04-25,125
1408,45,12.725241480634324,2023-04-29,125
1409,7,29.275589513726203,2023-05-06,125
1410,0,31.520807773860327,2023-05-13,125
1411,90,33.08098406977527,2023-05-20,125
1412,90,56.1002111428848,2023-05-28,125
1413,90,90.0,2025-01-15,696
1414,90,90.0,2025-01-19,696
1415,90,90.0,2025-01-26,696
1416,90,90.0,2025-02-02,696
1417,90,90.0,2025-02-16,696
1418,25,77.54981697194154,2025-02-22,696
1419,90,56.33493463694194,2025-02-26,696
1420,86,72.74758242397169,2025-03-09,696
1421,0,90.0,2025-03-16,696
1422,2,48.85015136811299,2025-04-03,696
1423,90,47.91101397118726,2025-04-06,696
1424,0,54.81349891555482,2025-04-13,696
1425,90,28.884660408615844,2025-04-21,696
1426,0,28.789361356973643,2025-04-27,696
1427,0,50.46491047270911,2025-05-04,696
1428,57,50.544225878707664,2025-05-11,696
1429,0,70.45306343060318,2025-05-16,696
1430,0,53.779806388639855,2023-08-13,696
1431,90,90.0,2024-01-14,696
1432,90,90.0,2024-01-31,696
1433,90,0.0,2024-02-03,696
1434,90,0.0,2024-02-10,696
1435,90,0.0,2024-03-10,696
1436,90,0.0,2024-03-16,696
1437,90,0.0,2024-03-30,696
1438,90,0.0,2024-04-02,696
1439,90,0.0,2024-04-07,696
1440,48,0.0,2024-04-13,696
1441,90,63.721799386761774,2024-04-28,696
1442,90,73.19066384786043,2024-05-02,696
1443,90,90.0,2024-05-05,696
1444,90,90.0,2024-05-11,696
1445,90,90.0,2024-05-14,696
1446,75,90.0,2024-05-19,696
1447,0,90.0,2023-02-05,696
1448,90,63.96763596086947,2025-01-14,727
1449,90,71.89590104344364,2025-01-18,727
1450,90,72.45744105648197,2025-01-26,727
1451,90,90.0,2025-02-03,727
1452,90,90.0,2025-02-15,727
1453,90,79.4718628433092,2025-02-22,727
1454,90,90.0,2025-02-27,727
1455,90,90.0,2025-03-10,727
1456,90,90.0,2025-03-15,727
1457,90,90.0,2025-04-01,727
1458,90,90.0,2025-04-05,727
1459,90,0.0,2025-04-13,727
1460,0,0.0,2025-04-19,727
1461,90,63.721799386761774,2025-04-26,727
1462,90,73.19066384786043,2025-05-04,727
1463,90,90.0,2025-05-11,727
1464,90,90.0,2025-05-18,727
1465,90,90.0,2023-08-14,727
1466,90,72.24654753024794,2024-04-27,727
1467,90,64.20880782329533,2024-05-06,727
1468,86,68.73241756761058,2024-05-12,727
1469,90,71.02700199345793,2024-05-15,727
1470,90,90.0,2024-05-19,727
1471,0,90.0,2022-08-07,727
1472,90,41.75490718553064,2023-03-12,727
1473,0,60.25205040394778,2023-04-02,727
1474,0,51.04074419804061,2023-04-05,727
1475,90,33.6491467541951,2023-04-08,727
1476,90,55.30383971193709,2023-04-16,727
1477,70,60.88864442871517,2023-04-27,727
1478,0,76.4315400769841,2023-04-30,727
1479,90,65.41737425747445,2023-05-04,727
1480,86,77.52386736650877,2023-05-07,727
1481,90,72.79740085715494,2023-05-13,727
1482,90,67.18013026838949,2023-05-20,727
1483,90,70.13915627853655,2023-05-25,727
1484,0,55.934415411131425,2023-05-28,727
1485,0,0.0,2025-01-16,166
1486,0,0.0,2025-01-19,166
1487,0,0.0,2025-01-25,166
1488,0,0.0,2025-02-01,166
1489,0,0.0,2025-02-14,166
1490,0,0.0,2025-02-22,166
1491,0,0.0,2025-02-25,166
1492,0,0.0,2025-03-08,166
1493,0,0.0,2025-03-15,166
1494,0,0.0,2025-04-02,166
1495,0,0.0,2025-04-05,166
1496,0,0.0,2025-04-12,166
1497,0,0.0,2025-04-19,166
1498,0,0.0,2025-04-26,166
1499,0,0.0,2025-05-04,166
1500,0,0.0,2025-05-10,166
1501,0,0.0,2025-05-19,166
1502,0,0.0,2024-02-18,166
1503,0,0.0,2024-04-03,860
1504,0,0.0,2024-04-06,860
1505,0,0.0,2024-04-13,860
1506,0,0.0,2024-04-20,860
1507,0,0.0,2024-04-27,860
1508,0,0.0,2024-05-04,860
1509,0,0.0,2024-05-11,860
1510,0,0.0,2024-05-19,860
1511,0,0.0,2024-01-14,1045
1512,0,0.0,2024-02-01,1045
1513,0,0.0,2024-02-04,1045
1514,0,0.0,2024-02-11,1045
1515,0,0.0,2024-02-18,1045
1516,0,0.0,2024-02-24,1045
1517,0,0.0,2024-03-03,1045
1518,0,0.0,2024-03-09,1045
1519,0,0.0,2024-03-30,1045
1520,0,0.0,2024-04-04,1045
1521,0,0.0,2024-04-07,1045
1522,0,0.0,2024-04-13,1045
1523,0,0.0,2024-04-24,1045
1524,0,0.0,2024-04-27,1045
1525,0,0.0,2024-05-06,1045
1526,0,0.0,2024-05-12,1045
1527,0,0.0,2024-05-15,1045
1528,0,0.0,2024-05-19,1045
1529,0,0.0,2022-12-27,1045
1530,0,0.0,2023-05-13,1045
1531,0,0.0,2023-05-20,1045
1532,0,0.0,2023-05-25,1045
1533,0,0.0,2023-05-28,1045
1534,0,0.0,2024-01-20,1090
1535,0,0.0,2024-01-30,1090
1536,0,0.0,2024-02-04,1090
1537,0,0.0,2024-02-10,1090
1538,0,0.0,2024-02-17,1090
1539,0,0.0,2024-02-24,1090
1540,0,0.0,2024-03-02,1090
1541,0,0.0,2024-03-10,1090
1542,0,0.0,2024-03-16,1090
1543,0,0.0,2024-04-02,1090
1544,0,0.0,2024-04-07,1090
1545,0,0.0,2024-04-13,1090
1546,0,0.0,2024-04-21,1090
1547,0,0.0,2024-04-28,1090
1548,0,0.0,2024-05-04,1090
1549,0,0.0,2024-05-11,1090
1550,0,0.0,2024-05-19,1090
1551,90,0.0,2022-08-06,1090
1552,90,62.463878783216785,2023-02-05,1090
1553,6,90.0,2023-02-11,1090
1554,0,60.37137182523696,2023-04-08,1090
1555,80,75.94387399971325,2023-04-16,1090
1556,29,90.0,2023-04-22,1090
1557,0,0.0,2024-01-12,887
1558,0,0.0,2024-01-31,887
1559,0,0.0,2024-02-03,887
1560,0,0.0,2024-02-10,887
1561,0,0.0,2024-02-17,887
1562,0,0.0,2024-02-24,887
1563,0,0.0,2024-03-03,887
1564,0,0.0,2024-03-10,887
1565,0,0.0,2024-03-16,887
1566,0,0.0,2024-03-30,887
1567,0,0.0,2024-04-02,887
1568,0,0.0,2024-04-06,887
1569,0,0.0,2024-04-13,887
1570,0,0.0,2024-04-20,887
1571,0,0.0,2024-04-27,887
1572,0,0.0,2024-05-04,887
1573,0,0.0,2024-05-11,887
1574,0,0.0,2024-05-19,887
1575,0,0.0,2024-01-20,1098
1576,0,0.0,2024-01-30,1098
1577,0,0.0,2024-02-04,1098
1578,0,0.0,2024-02-10,1098
1579,0,0.0,2024-02-17,1098
1580,0,0.0,2024-02-24,1098
1581,0,0.0,2024-03-02,1098
1582,0,0.0,2024-03-10,1098
1583,0,0.0,2024-03-16,1098
1584,0,0.0,2024-03-30,1098
1585,0,0.0,2024-04-02,1098
1586,0,0.0,2024-04-07,1098
1587,0,0.0,2024-04-13,1098
1588,0,0.0,2024-04-21,1098
1589,0,0.0,2024-04-28,1098
1590,0,0.0,2024-05-04,1098
1591,0,0.0,2024-05-11,1098
1592,0,0.0,2024-05-19,1098
1593,12,14.526990446600593,2024-02-04,1099
1594,0,14.374684001154762,2024-02-10,1099
1595,0,0.0,2024-02-17,1099
1596,0,0.0,2024-02-24,1099
1597,0,18.17380228208728,2024-03-02,1099
1598,0,15.767663748574575,2024-03-10,1099
1599,0,0.0,2024-03-16,1099
1600,0,25.585842178752557,2024-03-30,1099
1601,0,15.543241529040015,2024-04-02,1099
1602,3,27.34543176002012,2024-04-07,1099
1603,0,18.276907230066143,2024-04-13,1099
1604,0,31.12792407548605,2024-04-21,1099
1605,55,30.02302343905592,2024-04-28,1099
1606,82,56.73036586803008,2024-05-04,1099
1607,71,57.30836134468018,2024-05-11,1099
1608,90,90.0,2024-05-19,1099
1609,10,21.299189070103836,2024-01-21,1119
1610,45,24.35998726950484,2024-01-30,1119
1611,49,27.671789184751532,2024-02-03,1119
1612,4,33.71425032829407,2024-02-10,1119
1613,0,13.806102477836404,2024-02-18,1119
1614,0,14.074632141734938,2024-02-25,1119
1615,0,0.0,2024-03-04,1119
1616,0,0.0,2024-03-09,1119
1617,0,14.842687326951378,2024-03-30,1119
1618,0,0.0,2024-04-04,1119
1619,0,18.477678163478373,2024-04-07,1119
1620,0,0.0,2024-04-13,1119
1621,0,11.950212671431473,2024-04-20,1119
1622,0,0.0,2024-04-24,1119
1623,0,13.275872801287278,2024-04-27,1119
1624,0,15.151955610719584,2024-05-04,1119
1625,0,26.17084602619147,2024-05-11,1119
1626,0,21.001771337737196,2024-05-19,1119
1627,0,0.0,2024-01-13,915
1628,0,0.0,2024-01-31,915
1629,0,0.0,2024-02-04,915
1630,0,0.0,2024-02-12,915
1631,0,0.0,2024-02-17,915
1632,0,0.0,2024-03-02,915
1633,0,0.0,2024-03-11,915
1634,0,0.0,2024-03-30,915
1635,0,0.0,2024-04-04,915
1636,0,0.0,2024-04-07,915
1637,0,0.0,2024-04-15,915
1638,0,0.0,2024-04-23,915
1639,0,0.0,2024-04-27,915
1640,0,0.0,2024-05-02,915
1641,0,0.0,2024-05-05,915
1642,0,0.0,2024-05-11,915
1643,0,0.0,2024-05-15,915
1644,0,0.0,2024-05-19,915
1645,0,0.0,2022-08-06,915
1646,0,0.0,2023-02-03,915
1647,0,0.0,2023-02-11,915
1648,0,0.0,2023-02-18,915
1649,0,0.0,2023-02-26,915
1650,0,0.0,2023-03-04,915
1651,0,0.0,2023-03-11,915
1652,0,0.0,2023-03-18,915
1653,0,0.0,2023-04-01,915
1654,0,0.0,2023-04-04,915
1655,0,0.0,2023-04-08,915
1656,0,0.0,2023-04-15,915
1657,0,0.0,2023-04-26,915
1658,0,0.0,2023-05-02,915
1659,0,0.0,2023-05-06,915
1660,0,0.0,2023-05-13,915
1661,0,0.0,2023-05-21,915
1662,0,0.0,2023-05-25,915
1663,0,0.0,2023-05-28,915
1664,0,0.0,2024-01-14,1044
1665,0,0.0,2024-02-01,1044
1666,0,0.0,2024-02-04,1044
1667,0,0.0,2024-02-11,1044
1668,0,0.0,2024-02-18,1044
1669,0,0.0,2024-02-24,1044
1670,0,0.0,2024-03-03,1044
1671,0,0.0,2024-03-09,1044
1672,0,0.0,2024-03-30,1044
1673,0,0.0,2024-04-04,1044
1674,0,0.0,2024-04-07,1044
1675,0,0.0,2024-04-13,1044
1676,0,0.0,2024-04-24,1044
1677,0,0.0,2024-04-27,1044
1678,0,0.0,2024-05-06,1044
1679,0,0.0,2024-05-12,1044
1680,0,0.0,2024-05-15,1044
1681,0,0.0,2024-05-19,1044
1682,0,0.0,2022-08-07,1044
1683,0,0.0,2023-02-04,1044
1684,0,0.0,2023-02-08,1044
1685,0,0.0,2023-02-12,1044
1686,0,0.0,2023-02-19,1044
1687,0,0.0,2023-03-05,1044
1688,0,0.0,2023-03-12,1044
1689,0,0.0,2023-04-02,1044
1690,0,0.0,2023-04-05,1044
1691,0,0.0,2023-04-08,1044
1692,0,0.0,2023-04-16,1044
1693,0,0.0,2023-04-27,1044
1694,0,0.0,2023-04-30,1044
1695,0,0.0,2023-05-04,1044
1696,0,0.0,2023-05-07,1044
1697,0,0.0,2023-05-13,1044
1698,0,0.0,2023-05-20,1044
1699,0,0.0,2023-05-25,1044
1700,0,0.0,2023-05-28,1044
1701,90,62.43018376016619,2024-02-11,828
1702,90,71.95701911050855,2024-02-17,828
1703,90,79.12126444378438,2024-02-24,828
1704,90,70.57035304363015,2024-03-02,828
1705,57,64.84261663320734,2024-03-10,828
1706,45,59.75312483506593,2024-03-17,828
1707,0,53.81500972239462,2024-03-30,828
1708,90,60.216764307540245,2024-04-03,828
1709,0,62.71929918576362,2024-04-06,828
1710,0,48.745061160111135,2024-04-14,828
1711,0,21.55565041655096,2024-04-21,828
1712,0,37.58262731400424,2024-04-27,828
1713,0,27.143793812478776,2024-05-05,828
1714,0,15.695047590958067,2024-05-13,828
1715,90,14.66773625321416,2024-05-19,828
1716,4,42.15166156915842,2022-08-06,828
1717,0,0.0,2023-02-05,828
1718,0,22.80141943039365,2023-02-11,828
1719,77,32.87245240993374,2023-02-19,828
1720,90,75.01764003433013,2023-02-26,828
1721,90,78.04550362503483,2023-03-04,828
1722,90,64.29497519784948,2023-03-11,828
1723,90,66.97543463843303,2023-03-18,828
1724,76,73.88551477697456,2023-04-03,828
1725,90,71.96783318514622,2023-04-08,828
1726,34,77.8638523245248,2023-04-15,828
1727,0,76.3372334670814,2023-04-23,828
1728,90,48.16771830262846,2023-04-27,828
1729,0,56.515965620142424,2023-04-30,828
1730,87,42.78910811776561,2023-05-06,828
1731,90,35.14888652004291,2023-05-13,828
1732,90,50.267730306061765,2023-05-20,828
1733,90,59.42139560831865,2023-05-28,828
1734,0,0.0,2024-01-22,1166
1735,0,0.0,2024-02-01,1166
1736,0,0.0,2024-02-04,1166
1737,0,0.0,2024-02-10,1166
1738,0,0.0,2024-02-17,1166
1739,0,0.0,2024-02-25,1166
1740,0,0.0,2024-03-02,1166
1741,0,0.0,2024-03-09,1166
1742,0,0.0,2024-03-30,1166
1743,0,0.0,2024-04-02,1166
1744,0,0.0,2024-04-06,1166
1745,0,0.0,2024-04-13,1166
1746,0,0.0,2024-04-20,1166
1747,0,0.0,2024-04-24,1166
1748,0,0.0,2024-04-27,1166
1749,0,0.0,2024-05-04,1166
1750,0,0.0,2024-05-11,1166
1751,0,0.0,2024-05-19,1166
1752,0,0.0,2024-01-20,1081
1753,0,0.0,2024-01-30,1081
1754,0,0.0,2024-02-04,1081
1755,0,0.0,2024-02-10,1081
1756,0,0.0,2024-02-17,1081
1757,0,0.0,2024-02-24,1081
1758,0,0.0,2024-03-02,1081
1759,0,0.0,2024-03-10,1081
1760,0,0.0,2024-03-16,1081
1761,0,0.0,2024-03-30,1081
1762,0,0.0,2024-04-02,1081
1763,0,0.0,2024-04-07,1081
1764,0,0.0,2024-04-13,1081
1765,0,0.0,2024-04-21,1081
1766,0,0.0,2024-04-28,1081
1767,0,0.0,2024-05-04,1081
1768,0,0.0,2024-05-11,1081
1769,0,0.0,2024-05-19,1081
1770,0,0.0,2022-08-06,1081
1771,0,57.28325987415221,2024-01-21,1162
1772,0,35.27109819473256,2024-02-01,1162
1773,0,21.539830686809523,2024-02-04,1162
1774,0,12.490131495203173,2024-02-11,1162
1775,0,11.738280513789618,2024-02-17,1162
1776,0,24.89039499317596,2024-02-26,1162
1777,1,0.0,2024-03-02,1162
1778,0,15.630656861149731,2024-03-10,1162
1779,0,0.0,2024-03-17,1162
1780,0,13.410101421488449,2024-03-30,1162
1781,0,0.0,2024-04-02,1162
1782,0,0.0,2024-04-06,1162
1783,0,0.0,2024-04-14,1162
1784,45,11.17667597545703,2024-04-21,1162
1785,90,23.438086570649432,2024-04-27,1162
1786,90,42.874621594665086,2024-05-05,1162
1787,90,40.4025335740543,2024-05-11,1162
1788,0,38.49446925959771,2024-05-19,1162
1789,0,20.559097999038045,2022-08-07,1162
1790,90,48.06369062547975,2023-02-04,1162
1791,90,37.09856427606982,2023-02-11,1162
1792,80,52.42675954384433,2023-02-19,1162
1793,90,65.12739119889568,2023-02-25,1162
1794,68,68.21875257587419,2023-03-04,1162
1795,0,48.864413960573785,2023-03-12,1162
1796,0,37.03132839063255,2023-04-02,1162
1797,0,31.167810369454997,2023-04-05,1162
1798,90,47.482947931199305,2023-04-08,1162
1799,0,58.63173609586332,2023-04-16,1162
1800,0,51.1998703502926,2023-04-23,1162
1801,0,31.675881767023952,2023-04-26,1162
1802,71,36.90260371121485,2023-04-29,1162
1803,90,56.23837799898692,2023-05-03,1162
1804,90,62.83320199401433,2023-05-07,1162
1805,90,65.75405597315773,2023-05-14,1162
1806,90,51.04092303932572,2023-05-21,1162
1807,0,45.41845231584685,2023-05-28,1162
1808,0,0.0,2024-01-31,924
1809,0,0.0,2024-02-04,924
1810,0,0.0,2024-02-12,924
1811,0,0.0,2024-03-02,924
1812,0,0.0,2024-03-11,924
1813,0,0.0,2024-03-30,924
1814,0,0.0,2024-04-04,924
1815,0,0.0,2024-04-07,924
1816,0,0.0,2024-04-15,924
1817,0,0.0,2024-04-23,924
1818,0,0.0,2024-04-27,924
1819,0,0.0,2024-05-02,924
1820,0,0.0,2024-05-05,924
1821,0,0.0,2024-05-11,924
1822,0,0.0,2024-05-15,924
1823,0,0.0,2024-05-19,924
1824,0,0.0,2022-12-27,924
1825,0,0.0,2023-05-13,924
1826,0,0.0,2023-05-21,924
1827,0,0.0,2023-05-25,924
1828,0,0.0,2023-05-28,924
1829,0,11.672065534222227,2024-01-21,1159
1830,0,20.146560378431303,2024-02-01,1159
1831,0,0.0,2024-02-04,1159
1832,0,0.0,2024-02-11,1159
1833,0,0.0,2024-02-17,1159
1834,0,0.0,2024-02-26,1159
1835,0,0.0,2024-03-02,1159
1836,0,0.0,2024-03-10,1159
1837,0,0.0,2024-03-17,1159
1838,0,0.0,2024-03-30,1159
1839,0,0.0,2024-04-02,1159
1840,0,0.0,2024-04-06,1159
1841,0,0.0,2024-04-14,1159
1842,0,0.0,2024-04-21,1159
1843,0,0.0,2024-04-27,1159
1844,0,0.0,2024-05-05,1159
1845,0,0.0,2024-05-11,1159
1846,0,0.0,2024-05-19,1159
1847,90,0.0,2022-08-21,1159
1848,90,62.873388007533265,2023-02-19,1159
1849,0,63.34415242575926,2023-02-25,1159
1850,0,31.67352750189113,2023-03-04,1159
1851,90,32.08011068664334,2023-03-12,1159
1852,90,27.24168954489056,2023-04-02,1159
1853,62,49.84572694484774,2023-04-05,1159
1854,0,36.27799673976008,2023-04-08,1159
1855,90,24.965869554156797,2023-04-16,1159
1856,7,51.600177435530185,2023-04-23,1159
1857,0,37.00999132058181,2023-04-26,1159
1858,0,26.97374375308175,2023-04-29,1159
1859,90,11.630965235120357,2023-05-03,1159
1860,90,24.58243366314744,2023-05-07,1159
1861,0,25.309430360605376,2023-05-14,1159
1862,45,14.579150573259524,2023-05-21,1159
1863,90,22.8338964611777,2023-05-28,1159
1864,90,44.05660652573491,2024-05-11,1006
1865,90,43.83252142701963,2024-05-19,1006
1866,0,0.0,2024-04-14,814
1867,0,0.0,2024-04-20,814
1868,0,0.0,2024-04-23,814
1869,0,0.0,2024-04-28,814
1870,0,0.0,2024-05-04,814
1871,0,0.0,2024-05-12,814
1872,0,0.0,2024-05-19,814
1873,0,0.0,2023-03-19,814
1874,0,0.0,2024-04-25,871
1875,0,0.0,2024-04-28,871
1876,0,0.0,2024-05-05,871
1877,0,0.0,2024-05-11,871
1878,0,0.0,2024-05-15,871
1879,0,0.0,2024-05-19,871
1880,0,48.14214939633831,2023-03-01,979
1881,0,46.44882411769103,2023-03-05,979
1882,0,48.523544519908654,2023-03-11,979
1883,0,36.12690705755017,2023-04-01,979
1884,90,38.02897670876297,2023-04-04,979
1885,0,45.02621104194213,2023-04-09,979
1886,0,43.42533509282984,2023-04-17,979
1887,0,51.21431339973972,2023-04-22,979
1888,90,39.08266395204396,2023-04-26,979
1889,0,47.3261609439011,2023-04-30,979
1890,0,40.178379852507106,2023-05-03,979
1891,0,43.43661150909094,2023-05-06,979
1892,0,47.567693478431494,2023-05-15,979
1893,0,29.579994819121964,2023-05-20,979
1894,90,27.39811834723784,2023-05-28,979
1895,0,0.0,2024-01-20,1083
1896,0,0.0,2024-01-30,1083
1897,0,0.0,2024-02-04,1083
1898,0,0.0,2024-02-10,1083
1899,0,0.0,2024-02-17,1083
1900,0,0.0,2024-02-24,1083
1901,0,0.0,2024-03-02,1083
1902,0,0.0,2024-03-10,1083
1903,0,0.0,2024-03-16,1083
1904,0,0.0,2024-03-30,1083
1905,0,0.0,2024-04-02,1083
1906,0,0.0,2024-04-07,1083
1907,0,0.0,2024-04-13,1083
1908,0,0.0,2024-04-21,1083
1909,0,0.0,2024-04-28,1083
1910,0,0.0,2024-05-04,1083
1911,0,0.0,2024-05-11,1083
1912,0,0.0,2024-05-19,1083
1913,0,0.0,2022-08-06,1083
1914,0,0.0,2023-02-05,1083
1915,0,0.0,2023-02-11,1083
1916,0,0.0,2023-02-18,1083
1917,0,0.0,2023-02-25,1083
1918,0,0.0,2023-03-05,1083
1919,0,0.0,2023-03-11,1083
1920,0,0.0,2023-03-17,1083
1921,0,0.0,2023-04-01,1083
1922,0,0.0,2023-04-04,1083
1923,0,0.0,2023-04-08,1083
1924,0,0.0,2023-04-16,1083
1925,0,0.0,2023-04-22,1083
1926,0,0.0,2023-04-26,1083
1927,0,0.0,2023-04-29,1083
1928,0,0.0,2023-05-08,1083
1929,0,0.0,2023-05-13,1083
1930,0,0.0,2023-05-20,1083
1931,0,0.0,2023-05-28,1083
1932,0,0.0,2024-01-31,849
1933,0,0.0,2024-02-05,849
1934,0,0.0,2024-02-10,849
1935,0,0.0,2024-02-17,849
1936,0,0.0,2024-02-20,849
1937,0,0.0,2024-02-26,849
1938,0,0.0,2024-03-02,849
1939,0,0.0,2024-03-09,849
1940,0,0.0,2024-03-16,849
1941,0,0.0,2024-03-30,849
1942,0,0.0,2024-04-03,849
1943,0,0.0,2024-04-06,849
1944,0,0.0,2024-04-13,849
1945,0,0.0,2024-04-20,849
1946,0,0.0,2024-04-27,849
1947,0,0.0,2024-05-04,849
1948,0,0.0,2024-05-11,849
1949,0,0.0,2024-05-19,849
1950,6,0.0,2022-08-07,849
1951,0,0.0,2023-02-04,849
1952,0,11.18769524287491,2023-02-11,849
1953,0,0.0,2023-02-18,849
1954,0,0.0,2023-03-06,849
1955,0,11.13946055080713,2023-03-11,849
1956,0,0.0,2023-03-15,849
1957,0,0.0,2023-03-18,849
1958,0,0.0,2023-04-01,849
1959,0,0.0,2023-04-05,849
1960,0,0.0,2023-04-08,849
1961,0,0.0,2023-04-15,849
1962,0,0.0,2023-04-22,849
1963,0,0.0,2023-04-26,849
1964,0,0.0,2023-04-29,849
1965,0,0.0,2023-05-06,849
1966,0,0.0,2023-05-14,849
1967,0,0.0,2023-05-20,849
1968,0,0.0,2023-05-28,849
1969,90,45.146698532876144,2024-01-30,1111
1970,90,47.25656611446237,2024-02-03,1111
1971,90,48.046328565977376,2024-02-10,1111
1972,90,65.25356884123607,2024-02-18,1111
1973,90,90.0,2024-02-25,1111
1974,90,90.0,2024-03-04,1111
1975,68,90.0,2024-03-09,1111
1976,90,78.90704700432858,2024-03-30,1111
1977,90,77.7861727856311,2024-04-04,1111
1978,90,79.50917738677163,2024-04-07,1111
1979,75,90.0,2024-04-13,1111
1980,90,75.43586410625144,2024-04-20,1111
1981,77,90.0,2024-04-24,1111
1982,90,61.2217234796623,2024-04-27,1111
1983,90,76.08029937242534,2024-05-04,1111
1984,90,68.40655998843982,2024-05-11,1111
1985,90,64.6750696290928,2024-05-19,1111
1986,0,44.39094949426507,2024-02-17,881
1987,0,44.841203406754005,2024-02-24,881
1988,0,49.26253305577336,2024-03-03,881
1989,0,26.87726639999275,2024-03-10,881
1990,0,25.22594650849007,2024-03-16,881
1991,0,18.05315874274143,2024-03-30,881
1992,0,20.396860404653125,2024-04-02,881
1993,0,15.308164794936388,2024-04-06,881
1994,0,12.265728686502795,2024-04-13,881
1995,0,0.0,2024-04-20,881
1996,0,0.0,2024-04-27,881
1997,0,14.903034120104564,2024-05-04,881
1998,0,12.176175542434294,2024-05-11,881
1999,0,0.0,2024-05-19,881
2000,90,70.95280133869059,2023-02-08,1278
2001,90,78.5377035437462,2023-02-12,1278
2002,90,90.0,2023-02-18,1278
2003,90,90.0,2023-02-25,1278
2004,90,90.0,2023-03-04,1278
2005,90,90.0,2023-03-11,1278
2006,90,90.0,2023-03-18,1278
2007,73,90.0,2023-04-01,1278
2008,90,90.0,2023-04-04,1278
2009,90,75.55091642607005,2023-04-09,1278
2010,90,69.87125036797022,2023-04-17,1278
2011,90,63.2263905137234,2023-04-22,1278
2012,90,74.70809373856088,2023-04-25,1278
2013,90,73.83379568485935,2023-04-30,1278
2014,0,90.0,2023-05-06,1278
2015,90,43.28393424591846,2023-05-13,1278
2016,90,66.51187552622213,2023-05-21,1278
2017,90,77.06909773699604,2023-05-28,1278
2018,0,0.0,2023-03-01,334
2019,0,0.0,2023-03-05,334
2020,0,0.0,2023-03-11,334
2021,0,0.0,2023-03-18,334
2022,0,0.0,2023-04-03,334
2023,0,0.0,2023-04-08,334
2024,0,0.0,2023-04-15,334
2025,0,0.0,2023-04-22,334
2026,0,0.0,2023-04-27,334
2027,0,0.0,2023-05-01,334
2028,0,0.0,2023-05-08,334
2029,0,0.0,2023-05-14,334
2030,0,0.0,2023-05-20,334
2031,0,0.0,2023-05-28,334
2032,0,0.0,2023-04-01,1229
2033,0,0.0,2023-04-09,1229
2034,0,0.0,2023-04-15,1229
2035,0,0.0,2023-04-22,1229
2036,0,0.0,2023-04-25,1229
2037,0,0.0,2023-04-29,1229
2038,0,0.0,2023-05-06,1229
2039,0,0.0,2023-05-13,1229
2040,0,0.0,2023-05-20,1229
2041,0,0.0,2023-05-28,1229
2042,0,0.0,2023-02-08,1274
2043,0,0.0,2023-02-12,1274
2044,0,0.0,2023-02-18,1274
2045,0,0.0,2023-02-25,1274
2046,0,0.0,2023-03-04,1274
2047,0,0.0,2023-03-11,1274
2048,0,0.0,2023-03-18,1274
2049,0,0.0,2023-04-01,1274
2050,0,0.0,2023-04-04,1274
2051,0,0.0,2023-04-09,1274
2052,0,0.0,2023-04-17,1274
2053,0,0.0,2023-04-22,1274
2054,0,0.0,2023-04-25,1274
2055,0,0.0,2023-04-30,1274
2056,0,0.0,2023-05-06,1274
2057,0,0.0,2023-05-13,1274
2058,0,0.0,2023-05-21,1274
2059,0,0.0,2023-05-28,1274
2060,0,0.0,2023-02-11,1180
2061,0,0.0,2023-02-15,1180
2062,0,0.0,2023-02-18,1180
2063,0,0.0,2023-02-25,1180
2064,0,0.0,2023-03-01,1180
2065,0,0.0,2023-03-04,1180
2066,0,0.0,2023-03-12,1180
2067,0,0.0,2023-03-19,1180
2068,0,0.0,2023-04-01,1180
2069,0,0.0,2023-04-09,1180
2070,0,0.0,2023-04-16,1180
2071,0,0.0,2023-04-21,1180
2072,0,0.0,2023-04-26,1180
2073,0,0.0,2023-05-02,1180
2074,0,0.0,2023-05-07,1180
2075,0,0.0,2023-05-14,1180
2076,0,0.0,2023-05-20,1180
2077,0,0.0,2023-05-28,1180
2078,0,0.0,2023-05-06,1382
2079,0,0.0,2023-05-13,1382
2080,0,0.0,2023-05-20,1382
2081,0,0.0,2023-05-28,1382
2082,0,0.0,2023-02-04,1346
2083,0,0.0,2023-02-11,1346
2084,0,0.0,2023-02-18,1346
2085,0,0.0,2023-02-25,1346
2086,0,0.0,2023-03-04,1346
2087,0,0.0,2023-03-12,1346
2088,0,0.0,2023-03-15,1346
2089,0,0.0,2023-03-18,1346
2090,0,0.0,2023-04-02,1346
2091,0,0.0,2023-04-08,1346
2092,0,0.0,2023-04-15,1346
2093,0,0.0,2023-04-21,1346
2094,0,0.0,2023-04-27,1346
2095,0,0.0,2023-04-30,1346
2096,0,0.0,2023-05-08,1346
2097,0,0.0,2023-05-13,1346
2098,0,0.0,2023-05-21,1346
2099,0,0.0,2023-05-28,1346
2100,90,41.481346152866024,2023-02-04,1370
2101,90,48.7557174238957,2023-02-11,1370
2102,90,52.51152704148137,2023-02-19,1370
2103,45,61.95890302217808,2023-02-25,1370
2104,0,61.62537301495928,2023-03-04,1370
2105,0,39.70359048812074,2023-03-12,1370
2106,0,53.06414661000994,2023-04-02,1370
2107,27,61.07150825684374,2023-04-05,1370
2108,90,66.84374738493119,2023-04-08,1370
2109,90,67.71851086729961,2023-04-16,1370
2110,82,61.20122466970656,2023-04-23,1370
2111,90,65.93446289713438,2023-04-26,1370
2112,90,68.00352357196559,2023-04-29,1370
2113,61,63.07622771850651,2023-05-03,1370
2114,90,62.235581134117325,2023-05-21,1370
2115,90,62.43333629974347,2023-05-28,1370
2116,0,0.0,2023-02-04,1236
2117,0,0.0,2023-02-13,1236
2118,0,0.0,2023-02-18,1236
2119,0,0.0,2023-02-25,1236
2120,0,0.0,2023-03-01,1236
2121,0,0.0,2023-03-05,1236
2122,0,0.0,2023-03-11,1236
2123,0,0.0,2023-03-18,1236
2124,0,0.0,2023-04-03,1236
2125,0,0.0,2023-04-08,1236
2126,0,0.0,2023-04-15,1236
2127,0,0.0,2023-04-22,1236
2128,0,0.0,2023-04-27,1236
2129,0,0.0,2023-05-01,1236
2130,0,0.0,2023-05-08,1236
2131,0,0.0,2023-05-14,1236
2132,0,0.0,2023-05-20,1236
2133,0,0.0,2023-05-28,1236
