Unnamed: 0,player_id,datetime,minutes,predmin
0,108,2025-01-14,90,0.0
1,108,2025-01-18,90,90.0
2,108,2025-01-25,90,90.0
3,108,2025-02-01,90,90.0
4,108,2025-02-15,90,90.0
5,108,2025-02-22,90,90.0
6,108,2025-02-25,90,90.0
7,108,2025-03-09,90,90.0
8,108,2025-03-15,90,90.0
9,108,2025-04-02,90,90.0
10,108,2025-04-05,90,90.0
11,108,2025-04-14,90,90.0
12,108,2025-04-19,90,90.0
13,108,2025-04-27,90,90.0
14,108,2025-05-03,90,90.0
15,108,2025-05-10,90,90.0
16,108,2025-05-20,90,90.0
17,8,2025-01-15,0,90.0
18,8,2025-01-18,0,0.0
19,8,2025-01-25,0,0.0
20,8,2025-02-02,0,0.0
21,8,2025-02-15,0,0.0
22,8,2025-02-22,0,0.0
23,8,2025-02-26,0,0.0
24,8,2025-03-09,0,0.0
25,8,2025-03-16,0,0.0
26,8,2025-04-01,74,0.0
27,8,2025-04-05,90,74.0
28,8,2025-04-12,90,90.0
29,8,2025-04-20,90,90.0
30,8,2025-04-23,90,90.0
31,8,2025-05-03,90,90.0
32,8,2025-05-11,90,90.0
33,8,2025-05-18,90,90.0
34,8,2023-08-12,0,90.0
35,8,2024-01-20,9,0.0
36,8,2024-01-30,1,9.0
37,8,2024-02-04,45,1.0
38,8,2024-02-11,90,45.0
39,8,2024-02-17,90,90.0
40,8,2024-02-24,90,90.0
41,8,2024-03-04,90,90.0
42,8,2024-03-09,78,90.0
43,8,2024-03-31,65,78.0
44,8,2024-04-03,0,65.0
45,8,2024-04-06,0,0.0
46,8,2024-04-14,0,0.0
47,8,2024-04-20,90,0.0
48,8,2024-04-23,0,90.0
49,8,2024-04-28,1,0.0
50,8,2024-05-04,0,1.0
51,8,2024-05-12,1,0.0
52,8,2024-05-19,0,1.0
53,8,2023-02-04,0,0.0
54,545,2025-05-04,45,0.0
55,545,2025-05-11,51,45.0
56,545,2025-05-16,0,51.0
57,504,2024-03-10,90,0.0
58,504,2024-03-31,0,90.0
59,504,2024-04-03,0,0.0
60,504,2024-04-06,90,0.0
61,504,2024-04-13,0,90.0
62,504,2024-04-25,0,0.0
63,504,2024-04-28,0,0.0
64,504,2024-05-04,21,0.0
65,504,2024-05-11,0,21.0
66,504,2024-05-14,0,0.0
67,504,2024-05-19,0,0.0
68,504,2022-08-07,0,0.0
69,504,2023-04-08,55,0.0
70,504,2023-04-15,45,55.0
71,504,2023-04-26,90,45.0
72,504,2023-04-30,90,90.0
73,504,2023-05-03,90,90.0
74,504,2023-05-06,0,90.0
75,504,2023-05-14,0,0.0
76,504,2023-05-21,33,0.0
77,504,2023-05-24,83,33.0
78,504,2023-05-28,0,83.0
79,596,2025-01-15,0,0.0
80,596,2025-01-18,0,0.0
81,596,2025-01-25,0,0.0
82,596,2025-02-01,0,0.0
83,596,2025-02-15,0,0.0
84,596,2025-02-23,0,0.0
85,596,2025-02-26,0,0.0
86,596,2025-03-10,0,0.0
87,596,2025-04-02,0,0.0
88,596,2025-04-07,0,0.0
89,596,2025-04-13,0,0.0
90,596,2025-04-16,0,0.0
91,596,2025-04-19,0,0.0
92,596,2025-04-26,0,0.0
93,596,2025-05-04,0,0.0
94,596,2025-05-11,0,0.0
95,596,2025-05-18,0,0.0
96,739,2025-01-14,90,0.0
97,739,2025-01-18,90,90.0
98,739,2025-01-26,90,90.0
99,739,2025-02-03,90,90.0
100,739,2025-02-15,90,90.0
101,739,2025-02-22,90,90.0
102,739,2025-02-27,90,90.0
103,739,2025-03-10,90,90.0
104,739,2025-03-15,90,90.0
105,739,2025-04-01,90,90.0
106,739,2025-04-05,90,90.0
107,739,2025-04-13,90,90.0
108,739,2025-04-19,90,90.0
109,739,2025-04-26,90,90.0
110,739,2025-05-04,90,90.0
111,739,2025-05-11,90,90.0
112,739,2025-05-18,90,90.0
113,739,2023-08-14,90,90.0
114,739,2024-01-22,90,90.0
115,739,2024-02-01,90,90.0
116,739,2024-02-04,90,90.0
117,739,2024-02-10,90,90.0
118,739,2024-02-17,90,90.0
119,739,2024-02-25,90,90.0
120,739,2024-03-02,90,90.0
121,739,2024-03-09,90,90.0
122,739,2024-03-30,90,90.0
123,739,2024-04-02,90,90.0
124,739,2024-04-06,90,90.0
125,739,2024-04-13,90,90.0
126,739,2024-04-20,90,90.0
127,739,2024-04-24,90,90.0
128,739,2024-04-27,90,90.0
129,739,2024-05-04,90,90.0
130,739,2024-05-11,90,90.0
131,739,2024-05-19,90,90.0
132,739,2022-08-06,90,90.0
133,739,2023-02-04,90,90.0
134,739,2023-02-11,90,90.0
135,739,2023-02-18,90,90.0
136,739,2023-02-24,90,90.0
137,739,2023-03-01,90,90.0
138,739,2023-03-04,90,90.0
139,739,2023-03-12,90,90.0
140,739,2023-03-18,90,90.0
141,739,2023-04-01,90,90.0
142,739,2023-04-08,90,90.0
143,739,2023-04-15,90,90.0
144,739,2023-04-22,90,90.0
145,739,2023-04-25,90,90.0
146,739,2023-04-29,90,90.0
147,739,2023-05-06,90,90.0
148,739,2023-05-13,90,90.0
149,739,2023-05-20,0,90.0
150,739,2023-05-28,67,0.0
151,387,2025-01-16,0,67.0
152,387,2025-01-19,0,0.0
153,387,2025-01-25,0,0.0
154,387,2025-02-01,0,0.0
155,387,2025-02-15,0,0.0
156,387,2025-02-22,0,0.0
157,387,2025-02-26,0,0.0
158,387,2025-03-08,0,0.0
159,387,2025-03-15,0,0.0
160,387,2025-04-02,0,0.0
161,387,2025-04-05,0,0.0
162,387,2025-04-13,0,0.0
163,387,2025-04-20,0,0.0
164,387,2025-04-26,0,0.0
165,387,2025-05-03,0,0.0
166,387,2025-05-10,0,0.0
167,387,2025-05-18,0,0.0
168,323,2025-01-19,87,0.0
169,323,2025-01-25,90,87.0
170,323,2025-02-01,90,90.0
171,323,2025-02-12,90,90.0
172,323,2025-02-15,90,90.0
173,323,2025-02-22,90,90.0
174,323,2025-02-26,90,90.0
175,323,2025-03-08,90,90.0
176,323,2025-03-15,90,90.0
177,323,2025-04-02,90,90.0
178,323,2025-04-05,90,90.0
179,323,2025-04-12,90,90.0
180,323,2025-04-19,90,90.0
181,323,2025-04-26,90,90.0
182,323,2025-05-03,90,90.0
183,323,2025-05-10,0,90.0
184,323,2025-05-18,90,0.0
185,323,2023-08-12,0,90.0
186,323,2024-01-20,0,0.0
187,323,2024-01-30,0,0.0
188,323,2024-02-03,0,0.0
189,323,2024-02-12,0,0.0
190,323,2024-02-19,0,0.0
191,323,2024-02-24,0,0.0
192,323,2024-03-02,0,0.0
193,323,2024-03-09,0,0.0
194,323,2024-03-30,0,0.0
195,323,2024-04-02,0,0.0
196,323,2024-04-06,0,0.0
197,323,2024-04-14,0,0.0
198,323,2024-04-21,0,0.0
199,323,2024-04-24,0,0.0
200,323,2024-04-27,0,0.0
201,323,2024-05-06,0,0.0
202,323,2024-05-11,0,0.0
203,323,2024-05-19,0,0.0
204,340,2025-01-14,90,0.0
205,340,2025-01-18,90,90.0
206,340,2025-01-26,90,90.0
207,340,2025-02-01,90,90.0
208,340,2025-02-15,90,90.0
209,340,2025-02-22,90,90.0
210,340,2025-02-25,14,90.0
211,340,2025-03-08,90,14.0
212,340,2025-03-16,90,90.0
213,340,2025-04-01,0,90.0
214,340,2025-04-06,90,0.0
215,340,2025-04-14,90,90.0
216,340,2025-04-20,90,90.0
217,340,2025-04-26,90,90.0
218,340,2025-05-03,90,90.0
219,340,2025-05-10,90,90.0
220,340,2025-05-18,90,90.0
221,340,2023-08-12,0,90.0
222,340,2024-01-30,0,0.0
223,340,2024-02-03,0,0.0
224,340,2024-02-10,0,0.0
225,340,2024-02-17,14,0.0
226,340,2024-02-24,90,14.0
227,340,2024-03-02,90,90.0
228,340,2024-03-09,90,90.0
229,340,2024-03-16,90,90.0
230,340,2024-03-30,90,90.0
231,340,2024-04-02,90,90.0
232,340,2024-04-06,90,90.0
233,340,2024-04-14,90,90.0
234,340,2024-04-21,90,90.0
235,340,2024-04-27,90,90.0
236,340,2024-05-04,90,90.0
237,340,2024-05-11,90,90.0
238,340,2024-05-19,90,90.0
239,509,2025-01-19,0,90.0
240,509,2025-01-25,0,0.0
241,509,2025-02-02,0,0.0
242,509,2025-02-15,0,0.0
243,509,2025-02-23,0,0.0
244,509,2025-02-26,0,0.0
245,509,2025-03-08,0,0.0
246,509,2025-03-15,0,0.0
247,509,2025-04-02,0,0.0
248,509,2025-04-06,0,0.0
249,509,2025-04-12,0,0.0
250,509,2025-04-19,0,0.0
251,509,2025-04-22,0,0.0
252,509,2025-05-02,0,0.0
253,509,2025-05-10,0,0.0
254,509,2025-05-20,0,0.0
255,509,2023-08-12,63,0.0
256,509,2024-01-30,0,63.0
257,509,2024-02-03,0,0.0
258,509,2024-02-10,0,0.0
259,509,2024-02-18,0,0.0
260,509,2024-02-21,16,0.0
261,509,2024-03-02,90,16.0
262,509,2024-03-09,90,90.0
263,509,2024-03-13,90,90.0
264,509,2024-03-16,90,90.0
265,509,2024-03-30,90,90.0
266,509,2024-04-03,90,90.0
267,509,2024-04-06,90,90.0
268,509,2024-04-13,0,90.0
269,509,2024-04-20,34,0.0
270,509,2024-04-27,0,34.0
271,509,2024-05-03,0,0.0
272,509,2024-05-11,0,0.0
273,509,2024-05-19,0,0.0
274,413,2025-01-15,0,0.0
275,413,2025-01-18,0,0.0
276,413,2025-01-26,3,0.0
277,413,2025-02-01,0,3.0
278,413,2025-02-15,0,0.0
279,413,2025-02-21,7,0.0
280,413,2025-02-27,0,7.0
281,413,2025-03-09,90,0.0
282,413,2025-03-16,90,90.0
283,413,2025-04-02,90,90.0
284,413,2025-04-07,90,90.0
285,413,2025-04-12,90,90.0
286,413,2025-04-20,90,90.0
287,413,2025-04-26,90,90.0
288,413,2025-05-03,90,90.0
289,413,2025-05-11,90,90.0
290,413,2025-05-18,90,90.0
291,413,2022-08-06,0,90.0
292,413,2023-02-04,90,0.0
293,413,2023-02-13,90,90.0
294,413,2023-02-18,90,90.0
295,413,2023-02-25,90,90.0
296,413,2023-03-01,0,90.0
297,413,2023-03-05,0,0.0
298,413,2023-03-11,0,0.0
299,413,2023-03-18,0,0.0
300,413,2023-04-03,0,0.0
301,413,2023-04-08,0,0.0
302,413,2023-04-15,0,0.0
303,413,2023-04-22,0,0.0
304,413,2023-04-27,0,0.0
305,413,2023-05-01,0,0.0
306,413,2023-05-08,0,0.0
307,413,2023-05-14,34,0.0
308,413,2023-05-20,0,34.0
309,413,2023-05-28,90,0.0
310,186,2025-01-16,0,90.0
311,186,2025-01-19,0,0.0
312,186,2025-01-25,0,0.0
313,186,2025-02-01,0,0.0
314,186,2025-02-14,0,0.0
315,186,2025-02-22,0,0.0
316,186,2025-02-25,0,0.0
317,186,2025-03-08,0,0.0
318,186,2025-03-15,0,0.0
319,186,2025-04-02,0,0.0
320,186,2025-04-05,0,0.0
321,186,2025-04-12,0,0.0
322,186,2025-04-19,0,0.0
323,186,2025-04-26,0,0.0
324,186,2025-05-04,0,0.0
325,186,2025-05-10,0,0.0
326,186,2025-05-19,0,0.0
327,186,2024-04-03,0,0.0
328,747,2025-01-14,0,0.0
329,747,2025-01-18,0,0.0
330,747,2025-01-26,0,0.0
331,747,2025-02-03,0,0.0
332,747,2025-02-15,0,0.0
333,747,2025-02-22,0,0.0
334,747,2025-02-27,0,0.0
335,747,2025-03-10,0,0.0
336,747,2025-03-15,0,0.0
337,747,2025-04-01,0,0.0
338,747,2025-04-05,0,0.0
339,747,2025-04-13,0,0.0
340,747,2025-04-19,0,0.0
341,747,2025-04-26,0,0.0
342,747,2025-05-04,0,0.0
343,747,2025-05-11,0,0.0
344,747,2025-05-18,0,0.0
345,747,2023-08-12,90,0.0
346,747,2024-02-04,90,90.0
347,747,2024-02-11,45,90.0
348,747,2024-02-17,90,45.0
349,747,2024-02-26,90,90.0
350,747,2024-03-02,90,90.0
351,747,2024-03-10,0,90.0
352,747,2024-03-17,90,0.0
353,747,2024-03-30,90,90.0
354,747,2024-04-02,90,90.0
355,747,2024-04-06,90,90.0
356,747,2024-04-14,30,90.0
357,747,2024-04-21,90,30.0
358,747,2024-04-27,90,90.0
359,747,2024-05-05,90,90.0
360,747,2024-05-11,90,90.0
361,747,2024-05-19,90,90.0
362,747,2022-08-07,90,90.0
363,747,2023-04-05,90,90.0
364,747,2023-04-08,90,90.0
365,747,2023-04-16,90,90.0
366,747,2023-04-23,90,90.0
367,747,2023-04-26,90,90.0
368,747,2023-04-29,18,90.0
369,747,2023-05-03,0,18.0
370,747,2023-05-07,0,0.0
371,747,2023-05-14,0,0.0
372,747,2023-05-21,45,0.0
373,747,2023-05-28,0,45.0
374,475,2025-01-18,90,0.0
375,475,2025-01-25,90,90.0
376,475,2025-02-01,90,90.0
377,475,2025-02-12,90,90.0
378,475,2025-02-16,90,90.0
379,475,2025-02-19,90,90.0
380,475,2025-02-23,90,90.0
381,475,2025-02-26,90,90.0
382,475,2025-03-08,90,90.0
383,475,2025-04-02,90,90.0
384,475,2025-04-06,90,90.0
385,475,2025-04-13,90,90.0
386,475,2025-04-20,90,90.0
387,475,2025-04-27,90,90.0
388,475,2025-05-04,90,90.0
389,475,2025-05-11,90,90.0
390,475,2025-05-19,0,90.0
391,475,2023-08-13,90,0.0
392,475,2024-02-04,90,90.0
393,475,2024-02-10,90,90.0
394,475,2024-02-17,90,90.0
395,475,2024-02-21,90,90.0
396,475,2024-03-02,90,90.0
397,475,2024-03-10,90,90.0
398,475,2024-03-31,90,90.0
399,475,2024-04-04,90,90.0
400,475,2024-04-07,90,90.0
401,475,2024-04-14,90,90.0
402,475,2024-04-21,90,90.0
403,475,2024-04-24,90,90.0
404,475,2024-04-27,90,90.0
405,475,2024-05-05,90,90.0
406,475,2024-05-13,90,90.0
407,475,2024-05-19,90,90.0
408,475,2022-08-06,90,90.0
409,475,2023-03-01,90,90.0
410,475,2023-03-05,90,90.0
411,475,2023-03-11,90,90.0
412,475,2023-04-01,90,90.0
413,475,2023-04-04,0,90.0
414,475,2023-04-09,90,0.0
415,475,2023-04-17,90,90.0
416,475,2023-04-22,90,90.0
417,475,2023-04-26,90,90.0
418,475,2023-04-30,90,90.0
419,475,2023-05-03,90,90.0
420,475,2023-05-06,90,90.0
421,475,2023-05-15,90,90.0
422,475,2023-05-20,90,90.0
423,475,2023-05-28,0,90.0
424,256,2025-05-11,0,0.0
425,256,2025-05-16,0,0.0
426,256,2024-03-11,0,0.0
427,141,2025-01-14,0,0.0
428,141,2025-01-18,0,0.0
429,141,2025-01-26,0,0.0
430,141,2025-02-02,0,0.0
431,141,2025-02-15,30,0.0
432,141,2025-02-21,90,30.0
433,141,2025-02-26,90,90.0
434,141,2025-03-08,90,90.0
435,141,2025-03-15,90,90.0
436,141,2025-04-02,82,90.0
437,141,2025-04-06,0,82.0
438,141,2025-04-12,0,0.0
439,141,2025-04-19,0,0.0
440,141,2025-05-01,0,0.0
441,141,2025-05-04,0,0.0
442,141,2025-05-10,0,0.0
443,141,2025-05-18,0,0.0
444,141,2023-08-13,90,0.0
445,141,2024-01-31,90,90.0
446,141,2024-02-05,90,90.0
447,141,2024-02-10,90,90.0
448,141,2024-04-13,1,90.0
449,141,2024-04-20,90,1.0
450,141,2024-04-27,90,90.0
451,141,2024-05-04,90,90.0
452,141,2024-05-11,90,90.0
453,141,2024-05-19,90,90.0
454,141,2022-08-07,0,90.0
455,141,2023-02-04,90,0.0
456,141,2023-02-11,90,90.0
457,141,2023-02-18,90,90.0
458,141,2023-03-06,90,90.0
459,141,2023-03-11,90,90.0
460,141,2023-03-15,90,90.0
461,141,2023-03-18,90,90.0
462,141,2023-04-01,90,90.0
463,141,2023-04-05,90,90.0
464,141,2023-04-08,90,90.0
465,141,2023-04-15,90,90.0
466,141,2023-04-22,90,90.0
467,141,2023-04-26,90,90.0
468,141,2023-04-29,90,90.0
469,141,2023-05-06,90,90.0
470,141,2023-05-14,90,90.0
471,141,2023-05-20,90,90.0
472,141,2023-05-28,90,90.0
473,59,2025-01-18,90,90.0
474,59,2025-01-26,37,90.0
475,59,2025-02-15,74,37.0
476,59,2025-02-19,90,74.0
477,59,2025-02-22,59,90.0
478,59,2025-03-08,90,59.0
479,59,2025-04-02,0,90.0
480,59,2025-04-05,90,0.0
481,59,2025-04-12,90,90.0
482,59,2025-04-19,90,90.0
483,59,2025-04-22,0,90.0
484,59,2025-05-03,0,0.0
485,59,2025-05-10,69,0.0
486,59,2025-05-16,0,69.0
487,59,2023-08-12,30,0.0
488,59,2023-02-04,90,30.0
489,59,2023-02-12,0,90.0
490,59,2023-02-18,90,0.0
491,59,2023-02-25,90,90.0
492,59,2023-03-04,90,90.0
493,59,2023-03-12,90,90.0
494,59,2023-03-18,90,90.0
495,59,2023-04-01,90,90.0
496,59,2023-04-04,90,90.0
497,59,2023-04-08,90,90.0
498,59,2023-04-15,90,90.0
499,59,2023-04-22,90,90.0
500,59,2023-04-25,90,90.0
501,59,2023-04-30,90,90.0
502,59,2023-05-06,90,90.0
503,59,2023-05-13,90,90.0
504,59,2023-05-20,90,90.0
505,59,2023-05-28,90,90.0
506,374,2025-01-16,0,90.0
507,374,2025-01-19,0,0.0
508,374,2025-01-25,0,0.0
509,374,2025-02-01,0,0.0
510,374,2025-02-15,0,0.0
511,374,2025-02-22,0,0.0
512,374,2025-02-26,0,0.0
513,374,2025-03-08,0,0.0
514,374,2025-03-15,0,0.0
515,374,2025-04-02,0,0.0
516,374,2025-04-05,0,0.0
517,374,2025-04-13,0,0.0
518,374,2025-04-20,0,0.0
519,374,2025-04-26,0,0.0
520,374,2025-05-03,0,0.0
521,374,2025-05-10,0,0.0
522,374,2025-05-18,0,0.0
523,760,2025-01-15,90,0.0
524,760,2025-01-20,73,90.0
525,760,2025-01-25,86,73.0
526,760,2025-02-01,72,86.0
527,760,2025-02-16,90,72.0
528,760,2025-02-22,79,90.0
529,760,2025-02-25,90,79.0
530,760,2025-03-08,90,90.0
531,760,2025-03-15,79,90.0
532,760,2025-04-01,81,79.0
533,760,2025-04-05,87,81.0
534,760,2025-04-13,69,87.0
535,760,2025-04-20,81,69.0
536,760,2025-04-26,76,81.0
537,760,2025-05-02,90,76.0
538,760,2025-05-10,90,90.0
539,760,2025-05-20,90,90.0
540,760,2023-08-14,76,90.0
541,760,2024-01-22,0,76.0
542,760,2024-02-01,36,0.0
543,760,2024-02-04,86,36.0
544,760,2024-02-10,90,86.0
545,760,2024-02-17,90,90.0
546,760,2024-02-25,76,90.0
547,760,2024-03-02,90,76.0
548,760,2024-03-09,90,90.0
549,760,2024-03-30,63,90.0
550,760,2024-04-02,90,63.0
551,760,2024-04-06,54,90.0
552,760,2024-04-13,0,54.0
553,760,2024-04-20,15,0.0
554,760,2024-04-24,90,15.0
555,760,2024-04-27,84,90.0
556,760,2024-05-04,90,84.0
557,760,2024-05-11,60,90.0
558,760,2024-05-19,77,60.0
559,760,2022-08-06,90,77.0
560,760,2023-02-11,45,90.0
561,760,2023-02-18,28,45.0
562,760,2023-02-24,0,28.0
563,760,2023-03-01,66,0.0
564,760,2023-03-04,0,66.0
565,760,2023-03-12,21,0.0
566,760,2023-03-18,0,21.0
567,760,2023-04-01,0,0.0
568,760,2023-04-08,0,0.0
569,760,2023-04-15,0,0.0
570,760,2023-04-22,0,0.0
571,760,2023-04-25,0,0.0
572,760,2023-04-29,0,0.0
573,760,2023-05-06,0,0.0
574,760,2023-05-13,0,0.0
575,760,2023-05-20,0,0.0
576,760,2023-05-28,45,0.0
577,511,2025-04-02,0,45.0
578,511,2025-04-06,0,0.0
579,511,2025-04-12,0,0.0
580,511,2025-04-19,0,0.0
581,511,2025-04-22,0,0.0
582,511,2025-05-02,0,0.0
583,511,2025-05-10,0,0.0
584,511,2025-05-20,0,0.0
585,237,2025-01-14,0,0.0
586,237,2025-01-20,0,0.0
587,237,2025-01-25,0,0.0
588,237,2025-02-03,0,0.0
589,237,2025-02-14,0,0.0
590,237,2025-02-22,0,0.0
591,237,2025-02-25,0,0.0
592,237,2025-03-09,0,0.0
593,237,2025-03-16,0,0.0
594,237,2025-04-03,0,0.0
595,237,2025-04-06,0,0.0
596,237,2025-04-13,0,0.0
597,237,2025-04-20,0,0.0
598,237,2025-04-26,0,0.0
599,237,2025-05-04,0,0.0
600,237,2025-05-11,0,0.0
601,237,2025-05-16,0,0.0
602,237,2023-08-13,0,0.0
603,237,2024-01-13,0,0.0
604,237,2024-01-31,0,0.0
605,237,2024-02-04,0,0.0
606,237,2024-02-12,0,0.0
607,237,2024-02-17,0,0.0
608,237,2024-03-02,0,0.0
609,237,2024-03-11,0,0.0
610,237,2024-03-30,0,0.0
611,237,2024-04-04,0,0.0
612,237,2024-04-07,0,0.0
613,237,2024-04-15,0,0.0
614,237,2024-04-23,0,0.0
615,237,2024-04-27,0,0.0
616,237,2024-05-02,0,0.0
617,237,2024-05-05,0,0.0
618,237,2024-05-11,0,0.0
619,237,2024-05-15,0,0.0
620,237,2024-05-19,0,0.0
621,237,2022-08-06,0,0.0
622,237,2023-02-03,0,0.0
623,237,2023-02-11,0,0.0
624,237,2023-02-18,0,0.0
625,237,2023-02-26,0,0.0
626,237,2023-03-04,0,0.0
627,237,2023-03-11,0,0.0
628,237,2023-03-18,0,0.0
629,237,2023-04-01,0,0.0
630,237,2023-04-04,0,0.0
631,237,2023-04-08,0,0.0
632,237,2023-04-15,0,0.0
633,237,2023-04-26,0,0.0
634,237,2023-05-02,0,0.0
635,237,2023-05-06,0,0.0
636,237,2023-05-13,0,0.0
637,237,2023-05-21,0,0.0
638,237,2023-05-25,0,0.0
639,237,2023-05-28,0,0.0
640,15,2025-01-15,90,0.0
641,15,2025-01-25,90,90.0
642,15,2025-02-02,90,90.0
643,15,2025-02-15,90,90.0
644,15,2025-02-22,85,90.0
645,15,2025-02-26,90,85.0
646,15,2025-03-09,90,90.0
647,15,2025-03-16,90,90.0
648,15,2025-04-01,90,90.0
649,15,2025-04-05,90,90.0
650,15,2025-04-12,90,90.0
651,15,2025-04-20,90,90.0
652,15,2025-04-23,90,90.0
653,15,2025-05-03,90,90.0
654,15,2025-05-11,90,90.0
655,15,2025-05-18,45,90.0
656,15,2023-08-12,90,45.0
657,15,2024-01-20,90,90.0
658,15,2024-01-30,90,90.0
659,15,2024-02-04,90,90.0
660,15,2024-02-11,90,90.0
661,15,2024-02-17,90,90.0
662,15,2024-02-24,90,90.0
663,15,2024-03-04,90,90.0
664,15,2024-03-09,90,90.0
665,15,2024-03-31,90,90.0
666,15,2024-04-03,90,90.0
667,15,2024-04-06,90,90.0
668,15,2024-04-14,90,90.0
669,15,2024-04-20,90,90.0
670,15,2024-04-23,90,90.0
671,15,2024-04-28,90,90.0
672,15,2024-05-04,90,90.0
673,15,2024-05-12,90,90.0
674,15,2024-05-19,90,90.0
675,15,2022-08-05,90,90.0
676,15,2023-02-11,90,90.0
677,15,2023-02-15,90,90.0
678,15,2023-02-18,90,90.0
679,15,2023-02-25,90,90.0
680,15,2023-03-01,90,90.0
681,15,2023-03-04,90,90.0
682,15,2023-03-12,90,90.0
683,15,2023-03-19,0,90.0
684,15,2023-04-01,0,0.0
685,15,2023-04-09,0,0.0
686,15,2023-04-16,0,0.0
687,15,2023-04-21,0,0.0
688,15,2023-04-26,0,0.0
689,15,2023-05-02,0,0.0
690,15,2023-05-07,0,0.0
691,15,2023-05-14,0,0.0
692,15,2023-05-20,0,0.0
693,15,2023-05-28,0,0.0
694,60,2025-01-15,0,0.0
695,60,2025-01-18,0,0.0
696,60,2025-01-26,0,0.0
697,60,2025-02-01,7,0.0
698,60,2025-02-15,0,7.0
699,60,2025-02-19,0,0.0
700,60,2025-02-22,0,0.0
701,60,2025-02-25,0,0.0
702,60,2025-03-08,0,0.0
703,60,2025-04-02,0,0.0
704,60,2025-04-05,0,0.0
705,60,2025-04-12,0,0.0
706,60,2025-04-19,0,0.0
707,60,2025-04-22,0,0.0
708,60,2025-05-03,0,0.0
709,60,2025-05-10,0,0.0
710,60,2025-05-16,0,0.0
711,715,2025-04-13,0,0.0
712,715,2025-04-21,0,0.0
713,715,2025-04-27,0,0.0
714,715,2025-05-04,0,0.0
715,715,2025-05-11,0,0.0
716,715,2025-05-16,0,0.0
717,231,2025-01-14,0,0.0
718,231,2025-01-20,0,0.0
719,231,2025-01-25,0,0.0
720,231,2025-02-03,0,0.0
721,231,2025-02-14,0,0.0
722,231,2025-02-22,0,0.0
723,231,2025-02-25,0,0.0
724,231,2025-03-09,0,0.0
725,231,2025-03-16,0,0.0
726,231,2025-04-03,0,0.0
727,231,2025-04-06,0,0.0
728,231,2025-04-13,0,0.0
729,231,2025-04-20,0,0.0
730,231,2025-04-26,0,0.0
731,231,2025-05-04,0,0.0
732,231,2025-05-11,0,0.0
733,231,2025-05-16,0,0.0
734,231,2023-09-17,0,0.0
735,231,2024-02-17,0,0.0
736,231,2024-03-02,0,0.0
737,231,2024-03-11,0,0.0
738,231,2024-03-30,3,0.0
739,231,2024-04-04,15,3.0
740,231,2024-04-07,0,15.0
741,231,2024-04-15,2,0.0
742,231,2024-04-23,77,2.0
743,231,2024-04-27,0,77.0
744,231,2024-05-02,84,0.0
745,231,2024-05-05,1,84.0
746,231,2024-05-11,0,1.0
747,231,2024-05-15,0,0.0
748,231,2024-05-19,0,0.0
749,231,2023-05-21,0,0.0
750,142,2025-01-14,86,0.0
751,142,2025-01-18,90,86.0
752,142,2025-01-26,90,90.0
753,142,2025-02-02,0,90.0
754,142,2025-02-15,0,0.0
755,142,2025-02-21,0,0.0
756,142,2025-02-26,0,0.0
757,142,2025-03-08,0,0.0
758,142,2025-03-15,0,0.0
759,142,2025-04-02,0,0.0
760,142,2025-04-06,0,0.0
761,142,2025-04-12,0,0.0
762,142,2025-04-19,0,0.0
763,142,2025-05-01,0,0.0
764,142,2025-05-04,0,0.0
765,142,2025-05-10,0,0.0
766,142,2025-05-18,0,0.0
767,142,2023-08-13,18,0.0
768,142,2024-01-31,77,18.0
769,142,2024-02-05,75,77.0
770,142,2024-02-10,90,75.0
771,142,2024-02-17,62,90.0
772,142,2024-02-20,88,62.0
773,142,2024-02-26,17,88.0
774,142,2024-03-02,90,17.0
775,142,2024-03-09,90,90.0
776,142,2024-03-16,58,90.0
777,142,2024-03-30,86,58.0
778,142,2024-04-03,90,86.0
779,142,2024-04-06,90,90.0
780,142,2024-04-13,90,90.0
781,142,2024-04-20,14,90.0
782,142,2024-04-27,6,14.0
783,142,2024-05-04,45,6.0
784,142,2024-05-11,28,45.0
785,142,2024-05-19,62,28.0
786,142,2022-08-07,0,62.0
787,142,2023-02-04,29,0.0
788,142,2023-02-11,90,29.0
789,142,2023-02-18,0,90.0
790,142,2023-03-06,1,0.0
791,142,2023-03-11,0,1.0
792,142,2023-03-15,0,0.0
793,142,2023-03-18,0,0.0
794,142,2023-04-01,0,0.0
795,142,2023-04-05,74,0.0
796,142,2023-04-08,0,74.0
797,142,2023-04-15,0,0.0
798,142,2023-04-22,0,0.0
799,142,2023-04-26,90,0.0
800,142,2023-04-29,0,90.0
801,142,2023-05-06,0,0.0
802,142,2023-05-14,5,0.0
803,142,2023-05-20,1,5.0
804,142,2023-05-28,1,1.0
805,191,2025-01-25,90,1.0
806,191,2025-02-01,90,90.0
807,191,2025-02-14,90,90.0
808,191,2025-02-22,90,90.0
809,191,2025-02-25,90,90.0
810,191,2025-03-08,90,90.0
811,191,2025-03-15,90,90.0
812,191,2025-04-02,90,90.0
813,191,2025-04-05,90,90.0
814,191,2025-04-12,0,90.0
815,191,2025-04-19,90,0.0
816,191,2025-05-04,90,90.0
817,191,2025-05-10,90,90.0
818,191,2025-05-19,90,90.0
819,191,2023-08-12,90,90.0
820,191,2024-01-22,90,90.0
821,191,2024-01-30,90,90.0
822,191,2024-02-03,90,90.0
823,191,2024-02-10,90,90.0
824,191,2024-02-18,90,90.0
825,191,2024-02-24,90,90.0
826,191,2024-03-02,90,90.0
827,191,2024-03-10,90,90.0
828,191,2024-03-31,90,90.0
829,191,2024-04-03,90,90.0
830,191,2024-04-06,90,90.0
831,191,2024-04-13,90,90.0
832,191,2024-04-25,90,90.0
833,191,2024-04-28,0,90.0
834,191,2024-05-05,0,0.0
835,191,2024-05-11,0,0.0
836,191,2024-05-15,0,0.0
837,191,2024-05-19,0,0.0
838,191,2022-08-07,0,0.0
839,191,2023-02-11,0,0.0
840,191,2023-02-18,0,0.0
841,191,2023-03-04,0,0.0
842,191,2023-03-11,2,0.0
843,191,2023-03-15,0,2.0
844,191,2023-04-01,0,0.0
845,191,2023-04-04,0,0.0
846,191,2023-04-08,0,0.0
847,191,2023-04-15,4,0.0
848,191,2023-04-26,0,4.0
849,191,2023-04-29,0,0.0
850,191,2023-05-04,0,0.0
851,191,2023-05-08,0,0.0
852,191,2023-05-14,0,0.0
853,191,2023-05-18,90,0.0
854,191,2023-05-21,1,90.0
855,191,2023-05-24,90,1.0
856,191,2023-05-28,25,90.0
857,95,2025-01-14,0,25.0
858,95,2025-01-18,0,0.0
859,95,2025-01-25,0,0.0
860,95,2025-02-01,0,0.0
861,95,2025-02-15,0,0.0
862,95,2025-02-22,0,0.0
863,95,2025-02-25,0,0.0
864,95,2025-03-09,0,0.0
865,95,2025-03-15,0,0.0
866,95,2025-04-02,0,0.0
867,95,2025-04-05,0,0.0
868,95,2025-04-14,0,0.0
869,95,2025-04-19,0,0.0
870,95,2025-04-27,0,0.0
871,95,2025-05-03,0,0.0
872,95,2025-05-10,0,0.0
873,95,2025-05-20,0,0.0
874,95,2023-08-12,30,0.0
875,95,2024-02-10,0,30.0
876,95,2024-02-17,0,0.0
877,95,2024-02-24,0,0.0
878,95,2024-03-03,78,0.0
879,95,2024-03-09,90,78.0
880,95,2024-03-13,90,90.0
881,95,2024-03-30,90,90.0
882,95,2024-04-02,0,90.0
883,95,2024-04-06,0,0.0
884,95,2024-04-13,0,0.0
885,95,2024-04-21,0,0.0
886,95,2024-04-24,0,0.0
887,95,2024-04-28,0,0.0
888,95,2024-05-04,0,0.0
889,95,2024-05-11,0,0.0
890,95,2024-05-19,0,0.0
891,95,2022-08-06,90,0.0
892,95,2023-02-04,90,90.0
893,95,2023-02-11,37,90.0
894,95,2023-02-18,9,37.0
895,95,2023-02-25,90,9.0
896,95,2023-03-04,90,90.0
897,95,2023-03-11,0,90.0
898,95,2023-03-18,0,0.0
899,95,2023-04-01,0,0.0
900,95,2023-04-04,0,0.0
901,95,2023-04-08,90,0.0
902,95,2023-04-15,90,90.0
903,95,2023-04-23,90,90.0
904,95,2023-04-27,90,90.0
905,95,2023-04-30,0,90.0
906,95,2023-05-06,0,0.0
907,95,2023-05-13,90,0.0
908,95,2023-05-20,0,90.0
909,95,2023-05-28,0,0.0
910,779,2025-01-15,0,0.0
911,779,2025-01-20,0,0.0
912,779,2025-01-25,0,0.0
913,779,2025-02-01,0,0.0
914,779,2025-02-16,0,0.0
915,779,2025-02-22,0,0.0
916,779,2025-02-25,0,0.0
917,779,2025-03-08,0,0.0
918,779,2025-03-15,0,0.0
919,779,2025-04-01,0,0.0
920,779,2025-04-05,0,0.0
921,779,2025-04-13,0,0.0
922,779,2025-04-20,0,0.0
923,779,2025-04-26,0,0.0
924,779,2025-05-02,0,0.0
925,779,2025-05-10,0,0.0
926,779,2025-05-20,0,0.0
927,779,2023-08-14,0,0.0
928,779,2024-01-22,0,0.0
929,779,2024-02-01,0,0.0
930,779,2024-02-04,0,0.0
931,779,2024-02-10,0,0.0
932,779,2024-02-17,0,0.0
933,779,2024-02-25,0,0.0
934,779,2024-03-02,0,0.0
935,779,2024-03-09,0,0.0
936,779,2024-03-30,0,0.0
937,779,2024-04-02,0,0.0
938,779,2024-04-06,0,0.0
939,779,2024-04-13,0,0.0
940,779,2024-04-20,0,0.0
941,779,2024-04-24,0,0.0
942,779,2024-04-27,0,0.0
943,779,2024-05-04,0,0.0
944,779,2024-05-11,0,0.0
945,779,2024-05-19,0,0.0
946,493,2025-01-14,90,0.0
947,493,2025-01-19,90,90.0
948,493,2025-01-25,90,90.0
949,493,2025-02-02,90,90.0
950,493,2025-02-15,86,90.0
951,493,2025-02-23,90,86.0
952,493,2025-02-26,90,90.0
953,493,2025-03-08,90,90.0
954,493,2025-03-15,90,90.0
955,493,2025-04-02,90,90.0
956,493,2025-04-06,90,90.0
957,493,2025-04-12,90,90.0
958,493,2025-04-19,90,90.0
959,493,2025-04-22,90,90.0
960,493,2025-05-02,90,90.0
961,493,2025-05-10,90,90.0
962,493,2025-05-20,90,90.0
963,493,2023-08-11,11,90.0
964,493,2024-01-31,90,11.0
965,493,2024-02-05,90,90.0
966,493,2024-02-10,0,90.0
967,493,2024-02-17,0,0.0
968,493,2024-02-20,0,0.0
969,493,2024-02-24,0,0.0
970,493,2024-03-03,0,0.0
971,493,2024-03-10,0,0.0
972,493,2024-03-31,90,0.0
973,493,2024-04-03,90,90.0
974,493,2024-04-06,45,90.0
975,493,2024-04-13,90,45.0
976,493,2024-04-25,90,90.0
977,493,2024-04-28,90,90.0
978,493,2024-05-04,90,90.0
979,493,2024-05-11,90,90.0
980,493,2024-05-14,90,90.0
981,493,2024-05-19,90,90.0
982,123,2025-01-14,0,90.0
983,123,2025-01-18,0,0.0
984,123,2025-01-26,0,0.0
985,123,2025-02-02,75,0.0
986,123,2025-02-15,90,75.0
987,123,2025-02-21,83,90.0
988,123,2025-02-26,80,83.0
989,123,2025-03-08,90,80.0
990,123,2025-03-15,71,90.0
991,123,2025-04-02,7,71.0
992,123,2025-04-06,82,7.0
993,123,2025-04-12,68,82.0
994,123,2025-04-19,24,68.0
995,123,2025-05-01,6,24.0
996,123,2025-05-04,9,6.0
997,123,2025-05-10,0,9.0
998,123,2025-05-18,27,0.0
999,123,2023-08-13,83,27.0
1000,123,2024-02-26,90,83.0
1001,123,2024-03-02,90,90.0
1002,123,2024-03-09,90,90.0
1003,123,2024-03-16,90,90.0
1004,123,2024-03-30,90,90.0
1005,123,2024-04-03,90,90.0
1006,123,2024-04-06,90,90.0
1007,123,2024-04-20,75,90.0
1008,123,2024-04-27,83,75.0
1009,123,2024-05-04,45,83.0
1010,123,2024-05-11,61,45.0
1011,123,2024-05-19,0,61.0
1012,123,2022-08-07,0,0.0
1013,123,2023-02-04,0,0.0
1014,123,2023-02-11,90,0.0
1015,123,2023-02-18,0,90.0
1016,123,2023-03-06,0,0.0
1017,123,2023-03-11,0,0.0
1018,123,2023-03-15,0,0.0
1019,123,2023-03-18,0,0.0
1020,123,2023-04-01,0,0.0
1021,123,2023-04-05,0,0.0
1022,123,2023-04-08,0,0.0
1023,123,2023-04-15,0,0.0
1024,123,2023-04-22,0,0.0
1025,123,2023-04-26,0,0.0
1026,123,2023-04-29,0,0.0
1027,123,2023-05-06,0,0.0
1028,123,2023-05-14,0,0.0
1029,123,2023-05-20,0,0.0
1030,123,2023-05-28,0,0.0
1031,371,2025-01-16,0,0.0
1032,371,2025-01-19,90,0.0
1033,371,2025-01-25,0,90.0
1034,371,2025-02-01,0,0.0
1035,371,2025-02-15,0,0.0
1036,371,2025-02-22,0,0.0
1037,371,2025-02-26,0,0.0
1038,371,2025-03-08,0,0.0
1039,371,2025-03-15,45,0.0
1040,371,2025-04-02,90,45.0
1041,371,2025-04-05,90,90.0
1042,371,2025-04-13,90,90.0
1043,371,2025-04-20,55,90.0
1044,371,2025-04-26,90,55.0
1045,371,2025-05-03,90,90.0
1046,371,2025-05-10,90,90.0
1047,371,2025-05-18,0,90.0
1048,620,2025-01-14,0,0.0
1049,620,2025-01-19,0,0.0
1050,620,2025-01-25,0,0.0
1051,620,2025-02-01,0,0.0
1052,620,2025-02-15,0,0.0
1053,620,2025-02-23,0,0.0
1054,620,2025-02-26,0,0.0
1055,620,2025-03-08,0,0.0
1056,620,2025-03-15,0,0.0
1057,620,2025-04-01,0,0.0
1058,620,2025-04-05,0,0.0
1059,620,2025-04-12,0,0.0
1060,620,2025-04-21,0,0.0
1061,620,2025-05-01,0,0.0
1062,620,2025-05-05,0,0.0
1063,620,2025-05-11,0,0.0
1064,620,2025-05-18,0,0.0
1065,620,2023-08-12,0,0.0
1066,620,2024-01-20,0,0.0
1067,620,2024-01-30,0,0.0
1068,620,2024-02-04,0,0.0
1069,620,2024-02-10,0,0.0
1070,620,2024-02-17,0,0.0
1071,620,2024-02-24,0,0.0
1072,620,2024-03-02,0,0.0
1073,620,2024-03-10,0,0.0
1074,620,2024-03-16,0,0.0
1075,620,2024-03-30,0,0.0
1076,620,2024-04-02,0,0.0
1077,620,2024-04-07,0,0.0
1078,620,2024-04-13,0,0.0
1079,620,2024-04-21,0,0.0
1080,620,2024-04-28,0,0.0
1081,620,2024-05-04,0,0.0
1082,620,2024-05-11,0,0.0
1083,620,2024-05-19,0,0.0
1084,718,2025-05-11,0,0.0
1085,718,2025-05-16,0,0.0
1086,133,2025-01-14,0,0.0
1087,133,2025-01-18,0,0.0
1088,133,2025-01-26,0,0.0
1089,133,2025-02-02,0,0.0
1090,133,2025-02-15,0,0.0
1091,133,2025-02-21,0,0.0
1092,133,2025-02-26,0,0.0
1093,133,2025-03-08,1,0.0
1094,133,2025-03-15,0,1.0
1095,133,2025-04-02,0,0.0
1096,133,2025-04-06,0,0.0
1097,133,2025-04-12,0,0.0
1098,133,2025-04-19,0,0.0
1099,133,2025-05-01,0,0.0
1100,133,2025-05-04,0,0.0
1101,133,2025-05-10,0,0.0
1102,133,2025-05-18,0,0.0
1103,652,2025-01-16,0,0.0
1104,652,2025-01-19,0,0.0
1105,652,2025-01-25,0,0.0
1106,652,2025-02-01,0,0.0
1107,652,2025-02-15,0,0.0
1108,652,2025-02-22,0,0.0
1109,652,2025-02-25,0,0.0
1110,652,2025-03-08,0,0.0
1111,652,2025-03-15,0,0.0
1112,652,2025-04-02,0,0.0
1113,652,2025-04-06,0,0.0
1114,652,2025-04-12,0,0.0
1115,652,2025-04-19,0,0.0
1116,652,2025-04-26,0,0.0
1117,652,2025-05-03,0,0.0
1118,652,2025-05-10,0,0.0
1119,652,2025-05-18,0,0.0
1120,652,2022-09-03,0,0.0
1121,652,2023-03-12,0,0.0
1122,652,2023-03-15,0,0.0
1123,652,2023-03-18,0,0.0
1124,652,2023-04-02,0,0.0
1125,652,2023-04-08,0,0.0
1126,652,2023-04-15,0,0.0
1127,652,2023-04-21,0,0.0
1128,652,2023-04-27,0,0.0
1129,652,2023-04-30,0,0.0
1130,652,2023-05-08,0,0.0
1131,652,2023-05-13,0,0.0
1132,652,2023-05-21,0,0.0
1133,652,2023-05-28,0,0.0
1134,6,2025-01-15,90,0.0
1135,6,2025-01-18,90,90.0
1136,6,2025-01-25,90,90.0
1137,6,2025-02-02,90,90.0
1138,6,2025-02-15,90,90.0
1139,6,2025-02-22,90,90.0
1140,6,2025-02-26,84,90.0
1141,6,2025-03-09,90,84.0
1142,6,2025-03-16,90,90.0
1143,6,2025-04-01,76,90.0
1144,6,2025-04-05,29,76.0
1145,6,2025-04-12,21,29.0
1146,6,2025-04-20,0,21.0
1147,6,2025-04-23,90,0.0
1148,6,2025-05-03,0,90.0
1149,6,2025-05-11,0,0.0
1150,6,2025-05-18,0,0.0
1151,6,2023-08-12,49,0.0
1152,6,2024-01-20,0,49.0
1153,6,2024-01-30,0,0.0
1154,6,2024-02-04,0,0.0
1155,6,2024-02-11,0,0.0
1156,6,2024-02-17,0,0.0
1157,6,2024-02-24,0,0.0
1158,6,2024-03-04,0,0.0
1159,6,2024-03-09,0,0.0
1160,6,2024-03-31,0,0.0
1161,6,2024-04-03,0,0.0
1162,6,2024-04-06,0,0.0
1163,6,2024-04-14,0,0.0
1164,6,2024-04-20,0,0.0
1165,6,2024-04-23,0,0.0
1166,6,2024-04-28,0,0.0
1167,6,2024-05-04,0,0.0
1168,6,2024-05-12,0,0.0
1169,6,2024-05-19,21,0.0
1170,327,2025-01-25,0,21.0
1171,327,2025-02-01,0,0.0
1172,327,2025-02-12,0,0.0
1173,327,2025-02-15,0,0.0
1174,327,2025-02-22,0,0.0
1175,327,2025-02-26,0,0.0
1176,327,2025-03-08,0,0.0
1177,327,2025-03-15,0,0.0
1178,327,2025-04-02,0,0.0
1179,327,2025-04-05,0,0.0
1180,327,2025-04-12,0,0.0
1181,327,2025-04-19,0,0.0
1182,327,2025-04-26,0,0.0
1183,327,2025-05-03,0,0.0
1184,327,2025-05-10,0,0.0
1185,327,2025-05-18,0,0.0
1186,349,2025-01-14,0,0.0
1187,349,2025-01-18,0,0.0
1188,349,2025-01-26,0,0.0
1189,349,2025-02-01,0,0.0
1190,349,2025-02-15,0,0.0
1191,349,2025-02-22,0,0.0
1192,349,2025-02-25,0,0.0
1193,349,2025-03-08,0,0.0
1194,349,2025-03-16,0,0.0
1195,349,2025-04-01,0,0.0
1196,349,2025-04-06,0,0.0
1197,349,2025-04-14,0,0.0
1198,349,2025-04-20,0,0.0
1199,349,2025-04-26,0,0.0
1200,349,2025-05-03,0,0.0
1201,349,2025-05-10,0,0.0
1202,349,2025-05-18,0,0.0
1203,349,2023-08-12,0,0.0
1204,349,2024-02-03,0,0.0
1205,349,2024-02-10,0,0.0
1206,349,2024-02-17,0,0.0
1207,349,2024-02-24,0,0.0
1208,349,2024-03-02,0,0.0
1209,349,2024-03-09,0,0.0
1210,349,2024-03-16,0,0.0
1211,349,2024-03-30,0,0.0
1212,349,2024-04-14,0,0.0
1213,349,2024-04-21,0,0.0
1214,349,2024-04-27,0,0.0
1215,349,2024-05-04,0,0.0
1216,349,2024-05-11,0,0.0
1217,349,2024-05-19,0,0.0
1218,349,2022-08-06,0,0.0
1219,349,2023-01-23,0,0.0
1220,349,2023-02-03,0,0.0
1221,349,2023-02-11,0,0.0
1222,349,2023-02-18,0,0.0
1223,349,2023-02-24,0,0.0
1224,349,2023-03-06,0,0.0
1225,349,2023-03-12,0,0.0
1226,349,2023-04-01,0,0.0
1227,349,2023-04-08,0,0.0
1228,349,2023-04-15,0,0.0
1229,349,2023-04-22,0,0.0
1230,349,2023-04-25,0,0.0
1231,349,2023-04-30,0,0.0
1232,349,2023-05-03,0,0.0
1233,349,2023-05-08,0,0.0
1234,349,2023-05-13,0,0.0
1235,349,2023-05-20,0,0.0
1236,349,2023-05-28,0,0.0
1237,706,2023-08-13,90,0.0
1238,706,2024-04-07,90,90.0
1239,706,2024-04-13,90,90.0
1240,706,2024-04-28,90,90.0
1241,706,2024-05-02,90,90.0
1242,706,2024-05-05,90,90.0
1243,706,2024-05-11,90,90.0
1244,706,2024-05-14,90,90.0
1245,706,2024-05-19,90,90.0
1246,616,2025-01-14,89,90.0
1247,616,2025-01-19,90,89.0
1248,616,2025-01-25,65,90.0
1249,616,2025-02-01,90,65.0
1250,616,2025-02-15,90,90.0
1251,616,2025-02-23,90,90.0
1252,616,2025-02-26,90,90.0
1253,616,2025-03-08,90,90.0
1254,616,2025-03-15,90,90.0
1255,616,2025-04-01,90,90.0
1256,616,2025-04-05,90,90.0
1257,616,2025-04-12,90,90.0
1258,616,2025-04-21,90,90.0
1259,616,2025-05-01,90,90.0
1260,616,2025-05-05,90,90.0
1261,616,2025-05-11,90,90.0
1262,616,2025-05-18,90,90.0
1263,616,2023-08-12,18,90.0
1264,616,2024-02-04,77,18.0
1265,616,2024-02-10,90,77.0
1266,616,2024-02-17,90,90.0
1267,616,2024-02-24,90,90.0
1268,616,2024-03-02,90,90.0
1269,616,2024-03-10,90,90.0
1270,616,2024-03-16,90,90.0
1271,616,2024-03-30,90,90.0
1272,616,2024-04-02,90,90.0
1273,616,2024-04-07,86,90.0
1274,616,2024-04-13,90,86.0
1275,616,2024-04-21,90,90.0
1276,616,2024-04-28,34,90.0
1277,616,2022-08-06,90,34.0
1278,616,2023-02-05,89,90.0
1279,616,2023-02-11,0,89.0
1280,616,2023-02-18,32,0.0
1281,616,2023-02-25,90,32.0
1282,616,2023-03-05,0,90.0
1283,616,2023-03-11,17,0.0
1284,616,2023-03-17,11,17.0
1285,616,2023-04-01,90,11.0
1286,616,2023-04-04,90,90.0
1287,616,2023-04-08,90,90.0
1288,616,2023-04-16,90,90.0
1289,616,2023-04-22,90,90.0
1290,616,2023-04-26,64,90.0
1291,592,2025-02-15,45,64.0
1292,592,2025-02-23,0,45.0
1293,592,2025-02-26,21,0.0
1294,592,2025-03-10,90,21.0
1295,592,2025-04-02,88,90.0
1296,592,2025-04-07,86,88.0
1297,592,2025-04-13,77,86.0
1298,592,2025-04-16,78,77.0
1299,592,2025-04-19,75,78.0
1300,592,2025-04-26,90,75.0
1301,592,2025-05-04,90,90.0
1302,592,2025-05-11,0,90.0
1303,592,2025-05-18,0,0.0
1304,592,2023-08-12,90,0.0
1305,592,2024-02-03,90,90.0
1306,592,2024-02-10,90,90.0
1307,592,2024-02-17,90,90.0
1308,592,2024-02-24,90,90.0
1309,592,2024-03-02,51,90.0
1310,592,2024-05-11,1,51.0
1311,592,2024-05-15,62,1.0
1312,592,2024-05-19,9,62.0
1313,592,2022-08-06,90,9.0
1314,592,2023-02-04,90,90.0
1315,592,2023-02-11,90,90.0
1316,592,2023-02-18,63,90.0
1317,592,2023-03-04,90,63.0
1318,592,2023-03-12,90,90.0
1319,592,2023-03-17,90,90.0
1320,592,2023-04-02,90,90.0
1321,592,2023-04-05,86,90.0
1322,592,2023-04-08,90,86.0
1323,592,2023-04-15,90,90.0
1324,592,2023-04-23,69,90.0
1325,592,2023-04-27,90,69.0
1326,592,2023-04-30,90,90.0
1327,592,2023-05-07,90,90.0
1328,592,2023-05-13,90,90.0
1329,592,2023-05-18,90,90.0
1330,592,2023-05-22,90,90.0
1331,592,2023-05-28,90,90.0
1332,420,2025-01-15,79,90.0
1333,420,2025-01-18,90,79.0
1334,420,2025-01-26,90,90.0
1335,420,2025-02-01,75,90.0
1336,420,2025-02-15,43,75.0
1337,420,2025-02-21,0,43.0
1338,420,2025-02-27,90,0.0
1339,420,2025-03-09,83,90.0
1340,420,2025-03-16,81,83.0
1341,420,2025-04-02,90,81.0
1342,420,2025-04-07,73,90.0
1343,420,2025-04-12,90,73.0
1344,420,2025-04-20,7,90.0
1345,420,2025-04-26,45,7.0
1346,420,2025-05-03,90,45.0
1347,420,2025-05-11,90,90.0
1348,420,2025-05-18,63,90.0
1349,420,2022-08-07,90,63.0
1350,590,2025-02-26,0,90.0
1351,590,2025-03-10,0,0.0
1352,590,2025-04-07,0,0.0
1353,590,2025-04-13,0,0.0
1354,590,2025-04-16,0,0.0
1355,590,2025-04-19,8,0.0
1356,590,2023-08-12,0,8.0
1357,590,2023-04-15,22,0.0
1358,590,2023-04-23,0,22.0
1359,590,2023-04-27,67,0.0
1360,590,2023-04-30,0,67.0
1361,590,2023-05-07,8,0.0
1362,590,2023-05-13,0,8.0
1363,590,2023-05-18,1,0.0
1364,590,2023-05-22,0,1.0
1365,590,2023-05-28,74,0.0
1366,125,2025-01-14,90,74.0
1367,125,2025-01-18,90,90.0
1368,125,2025-01-26,90,90.0
1369,125,2025-02-02,90,90.0
1370,125,2025-02-15,90,90.0
1371,125,2025-02-21,90,90.0
1372,125,2025-02-26,90,90.0
1373,125,2025-03-08,90,90.0
1374,125,2025-03-15,90,90.0
1375,125,2025-04-02,90,90.0
1376,125,2025-04-06,90,90.0
1377,125,2025-04-12,90,90.0
1378,125,2025-04-19,90,90.0
1379,125,2025-05-01,90,90.0
1380,125,2025-05-04,90,90.0
1381,125,2025-05-10,90,90.0
1382,125,2025-05-18,90,90.0
1383,125,2023-08-13,90,90.0
1384,125,2024-02-20,0,90.0
1385,125,2024-02-26,29,0.0
1386,125,2024-03-02,90,29.0
1387,125,2024-03-09,90,90.0
1388,125,2024-03-16,90,90.0
1389,125,2024-03-30,90,90.0
1390,125,2024-04-03,90,90.0
1391,125,2024-04-06,90,90.0
1392,125,2024-04-13,90,90.0
1393,125,2024-04-20,90,90.0
1394,125,2024-04-27,90,90.0
1395,125,2024-05-04,90,90.0
1396,125,2024-05-11,90,90.0
1397,125,2022-08-06,90,90.0
1398,125,2023-02-24,0,90.0
1399,125,2023-03-01,0,0.0
1400,125,2023-03-04,45,0.0
1401,125,2023-03-12,15,45.0
1402,125,2023-03-18,45,15.0
1403,125,2023-04-01,0,45.0
1404,125,2023-04-08,1,0.0
1405,125,2023-04-15,0,1.0
1406,125,2023-04-22,0,0.0
1407,125,2023-04-25,1,0.0
1408,125,2023-04-29,45,1.0
1409,125,2023-05-06,7,45.0
1410,125,2023-05-13,0,7.0
1411,125,2023-05-20,90,0.0
1412,125,2023-05-28,90,90.0
1413,696,2025-01-15,90,90.0
1414,696,2025-01-19,90,90.0
1415,696,2025-01-26,90,90.0
1416,696,2025-02-02,90,90.0
1417,696,2025-02-16,90,90.0
1418,696,2025-02-22,25,90.0
1419,696,2025-02-26,90,25.0
1420,696,2025-03-09,86,90.0
1421,696,2025-03-16,0,86.0
1422,696,2025-04-03,2,0.0
1423,696,2025-04-06,90,2.0
1424,696,2025-04-13,0,90.0
1425,696,2025-04-21,90,0.0
1426,696,2025-04-27,0,90.0
1427,696,2025-05-04,0,0.0
1428,696,2025-05-11,57,0.0
1429,696,2025-05-16,0,57.0
1430,696,2023-08-13,0,0.0
1431,696,2024-01-14,90,0.0
1432,696,2024-01-31,90,90.0
1433,696,2024-02-03,90,90.0
1434,696,2024-02-10,90,90.0
1435,696,2024-03-10,90,90.0
1436,696,2024-03-16,90,90.0
1437,696,2024-03-30,90,90.0
1438,696,2024-04-02,90,90.0
1439,696,2024-04-07,90,90.0
1440,696,2024-04-13,48,90.0
1441,696,2024-04-28,90,48.0
1442,696,2024-05-02,90,90.0
1443,696,2024-05-05,90,90.0
1444,696,2024-05-11,90,90.0
1445,696,2024-05-14,90,90.0
1446,696,2024-05-19,75,90.0
1447,696,2023-02-05,0,75.0
1448,727,2025-01-14,90,0.0
1449,727,2025-01-18,90,90.0
1450,727,2025-01-26,90,90.0
1451,727,2025-02-03,90,90.0
1452,727,2025-02-15,90,90.0
1453,727,2025-02-22,90,90.0
1454,727,2025-02-27,90,90.0
1455,727,2025-03-10,90,90.0
1456,727,2025-03-15,90,90.0
1457,727,2025-04-01,90,90.0
1458,727,2025-04-05,90,90.0
1459,727,2025-04-13,90,90.0
1460,727,2025-04-19,0,90.0
1461,727,2025-04-26,90,0.0
1462,727,2025-05-04,90,90.0
1463,727,2025-05-11,90,90.0
1464,727,2025-05-18,90,90.0
1465,727,2023-08-14,90,90.0
1466,727,2024-04-27,90,90.0
1467,727,2024-05-06,90,90.0
1468,727,2024-05-12,86,90.0
1469,727,2024-05-15,90,86.0
1470,727,2024-05-19,90,90.0
1471,727,2022-08-07,0,90.0
1472,727,2023-03-12,90,0.0
1473,727,2023-04-02,0,90.0
1474,727,2023-04-05,0,0.0
1475,727,2023-04-08,90,0.0
1476,727,2023-04-16,90,90.0
1477,727,2023-04-27,70,90.0
1478,727,2023-04-30,0,70.0
1479,727,2023-05-04,90,0.0
1480,727,2023-05-07,86,90.0
1481,727,2023-05-13,90,86.0
1482,727,2023-05-20,90,90.0
1483,727,2023-05-25,90,90.0
1484,727,2023-05-28,0,90.0
1485,166,2025-01-16,0,0.0
1486,166,2025-01-19,0,0.0
1487,166,2025-01-25,0,0.0
1488,166,2025-02-01,0,0.0
1489,166,2025-02-14,0,0.0
1490,166,2025-02-22,0,0.0
1491,166,2025-02-25,0,0.0
1492,166,2025-03-08,0,0.0
1493,166,2025-03-15,0,0.0
1494,166,2025-04-02,0,0.0
1495,166,2025-04-05,0,0.0
1496,166,2025-04-12,0,0.0
1497,166,2025-04-19,0,0.0
1498,166,2025-04-26,0,0.0
1499,166,2025-05-04,0,0.0
1500,166,2025-05-10,0,0.0
1501,166,2025-05-19,0,0.0
1502,166,2024-02-18,0,0.0
1503,860,2024-04-03,0,0.0
1504,860,2024-04-06,0,0.0
1505,860,2024-04-13,0,0.0
1506,860,2024-04-20,0,0.0
1507,860,2024-04-27,0,0.0
1508,860,2024-05-04,0,0.0
1509,860,2024-05-11,0,0.0
1510,860,2024-05-19,0,0.0
1511,1045,2024-01-14,0,0.0
1512,1045,2024-02-01,0,0.0
1513,1045,2024-02-04,0,0.0
1514,1045,2024-02-11,0,0.0
1515,1045,2024-02-18,0,0.0
1516,1045,2024-02-24,0,0.0
1517,1045,2024-03-03,0,0.0
1518,1045,2024-03-09,0,0.0
1519,1045,2024-03-30,0,0.0
1520,1045,2024-04-04,0,0.0
1521,1045,2024-04-07,0,0.0
1522,1045,2024-04-13,0,0.0
1523,1045,2024-04-24,0,0.0
1524,1045,2024-04-27,0,0.0
1525,1045,2024-05-06,0,0.0
1526,1045,2024-05-12,0,0.0
1527,1045,2024-05-15,0,0.0
1528,1045,2024-05-19,0,0.0
1529,1045,2022-12-27,0,0.0
1530,1045,2023-05-13,0,0.0
1531,1045,2023-05-20,0,0.0
1532,1045,2023-05-25,0,0.0
1533,1045,2023-05-28,0,0.0
1534,1090,2024-01-20,0,0.0
1535,1090,2024-01-30,0,0.0
1536,1090,2024-02-04,0,0.0
1537,1090,2024-02-10,0,0.0
1538,1090,2024-02-17,0,0.0
1539,1090,2024-02-24,0,0.0
1540,1090,2024-03-02,0,0.0
1541,1090,2024-03-10,0,0.0
1542,1090,2024-03-16,0,0.0
1543,1090,2024-04-02,0,0.0
1544,1090,2024-04-07,0,0.0
1545,1090,2024-04-13,0,0.0
1546,1090,2024-04-21,0,0.0
1547,1090,2024-04-28,0,0.0
1548,1090,2024-05-04,0,0.0
1549,1090,2024-05-11,0,0.0
1550,1090,2024-05-19,0,0.0
1551,1090,2022-08-06,90,0.0
1552,1090,2023-02-05,90,90.0
1553,1090,2023-02-11,6,90.0
1554,1090,2023-04-08,0,6.0
1555,1090,2023-04-16,80,0.0
1556,1090,2023-04-22,29,80.0
1557,887,2024-01-12,0,29.0
1558,887,2024-01-31,0,0.0
1559,887,2024-02-03,0,0.0
1560,887,2024-02-10,0,0.0
1561,887,2024-02-17,0,0.0
1562,887,2024-02-24,0,0.0
1563,887,2024-03-03,0,0.0
1564,887,2024-03-10,0,0.0
1565,887,2024-03-16,0,0.0
1566,887,2024-03-30,0,0.0
1567,887,2024-04-02,0,0.0
1568,887,2024-04-06,0,0.0
1569,887,2024-04-13,0,0.0
1570,887,2024-04-20,0,0.0
1571,887,2024-04-27,0,0.0
1572,887,2024-05-04,0,0.0
1573,887,2024-05-11,0,0.0
1574,887,2024-05-19,0,0.0
1575,1098,2024-01-20,0,0.0
1576,1098,2024-01-30,0,0.0
1577,1098,2024-02-04,0,0.0
1578,1098,2024-02-10,0,0.0
1579,1098,2024-02-17,0,0.0
1580,1098,2024-02-24,0,0.0
1581,1098,2024-03-02,0,0.0
1582,1098,2024-03-10,0,0.0
1583,1098,2024-03-16,0,0.0
1584,1098,2024-03-30,0,0.0
1585,1098,2024-04-02,0,0.0
1586,1098,2024-04-07,0,0.0
1587,1098,2024-04-13,0,0.0
1588,1098,2024-04-21,0,0.0
1589,1098,2024-04-28,0,0.0
1590,1098,2024-05-04,0,0.0
1591,1098,2024-05-11,0,0.0
1592,1098,2024-05-19,0,0.0
1593,1099,2024-02-04,12,0.0
1594,1099,2024-02-10,0,12.0
1595,1099,2024-02-17,0,0.0
1596,1099,2024-02-24,0,0.0
1597,1099,2024-03-02,0,0.0
1598,1099,2024-03-10,0,0.0
1599,1099,2024-03-16,0,0.0
1600,1099,2024-03-30,0,0.0
1601,1099,2024-04-02,0,0.0
1602,1099,2024-04-07,3,0.0
1603,1099,2024-04-13,0,3.0
1604,1099,2024-04-21,0,0.0
1605,1099,2024-04-28,55,0.0
1606,1099,2024-05-04,82,55.0
1607,1099,2024-05-11,71,82.0
1608,1099,2024-05-19,90,71.0
1609,1119,2024-01-21,10,90.0
1610,1119,2024-01-30,45,10.0
1611,1119,2024-02-03,49,45.0
1612,1119,2024-02-10,4,49.0
1613,1119,2024-02-18,0,4.0
1614,1119,2024-02-25,0,0.0
1615,1119,2024-03-04,0,0.0
1616,1119,2024-03-09,0,0.0
1617,1119,2024-03-30,0,0.0
1618,1119,2024-04-04,0,0.0
1619,1119,2024-04-07,0,0.0
1620,1119,2024-04-13,0,0.0
1621,1119,2024-04-20,0,0.0
1622,1119,2024-04-24,0,0.0
1623,1119,2024-04-27,0,0.0
1624,1119,2024-05-04,0,0.0
1625,1119,2024-05-11,0,0.0
1626,1119,2024-05-19,0,0.0
1627,915,2024-01-13,0,0.0
1628,915,2024-01-31,0,0.0
1629,915,2024-02-04,0,0.0
1630,915,2024-02-12,0,0.0
1631,915,2024-02-17,0,0.0
1632,915,2024-03-02,0,0.0
1633,915,2024-03-11,0,0.0
1634,915,2024-03-30,0,0.0
1635,915,2024-04-04,0,0.0
1636,915,2024-04-07,0,0.0
1637,915,2024-04-15,0,0.0
1638,915,2024-04-23,0,0.0
1639,915,2024-04-27,0,0.0
1640,915,2024-05-02,0,0.0
1641,915,2024-05-05,0,0.0
1642,915,2024-05-11,0,0.0
1643,915,2024-05-15,0,0.0
1644,915,2024-05-19,0,0.0
1645,915,2022-08-06,0,0.0
1646,915,2023-02-03,0,0.0
1647,915,2023-02-11,0,0.0
1648,915,2023-02-18,0,0.0
1649,915,2023-02-26,0,0.0
1650,915,2023-03-04,0,0.0
1651,915,2023-03-11,0,0.0
1652,915,2023-03-18,0,0.0
1653,915,2023-04-01,0,0.0
1654,915,2023-04-04,0,0.0
1655,915,2023-04-08,0,0.0
1656,915,2023-04-15,0,0.0
1657,915,2023-04-26,0,0.0
1658,915,2023-05-02,0,0.0
1659,915,2023-05-06,0,0.0
1660,915,2023-05-13,0,0.0
1661,915,2023-05-21,0,0.0
1662,915,2023-05-25,0,0.0
1663,915,2023-05-28,0,0.0
1664,1044,2024-01-14,0,0.0
1665,1044,2024-02-01,0,0.0
1666,1044,2024-02-04,0,0.0
1667,1044,2024-02-11,0,0.0
1668,1044,2024-02-18,0,0.0
1669,1044,2024-02-24,0,0.0
1670,1044,2024-03-03,0,0.0
1671,1044,2024-03-09,0,0.0
1672,1044,2024-03-30,0,0.0
1673,1044,2024-04-04,0,0.0
1674,1044,2024-04-07,0,0.0
1675,1044,2024-04-13,0,0.0
1676,1044,2024-04-24,0,0.0
1677,1044,2024-04-27,0,0.0
1678,1044,2024-05-06,0,0.0
1679,1044,2024-05-12,0,0.0
1680,1044,2024-05-15,0,0.0
1681,1044,2024-05-19,0,0.0
1682,1044,2022-08-07,0,0.0
1683,1044,2023-02-04,0,0.0
1684,1044,2023-02-08,0,0.0
1685,1044,2023-02-12,0,0.0
1686,1044,2023-02-19,0,0.0
1687,1044,2023-03-05,0,0.0
1688,1044,2023-03-12,0,0.0
1689,1044,2023-04-02,0,0.0
1690,1044,2023-04-05,0,0.0
1691,1044,2023-04-08,0,0.0
1692,1044,2023-04-16,0,0.0
1693,1044,2023-04-27,0,0.0
1694,1044,2023-04-30,0,0.0
1695,1044,2023-05-04,0,0.0
1696,1044,2023-05-07,0,0.0
1697,1044,2023-05-13,0,0.0
1698,1044,2023-05-20,0,0.0
1699,1044,2023-05-25,0,0.0
1700,1044,2023-05-28,0,0.0
1701,828,2024-02-11,90,0.0
1702,828,2024-02-17,90,90.0
1703,828,2024-02-24,90,90.0
1704,828,2024-03-02,90,90.0
1705,828,2024-03-10,57,90.0
1706,828,2024-03-17,45,57.0
1707,828,2024-03-30,0,45.0
1708,828,2024-04-03,90,0.0
1709,828,2024-04-06,0,90.0
1710,828,2024-04-14,0,0.0
1711,828,2024-04-21,0,0.0
1712,828,2024-04-27,0,0.0
1713,828,2024-05-05,0,0.0
1714,828,2024-05-13,0,0.0
1715,828,2024-05-19,90,0.0
1716,828,2022-08-06,4,90.0
1717,828,2023-02-05,0,4.0
1718,828,2023-02-11,0,0.0
1719,828,2023-02-19,77,0.0
1720,828,2023-02-26,90,77.0
1721,828,2023-03-04,90,90.0
1722,828,2023-03-11,90,90.0
1723,828,2023-03-18,90,90.0
1724,828,2023-04-03,76,90.0
1725,828,2023-04-08,90,76.0
1726,828,2023-04-15,34,90.0
1727,828,2023-04-23,0,34.0
1728,828,2023-04-27,90,0.0
1729,828,2023-04-30,0,90.0
1730,828,2023-05-06,87,0.0
1731,828,2023-05-13,90,87.0
1732,828,2023-05-20,90,90.0
1733,828,2023-05-28,90,90.0
1734,1166,2024-01-22,0,90.0
1735,1166,2024-02-01,0,0.0
1736,1166,2024-02-04,0,0.0
1737,1166,2024-02-10,0,0.0
1738,1166,2024-02-17,0,0.0
1739,1166,2024-02-25,0,0.0
1740,1166,2024-03-02,0,0.0
1741,1166,2024-03-09,0,0.0
1742,1166,2024-03-30,0,0.0
1743,1166,2024-04-02,0,0.0
1744,1166,2024-04-06,0,0.0
1745,1166,2024-04-13,0,0.0
1746,1166,2024-04-20,0,0.0
1747,1166,2024-04-24,0,0.0
1748,1166,2024-04-27,0,0.0
1749,1166,2024-05-04,0,0.0
1750,1166,2024-05-11,0,0.0
1751,1166,2024-05-19,0,0.0
1752,1081,2024-01-20,0,0.0
1753,1081,2024-01-30,0,0.0
1754,1081,2024-02-04,0,0.0
1755,1081,2024-02-10,0,0.0
1756,1081,2024-02-17,0,0.0
1757,1081,2024-02-24,0,0.0
1758,1081,2024-03-02,0,0.0
1759,1081,2024-03-10,0,0.0
1760,1081,2024-03-16,0,0.0
1761,1081,2024-03-30,0,0.0
1762,1081,2024-04-02,0,0.0
1763,1081,2024-04-07,0,0.0
1764,1081,2024-04-13,0,0.0
1765,1081,2024-04-21,0,0.0
1766,1081,2024-04-28,0,0.0
1767,1081,2024-05-04,0,0.0
1768,1081,2024-05-11,0,0.0
1769,1081,2024-05-19,0,0.0
1770,1081,2022-08-06,0,0.0
1771,1162,2024-01-21,0,0.0
1772,1162,2024-02-01,0,0.0
1773,1162,2024-02-04,0,0.0
1774,1162,2024-02-11,0,0.0
1775,1162,2024-02-17,0,0.0
1776,1162,2024-02-26,0,0.0
1777,1162,2024-03-02,1,0.0
1778,1162,2024-03-10,0,1.0
1779,1162,2024-03-17,0,0.0
1780,1162,2024-03-30,0,0.0
1781,1162,2024-04-02,0,0.0
1782,1162,2024-04-06,0,0.0
1783,1162,2024-04-14,0,0.0
1784,1162,2024-04-21,45,0.0
1785,1162,2024-04-27,90,45.0
1786,1162,2024-05-05,90,90.0
1787,1162,2024-05-11,90,90.0
1788,1162,2024-05-19,0,90.0
1789,1162,2022-08-07,0,0.0
1790,1162,2023-02-04,90,0.0
1791,1162,2023-02-11,90,90.0
1792,1162,2023-02-19,80,90.0
1793,1162,2023-02-25,90,80.0
1794,1162,2023-03-04,68,90.0
1795,1162,2023-03-12,0,68.0
1796,1162,2023-04-02,0,0.0
1797,1162,2023-04-05,0,0.0
1798,1162,2023-04-08,90,0.0
1799,1162,2023-04-16,0,90.0
1800,1162,2023-04-23,0,0.0
1801,1162,2023-04-26,0,0.0
1802,1162,2023-04-29,71,0.0
1803,1162,2023-05-03,90,71.0
1804,1162,2023-05-07,90,90.0
1805,1162,2023-05-14,90,90.0
1806,1162,2023-05-21,90,90.0
1807,1162,2023-05-28,0,90.0
1808,924,2024-01-31,0,0.0
1809,924,2024-02-04,0,0.0
1810,924,2024-02-12,0,0.0
1811,924,2024-03-02,0,0.0
1812,924,2024-03-11,0,0.0
1813,924,2024-03-30,0,0.0
1814,924,2024-04-04,0,0.0
1815,924,2024-04-07,0,0.0
1816,924,2024-04-15,0,0.0
1817,924,2024-04-23,0,0.0
1818,924,2024-04-27,0,0.0
1819,924,2024-05-02,0,0.0
1820,924,2024-05-05,0,0.0
1821,924,2024-05-11,0,0.0
1822,924,2024-05-15,0,0.0
1823,924,2024-05-19,0,0.0
1824,924,2022-12-27,0,0.0
1825,924,2023-05-13,0,0.0
1826,924,2023-05-21,0,0.0
1827,924,2023-05-25,0,0.0
1828,924,2023-05-28,0,0.0
1829,1159,2024-01-21,0,0.0
1830,1159,2024-02-01,0,0.0
1831,1159,2024-02-04,0,0.0
1832,1159,2024-02-11,0,0.0
1833,1159,2024-02-17,0,0.0
1834,1159,2024-02-26,0,0.0
1835,1159,2024-03-02,0,0.0
1836,1159,2024-03-10,0,0.0
1837,1159,2024-03-17,0,0.0
1838,1159,2024-03-30,0,0.0
1839,1159,2024-04-02,0,0.0
1840,1159,2024-04-06,0,0.0
1841,1159,2024-04-14,0,0.0
1842,1159,2024-04-21,0,0.0
1843,1159,2024-04-27,0,0.0
1844,1159,2024-05-05,0,0.0
1845,1159,2024-05-11,0,0.0
1846,1159,2024-05-19,0,0.0
1847,1159,2022-08-21,90,0.0
1848,1159,2023-02-19,90,90.0
1849,1159,2023-02-25,0,90.0
1850,1159,2023-03-04,0,0.0
1851,1159,2023-03-12,90,0.0
1852,1159,2023-04-02,90,90.0
1853,1159,2023-04-05,62,90.0
1854,1159,2023-04-08,0,62.0
1855,1159,2023-04-16,90,0.0
1856,1159,2023-04-23,7,90.0
1857,1159,2023-04-26,0,7.0
1858,1159,2023-04-29,0,0.0
1859,1159,2023-05-03,90,0.0
1860,1159,2023-05-07,90,90.0
1861,1159,2023-05-14,0,90.0
1862,1159,2023-05-21,45,0.0
1863,1159,2023-05-28,90,45.0
1864,1006,2024-05-11,90,90.0
1865,1006,2024-05-19,90,90.0
1866,814,2024-04-14,0,90.0
1867,814,2024-04-20,0,0.0
1868,814,2024-04-23,0,0.0
1869,814,2024-04-28,0,0.0
1870,814,2024-05-04,0,0.0
1871,814,2024-05-12,0,0.0
1872,814,2024-05-19,0,0.0
1873,814,2023-03-19,0,0.0
1874,871,2024-04-25,0,0.0
1875,871,2024-04-28,0,0.0
1876,871,2024-05-05,0,0.0
1877,871,2024-05-11,0,0.0
1878,871,2024-05-15,0,0.0
1879,871,2024-05-19,0,0.0
1880,979,2023-03-01,0,0.0
1881,979,2023-03-05,0,0.0
1882,979,2023-03-11,0,0.0
1883,979,2023-04-01,0,0.0
1884,979,2023-04-04,90,0.0
1885,979,2023-04-09,0,90.0
1886,979,2023-04-17,0,0.0
1887,979,2023-04-22,0,0.0
1888,979,2023-04-26,90,0.0
1889,979,2023-04-30,0,90.0
1890,979,2023-05-03,0,0.0
1891,979,2023-05-06,0,0.0
1892,979,2023-05-15,0,0.0
1893,979,2023-05-20,0,0.0
1894,979,2023-05-28,90,0.0
1895,1083,2024-01-20,0,90.0
1896,1083,2024-01-30,0,0.0
1897,1083,2024-02-04,0,0.0
1898,1083,2024-02-10,0,0.0
1899,1083,2024-02-17,0,0.0
1900,1083,2024-02-24,0,0.0
1901,1083,2024-03-02,0,0.0
1902,1083,2024-03-10,0,0.0
1903,1083,2024-03-16,0,0.0
1904,1083,2024-03-30,0,0.0
1905,1083,2024-04-02,0,0.0
1906,1083,2024-04-07,0,0.0
1907,1083,2024-04-13,0,0.0
1908,1083,2024-04-21,0,0.0
1909,1083,2024-04-28,0,0.0
1910,1083,2024-05-04,0,0.0
1911,1083,2024-05-11,0,0.0
1912,1083,2024-05-19,0,0.0
1913,1083,2022-08-06,0,0.0
1914,1083,2023-02-05,0,0.0
1915,1083,2023-02-11,0,0.0
1916,1083,2023-02-18,0,0.0
1917,1083,2023-02-25,0,0.0
1918,1083,2023-03-05,0,0.0
1919,1083,2023-03-11,0,0.0
1920,1083,2023-03-17,0,0.0
1921,1083,2023-04-01,0,0.0
1922,1083,2023-04-04,0,0.0
1923,1083,2023-04-08,0,0.0
1924,1083,2023-04-16,0,0.0
1925,1083,2023-04-22,0,0.0
1926,1083,2023-04-26,0,0.0
1927,1083,2023-04-29,0,0.0
1928,1083,2023-05-08,0,0.0
1929,1083,2023-05-13,0,0.0
1930,1083,2023-05-20,0,0.0
1931,1083,2023-05-28,0,0.0
1932,849,2024-01-31,0,0.0
1933,849,2024-02-05,0,0.0
1934,849,2024-02-10,0,0.0
1935,849,2024-02-17,0,0.0
1936,849,2024-02-20,0,0.0
1937,849,2024-02-26,0,0.0
1938,849,2024-03-02,0,0.0
1939,849,2024-03-09,0,0.0
1940,849,2024-03-16,0,0.0
1941,849,2024-03-30,0,0.0
1942,849,2024-04-03,0,0.0
1943,849,2024-04-06,0,0.0
1944,849,2024-04-13,0,0.0
1945,849,2024-04-20,0,0.0
1946,849,2024-04-27,0,0.0
1947,849,2024-05-04,0,0.0
1948,849,2024-05-11,0,0.0
1949,849,2024-05-19,0,0.0
1950,849,2022-08-07,6,0.0
1951,849,2023-02-04,0,6.0
1952,849,2023-02-11,0,0.0
1953,849,2023-02-18,0,0.0
1954,849,2023-03-06,0,0.0
1955,849,2023-03-11,0,0.0
1956,849,2023-03-15,0,0.0
1957,849,2023-03-18,0,0.0
1958,849,2023-04-01,0,0.0
1959,849,2023-04-05,0,0.0
1960,849,2023-04-08,0,0.0
1961,849,2023-04-15,0,0.0
1962,849,2023-04-22,0,0.0
1963,849,2023-04-26,0,0.0
1964,849,2023-04-29,0,0.0
1965,849,2023-05-06,0,0.0
1966,849,2023-05-14,0,0.0
1967,849,2023-05-20,0,0.0
1968,849,2023-05-28,0,0.0
1969,1111,2024-01-30,90,0.0
1970,1111,2024-02-03,90,90.0
1971,1111,2024-02-10,90,90.0
1972,1111,2024-02-18,90,90.0
1973,1111,2024-02-25,90,90.0
1974,1111,2024-03-04,90,90.0
1975,1111,2024-03-09,68,90.0
1976,1111,2024-03-30,90,68.0
1977,1111,2024-04-04,90,90.0
1978,1111,2024-04-07,90,90.0
1979,1111,2024-04-13,75,90.0
1980,1111,2024-04-20,90,75.0
1981,1111,2024-04-24,77,90.0
1982,1111,2024-04-27,90,77.0
1983,1111,2024-05-04,90,90.0
1984,1111,2024-05-11,90,90.0
1985,1111,2024-05-19,90,90.0
1986,881,2024-02-17,0,90.0
1987,881,2024-02-24,0,0.0
1988,881,2024-03-03,0,0.0
1989,881,2024-03-10,0,0.0
1990,881,2024-03-16,0,0.0
1991,881,2024-03-30,0,0.0
1992,881,2024-04-02,0,0.0
1993,881,2024-04-06,0,0.0
1994,881,2024-04-13,0,0.0
1995,881,2024-04-20,0,0.0
1996,881,2024-04-27,0,0.0
1997,881,2024-05-04,0,0.0
1998,881,2024-05-11,0,0.0
1999,881,2024-05-19,0,0.0
2000,1278,2023-02-08,90,0.0
2001,1278,2023-02-12,90,90.0
2002,1278,2023-02-18,90,90.0
2003,1278,2023-02-25,90,90.0
2004,1278,2023-03-04,90,90.0
2005,1278,2023-03-11,90,90.0
2006,1278,2023-03-18,90,90.0
2007,1278,2023-04-01,73,90.0
2008,1278,2023-04-04,90,73.0
2009,1278,2023-04-09,90,90.0
2010,1278,2023-04-17,90,90.0
2011,1278,2023-04-22,90,90.0
2012,1278,2023-04-25,90,90.0
2013,1278,2023-04-30,90,90.0
2014,1278,2023-05-06,0,90.0
2015,1278,2023-05-13,90,0.0
2016,1278,2023-05-21,90,90.0
2017,1278,2023-05-28,90,90.0
2018,334,2023-03-01,0,90.0
2019,334,2023-03-05,0,0.0
2020,334,2023-03-11,0,0.0
2021,334,2023-03-18,0,0.0
2022,334,2023-04-03,0,0.0
2023,334,2023-04-08,0,0.0
2024,334,2023-04-15,0,0.0
2025,334,2023-04-22,0,0.0
2026,334,2023-04-27,0,0.0
2027,334,2023-05-01,0,0.0
2028,334,2023-05-08,0,0.0
2029,334,2023-05-14,0,0.0
2030,334,2023-05-20,0,0.0
2031,334,2023-05-28,0,0.0
2032,1229,2023-04-01,0,0.0
2033,1229,2023-04-09,0,0.0
2034,1229,2023-04-15,0,0.0
2035,1229,2023-04-22,0,0.0
2036,1229,2023-04-25,0,0.0
2037,1229,2023-04-29,0,0.0
2038,1229,2023-05-06,0,0.0
2039,1229,2023-05-13,0,0.0
2040,1229,2023-05-20,0,0.0
2041,1229,2023-05-28,0,0.0
2042,1274,2023-02-08,0,0.0
2043,1274,2023-02-12,0,0.0
2044,1274,2023-02-18,0,0.0
2045,1274,2023-02-25,0,0.0
2046,1274,2023-03-04,0,0.0
2047,1274,2023-03-11,0,0.0
2048,1274,2023-03-18,0,0.0
2049,1274,2023-04-01,0,0.0
2050,1274,2023-04-04,0,0.0
2051,1274,2023-04-09,0,0.0
2052,1274,2023-04-17,0,0.0
2053,1274,2023-04-22,0,0.0
2054,1274,2023-04-25,0,0.0
2055,1274,2023-04-30,0,0.0
2056,1274,2023-05-06,0,0.0
2057,1274,2023-05-13,0,0.0
2058,1274,2023-05-21,0,0.0
2059,1274,2023-05-28,0,0.0
2060,1180,2023-02-11,0,0.0
2061,1180,2023-02-15,0,0.0
2062,1180,2023-02-18,0,0.0
2063,1180,2023-02-25,0,0.0
2064,1180,2023-03-01,0,0.0
2065,1180,2023-03-04,0,0.0
2066,1180,2023-03-12,0,0.0
2067,1180,2023-03-19,0,0.0
2068,1180,2023-04-01,0,0.0
2069,1180,2023-04-09,0,0.0
2070,1180,2023-04-16,0,0.0
2071,1180,2023-04-21,0,0.0
2072,1180,2023-04-26,0,0.0
2073,1180,2023-05-02,0,0.0
2074,1180,2023-05-07,0,0.0
2075,1180,2023-05-14,0,0.0
2076,1180,2023-05-20,0,0.0
2077,1180,2023-05-28,0,0.0
2078,1382,2023-05-06,0,0.0
2079,1382,2023-05-13,0,0.0
2080,1382,2023-05-20,0,0.0
2081,1382,2023-05-28,0,0.0
2082,1346,2023-02-04,0,0.0
2083,1346,2023-02-11,0,0.0
2084,1346,2023-02-18,0,0.0
2085,1346,2023-02-25,0,0.0
2086,1346,2023-03-04,0,0.0
2087,1346,2023-03-12,0,0.0
2088,1346,2023-03-15,0,0.0
2089,1346,2023-03-18,0,0.0
2090,1346,2023-04-02,0,0.0
2091,1346,2023-04-08,0,0.0
2092,1346,2023-04-15,0,0.0
2093,1346,2023-04-21,0,0.0
2094,1346,2023-04-27,0,0.0
2095,1346,2023-04-30,0,0.0
2096,1346,2023-05-08,0,0.0
2097,1346,2023-05-13,0,0.0
2098,1346,2023-05-21,0,0.0
2099,1346,2023-05-28,0,0.0
2100,1370,2023-02-04,90,0.0
2101,1370,2023-02-11,90,90.0
2102,1370,2023-02-19,90,90.0
2103,1370,2023-02-25,45,90.0
2104,1370,2023-03-04,0,45.0
2105,1370,2023-03-12,0,0.0
2106,1370,2023-04-02,0,0.0
2107,1370,2023-04-05,27,0.0
2108,1370,2023-04-08,90,27.0
2109,1370,2023-04-16,90,90.0
2110,1370,2023-04-23,82,90.0
2111,1370,2023-04-26,90,82.0
2112,1370,2023-04-29,90,90.0
2113,1370,2023-05-03,61,90.0
2114,1370,2023-05-21,90,61.0
2115,1370,2023-05-28,90,90.0
2116,1236,2023-02-04,0,90.0
2117,1236,2023-02-13,0,0.0
2118,1236,2023-02-18,0,0.0
2119,1236,2023-02-25,0,0.0
2120,1236,2023-03-01,0,0.0
2121,1236,2023-03-05,0,0.0
2122,1236,2023-03-11,0,0.0
2123,1236,2023-03-18,0,0.0
2124,1236,2023-04-03,0,0.0
2125,1236,2023-04-08,0,0.0
2126,1236,2023-04-15,0,0.0
2127,1236,2023-04-22,0,0.0
2128,1236,2023-04-27,0,0.0
2129,1236,2023-05-01,0,0.0
2130,1236,2023-05-08,0,0.0
2131,1236,2023-05-14,0,0.0
2132,1236,2023-05-20,0,0.0
2133,1236,2023-05-28,0,0.0
